/*--------------------------------*- C++ -*----------------------------------*\
| =========                 |                                                 |
| \\      /  F ield         | OpenFOAM: The Open Source CFD Toolbox           |
|  \\    /   O peration     | Version:  2312                                  |
|   \\  /    A nd           | Website:  www.openfoam.com                      |
|    \\/     M anipulation  |                                                 |
\*---------------------------------------------------------------------------*/
FoamFile
{
    version     2.0;
    format      ascii;
    arch        "LSB;label=32;scalar=64";
    class       vectorField;
    location    "constant/polyMesh";
    object      points;
}
// * * * * * * * * * * * * * * * * * * * * * * * * * * * * * * * * * * * * * //


6642
(
(0 -0.01 -0.01)
(0.00025 -0.01 -0.01)
(0.0005 -0.01 -0.01)
(0.00075 -0.01 -0.01)
(0.001 -0.01 -0.01)
(0.00125 -0.01 -0.01)
(0.0015 -0.01 -0.01)
(0.00175 -0.01 -0.01)
(0.002 -0.01 -0.01)
(0.00225 -0.01 -0.01)
(0.0025 -0.01 -0.01)
(0.00275 -0.01 -0.01)
(0.003 -0.01 -0.01)
(0.00325 -0.01 -0.01)
(0.0035 -0.01 -0.01)
(0.00375 -0.01 -0.01)
(0.004 -0.01 -0.01)
(0.00425 -0.01 -0.01)
(0.0045 -0.01 -0.01)
(0.00475 -0.01 -0.01)
(0.005 -0.01 -0.01)
(0.00525 -0.01 -0.01)
(0.0055 -0.01 -0.01)
(0.00575 -0.01 -0.01)
(0.006 -0.01 -0.01)
(0.00625 -0.01 -0.01)
(0.0065 -0.01 -0.01)
(0.00675 -0.01 -0.01)
(0.007 -0.01 -0.01)
(0.00725 -0.01 -0.01)
(0.0075 -0.01 -0.01)
(0.00775 -0.01 -0.01)
(0.008 -0.01 -0.01)
(0.00825 -0.01 -0.01)
(0.0085 -0.01 -0.01)
(0.00875 -0.01 -0.01)
(0.009 -0.01 -0.01)
(0.00925 -0.01 -0.01)
(0.0095 -0.01 -0.01)
(0.00975 -0.01 -0.01)
(0.01 -0.01 -0.01)
(0.01025 -0.01 -0.01)
(0.0105 -0.01 -0.01)
(0.01075 -0.01 -0.01)
(0.011 -0.01 -0.01)
(0.01125 -0.01 -0.01)
(0.0115 -0.01 -0.01)
(0.01175 -0.01 -0.01)
(0.012 -0.01 -0.01)
(0.01225 -0.01 -0.01)
(0.0125 -0.01 -0.01)
(0.01275 -0.01 -0.01)
(0.013 -0.01 -0.01)
(0.01325 -0.01 -0.01)
(0.0135 -0.01 -0.01)
(0.01375 -0.01 -0.01)
(0.014 -0.01 -0.01)
(0.01425 -0.01 -0.01)
(0.0145 -0.01 -0.01)
(0.01475 -0.01 -0.01)
(0.015 -0.01 -0.01)
(0.01525 -0.01 -0.01)
(0.0155 -0.01 -0.01)
(0.01575 -0.01 -0.01)
(0.016 -0.01 -0.01)
(0.01625 -0.01 -0.01)
(0.0165 -0.01 -0.01)
(0.01675 -0.01 -0.01)
(0.017 -0.01 -0.01)
(0.01725 -0.01 -0.01)
(0.0175 -0.01 -0.01)
(0.01775 -0.01 -0.01)
(0.018 -0.01 -0.01)
(0.01825 -0.01 -0.01)
(0.0185 -0.01 -0.01)
(0.01875 -0.01 -0.01)
(0.019 -0.01 -0.01)
(0.01925 -0.01 -0.01)
(0.0195 -0.01 -0.01)
(0.01975 -0.01 -0.01)
(0.02 -0.01 -0.01)
(0 -0.0095 -0.01)
(0.00025 -0.0095 -0.01)
(0.0005 -0.0095 -0.01)
(0.00075 -0.0095 -0.01)
(0.001 -0.0095 -0.01)
(0.00125 -0.0095 -0.01)
(0.0015 -0.0095 -0.01)
(0.00175 -0.0095 -0.01)
(0.002 -0.0095 -0.01)
(0.00225 -0.0095 -0.01)
(0.0025 -0.0095 -0.01)
(0.00275 -0.0095 -0.01)
(0.003 -0.0095 -0.01)
(0.00325 -0.0095 -0.01)
(0.0035 -0.0095 -0.01)
(0.00375 -0.0095 -0.01)
(0.004 -0.0095 -0.01)
(0.00425 -0.0095 -0.01)
(0.0045 -0.0095 -0.01)
(0.00475 -0.0095 -0.01)
(0.005 -0.0095 -0.01)
(0.00525 -0.0095 -0.01)
(0.0055 -0.0095 -0.01)
(0.00575 -0.0095 -0.01)
(0.006 -0.0095 -0.01)
(0.00625 -0.0095 -0.01)
(0.0065 -0.0095 -0.01)
(0.00675 -0.0095 -0.01)
(0.007 -0.0095 -0.01)
(0.00725 -0.0095 -0.01)
(0.0075 -0.0095 -0.01)
(0.00775 -0.0095 -0.01)
(0.008 -0.0095 -0.01)
(0.00825 -0.0095 -0.01)
(0.0085 -0.0095 -0.01)
(0.00875 -0.0095 -0.01)
(0.009 -0.0095 -0.01)
(0.00925 -0.0095 -0.01)
(0.0095 -0.0095 -0.01)
(0.00975 -0.0095 -0.01)
(0.01 -0.0095 -0.01)
(0.01025 -0.0095 -0.01)
(0.0105 -0.0095 -0.01)
(0.01075 -0.0095 -0.01)
(0.011 -0.0095 -0.01)
(0.01125 -0.0095 -0.01)
(0.0115 -0.0095 -0.01)
(0.01175 -0.0095 -0.01)
(0.012 -0.0095 -0.01)
(0.01225 -0.0095 -0.01)
(0.0125 -0.0095 -0.01)
(0.01275 -0.0095 -0.01)
(0.013 -0.0095 -0.01)
(0.01325 -0.0095 -0.01)
(0.0135 -0.0095 -0.01)
(0.01375 -0.0095 -0.01)
(0.014 -0.0095 -0.01)
(0.01425 -0.0095 -0.01)
(0.0145 -0.0095 -0.01)
(0.01475 -0.0095 -0.01)
(0.015 -0.0095 -0.01)
(0.01525 -0.0095 -0.01)
(0.0155 -0.0095 -0.01)
(0.01575 -0.0095 -0.01)
(0.016 -0.0095 -0.01)
(0.01625 -0.0095 -0.01)
(0.0165 -0.0095 -0.01)
(0.01675 -0.0095 -0.01)
(0.017 -0.0095 -0.01)
(0.01725 -0.0095 -0.01)
(0.0175 -0.0095 -0.01)
(0.01775 -0.0095 -0.01)
(0.018 -0.0095 -0.01)
(0.01825 -0.0095 -0.01)
(0.0185 -0.0095 -0.01)
(0.01875 -0.0095 -0.01)
(0.019 -0.0095 -0.01)
(0.01925 -0.0095 -0.01)
(0.0195 -0.0095 -0.01)
(0.01975 -0.0095 -0.01)
(0.02 -0.0095 -0.01)
(0 -0.009 -0.01)
(0.00025 -0.009 -0.01)
(0.0005 -0.009 -0.01)
(0.00075 -0.009 -0.01)
(0.001 -0.009 -0.01)
(0.00125 -0.009 -0.01)
(0.0015 -0.009 -0.01)
(0.00175 -0.009 -0.01)
(0.002 -0.009 -0.01)
(0.00225 -0.009 -0.01)
(0.0025 -0.009 -0.01)
(0.00275 -0.009 -0.01)
(0.003 -0.009 -0.01)
(0.00325 -0.009 -0.01)
(0.0035 -0.009 -0.01)
(0.00375 -0.009 -0.01)
(0.004 -0.009 -0.01)
(0.00425 -0.009 -0.01)
(0.0045 -0.009 -0.01)
(0.00475 -0.009 -0.01)
(0.005 -0.009 -0.01)
(0.00525 -0.009 -0.01)
(0.0055 -0.009 -0.01)
(0.00575 -0.009 -0.01)
(0.006 -0.009 -0.01)
(0.00625 -0.009 -0.01)
(0.0065 -0.009 -0.01)
(0.00675 -0.009 -0.01)
(0.007 -0.009 -0.01)
(0.00725 -0.009 -0.01)
(0.0075 -0.009 -0.01)
(0.00775 -0.009 -0.01)
(0.008 -0.009 -0.01)
(0.00825 -0.009 -0.01)
(0.0085 -0.009 -0.01)
(0.00875 -0.009 -0.01)
(0.009 -0.009 -0.01)
(0.00925 -0.009 -0.01)
(0.0095 -0.009 -0.01)
(0.00975 -0.009 -0.01)
(0.01 -0.009 -0.01)
(0.01025 -0.009 -0.01)
(0.0105 -0.009 -0.01)
(0.01075 -0.009 -0.01)
(0.011 -0.009 -0.01)
(0.01125 -0.009 -0.01)
(0.0115 -0.009 -0.01)
(0.01175 -0.009 -0.01)
(0.012 -0.009 -0.01)
(0.01225 -0.009 -0.01)
(0.0125 -0.009 -0.01)
(0.01275 -0.009 -0.01)
(0.013 -0.009 -0.01)
(0.01325 -0.009 -0.01)
(0.0135 -0.009 -0.01)
(0.01375 -0.009 -0.01)
(0.014 -0.009 -0.01)
(0.01425 -0.009 -0.01)
(0.0145 -0.009 -0.01)
(0.01475 -0.009 -0.01)
(0.015 -0.009 -0.01)
(0.01525 -0.009 -0.01)
(0.0155 -0.009 -0.01)
(0.01575 -0.009 -0.01)
(0.016 -0.009 -0.01)
(0.01625 -0.009 -0.01)
(0.0165 -0.009 -0.01)
(0.01675 -0.009 -0.01)
(0.017 -0.009 -0.01)
(0.01725 -0.009 -0.01)
(0.0175 -0.009 -0.01)
(0.01775 -0.009 -0.01)
(0.018 -0.009 -0.01)
(0.01825 -0.009 -0.01)
(0.0185 -0.009 -0.01)
(0.01875 -0.009 -0.01)
(0.019 -0.009 -0.01)
(0.01925 -0.009 -0.01)
(0.0195 -0.009 -0.01)
(0.01975 -0.009 -0.01)
(0.02 -0.009 -0.01)
(0 -0.0085 -0.01)
(0.00025 -0.0085 -0.01)
(0.0005 -0.0085 -0.01)
(0.00075 -0.0085 -0.01)
(0.001 -0.0085 -0.01)
(0.00125 -0.0085 -0.01)
(0.0015 -0.0085 -0.01)
(0.00175 -0.0085 -0.01)
(0.002 -0.0085 -0.01)
(0.00225 -0.0085 -0.01)
(0.0025 -0.0085 -0.01)
(0.00275 -0.0085 -0.01)
(0.003 -0.0085 -0.01)
(0.00325 -0.0085 -0.01)
(0.0035 -0.0085 -0.01)
(0.00375 -0.0085 -0.01)
(0.004 -0.0085 -0.01)
(0.00425 -0.0085 -0.01)
(0.0045 -0.0085 -0.01)
(0.00475 -0.0085 -0.01)
(0.005 -0.0085 -0.01)
(0.00525 -0.0085 -0.01)
(0.0055 -0.0085 -0.01)
(0.00575 -0.0085 -0.01)
(0.006 -0.0085 -0.01)
(0.00625 -0.0085 -0.01)
(0.0065 -0.0085 -0.01)
(0.00675 -0.0085 -0.01)
(0.007 -0.0085 -0.01)
(0.00725 -0.0085 -0.01)
(0.0075 -0.0085 -0.01)
(0.00775 -0.0085 -0.01)
(0.008 -0.0085 -0.01)
(0.00825 -0.0085 -0.01)
(0.0085 -0.0085 -0.01)
(0.00875 -0.0085 -0.01)
(0.009 -0.0085 -0.01)
(0.00925 -0.0085 -0.01)
(0.0095 -0.0085 -0.01)
(0.00975 -0.0085 -0.01)
(0.01 -0.0085 -0.01)
(0.01025 -0.0085 -0.01)
(0.0105 -0.0085 -0.01)
(0.01075 -0.0085 -0.01)
(0.011 -0.0085 -0.01)
(0.01125 -0.0085 -0.01)
(0.0115 -0.0085 -0.01)
(0.01175 -0.0085 -0.01)
(0.012 -0.0085 -0.01)
(0.01225 -0.0085 -0.01)
(0.0125 -0.0085 -0.01)
(0.01275 -0.0085 -0.01)
(0.013 -0.0085 -0.01)
(0.01325 -0.0085 -0.01)
(0.0135 -0.0085 -0.01)
(0.01375 -0.0085 -0.01)
(0.014 -0.0085 -0.01)
(0.01425 -0.0085 -0.01)
(0.0145 -0.0085 -0.01)
(0.01475 -0.0085 -0.01)
(0.015 -0.0085 -0.01)
(0.01525 -0.0085 -0.01)
(0.0155 -0.0085 -0.01)
(0.01575 -0.0085 -0.01)
(0.016 -0.0085 -0.01)
(0.01625 -0.0085 -0.01)
(0.0165 -0.0085 -0.01)
(0.01675 -0.0085 -0.01)
(0.017 -0.0085 -0.01)
(0.01725 -0.0085 -0.01)
(0.0175 -0.0085 -0.01)
(0.01775 -0.0085 -0.01)
(0.018 -0.0085 -0.01)
(0.01825 -0.0085 -0.01)
(0.0185 -0.0085 -0.01)
(0.01875 -0.0085 -0.01)
(0.019 -0.0085 -0.01)
(0.01925 -0.0085 -0.01)
(0.0195 -0.0085 -0.01)
(0.01975 -0.0085 -0.01)
(0.02 -0.0085 -0.01)
(0 -0.008 -0.01)
(0.00025 -0.008 -0.01)
(0.0005 -0.008 -0.01)
(0.00075 -0.008 -0.01)
(0.001 -0.008 -0.01)
(0.00125 -0.008 -0.01)
(0.0015 -0.008 -0.01)
(0.00175 -0.008 -0.01)
(0.002 -0.008 -0.01)
(0.00225 -0.008 -0.01)
(0.0025 -0.008 -0.01)
(0.00275 -0.008 -0.01)
(0.003 -0.008 -0.01)
(0.00325 -0.008 -0.01)
(0.0035 -0.008 -0.01)
(0.00375 -0.008 -0.01)
(0.004 -0.008 -0.01)
(0.00425 -0.008 -0.01)
(0.0045 -0.008 -0.01)
(0.00475 -0.008 -0.01)
(0.005 -0.008 -0.01)
(0.00525 -0.008 -0.01)
(0.0055 -0.008 -0.01)
(0.00575 -0.008 -0.01)
(0.006 -0.008 -0.01)
(0.00625 -0.008 -0.01)
(0.0065 -0.008 -0.01)
(0.00675 -0.008 -0.01)
(0.007 -0.008 -0.01)
(0.00725 -0.008 -0.01)
(0.0075 -0.008 -0.01)
(0.00775 -0.008 -0.01)
(0.008 -0.008 -0.01)
(0.00825 -0.008 -0.01)
(0.0085 -0.008 -0.01)
(0.00875 -0.008 -0.01)
(0.009 -0.008 -0.01)
(0.00925 -0.008 -0.01)
(0.0095 -0.008 -0.01)
(0.00975 -0.008 -0.01)
(0.01 -0.008 -0.01)
(0.01025 -0.008 -0.01)
(0.0105 -0.008 -0.01)
(0.01075 -0.008 -0.01)
(0.011 -0.008 -0.01)
(0.01125 -0.008 -0.01)
(0.0115 -0.008 -0.01)
(0.01175 -0.008 -0.01)
(0.012 -0.008 -0.01)
(0.01225 -0.008 -0.01)
(0.0125 -0.008 -0.01)
(0.01275 -0.008 -0.01)
(0.013 -0.008 -0.01)
(0.01325 -0.008 -0.01)
(0.0135 -0.008 -0.01)
(0.01375 -0.008 -0.01)
(0.014 -0.008 -0.01)
(0.01425 -0.008 -0.01)
(0.0145 -0.008 -0.01)
(0.01475 -0.008 -0.01)
(0.015 -0.008 -0.01)
(0.01525 -0.008 -0.01)
(0.0155 -0.008 -0.01)
(0.01575 -0.008 -0.01)
(0.016 -0.008 -0.01)
(0.01625 -0.008 -0.01)
(0.0165 -0.008 -0.01)
(0.01675 -0.008 -0.01)
(0.017 -0.008 -0.01)
(0.01725 -0.008 -0.01)
(0.0175 -0.008 -0.01)
(0.01775 -0.008 -0.01)
(0.018 -0.008 -0.01)
(0.01825 -0.008 -0.01)
(0.0185 -0.008 -0.01)
(0.01875 -0.008 -0.01)
(0.019 -0.008 -0.01)
(0.01925 -0.008 -0.01)
(0.0195 -0.008 -0.01)
(0.01975 -0.008 -0.01)
(0.02 -0.008 -0.01)
(0 -0.0075 -0.01)
(0.00025 -0.0075 -0.01)
(0.0005 -0.0075 -0.01)
(0.00075 -0.0075 -0.01)
(0.001 -0.0075 -0.01)
(0.00125 -0.0075 -0.01)
(0.0015 -0.0075 -0.01)
(0.00175 -0.0075 -0.01)
(0.002 -0.0075 -0.01)
(0.00225 -0.0075 -0.01)
(0.0025 -0.0075 -0.01)
(0.00275 -0.0075 -0.01)
(0.003 -0.0075 -0.01)
(0.00325 -0.0075 -0.01)
(0.0035 -0.0075 -0.01)
(0.00375 -0.0075 -0.01)
(0.004 -0.0075 -0.01)
(0.00425 -0.0075 -0.01)
(0.0045 -0.0075 -0.01)
(0.00475 -0.0075 -0.01)
(0.005 -0.0075 -0.01)
(0.00525 -0.0075 -0.01)
(0.0055 -0.0075 -0.01)
(0.00575 -0.0075 -0.01)
(0.006 -0.0075 -0.01)
(0.00625 -0.0075 -0.01)
(0.0065 -0.0075 -0.01)
(0.00675 -0.0075 -0.01)
(0.007 -0.0075 -0.01)
(0.00725 -0.0075 -0.01)
(0.0075 -0.0075 -0.01)
(0.00775 -0.0075 -0.01)
(0.008 -0.0075 -0.01)
(0.00825 -0.0075 -0.01)
(0.0085 -0.0075 -0.01)
(0.00875 -0.0075 -0.01)
(0.009 -0.0075 -0.01)
(0.00925 -0.0075 -0.01)
(0.0095 -0.0075 -0.01)
(0.00975 -0.0075 -0.01)
(0.01 -0.0075 -0.01)
(0.01025 -0.0075 -0.01)
(0.0105 -0.0075 -0.01)
(0.01075 -0.0075 -0.01)
(0.011 -0.0075 -0.01)
(0.01125 -0.0075 -0.01)
(0.0115 -0.0075 -0.01)
(0.01175 -0.0075 -0.01)
(0.012 -0.0075 -0.01)
(0.01225 -0.0075 -0.01)
(0.0125 -0.0075 -0.01)
(0.01275 -0.0075 -0.01)
(0.013 -0.0075 -0.01)
(0.01325 -0.0075 -0.01)
(0.0135 -0.0075 -0.01)
(0.01375 -0.0075 -0.01)
(0.014 -0.0075 -0.01)
(0.01425 -0.0075 -0.01)
(0.0145 -0.0075 -0.01)
(0.01475 -0.0075 -0.01)
(0.015 -0.0075 -0.01)
(0.01525 -0.0075 -0.01)
(0.0155 -0.0075 -0.01)
(0.01575 -0.0075 -0.01)
(0.016 -0.0075 -0.01)
(0.01625 -0.0075 -0.01)
(0.0165 -0.0075 -0.01)
(0.01675 -0.0075 -0.01)
(0.017 -0.0075 -0.01)
(0.01725 -0.0075 -0.01)
(0.0175 -0.0075 -0.01)
(0.01775 -0.0075 -0.01)
(0.018 -0.0075 -0.01)
(0.01825 -0.0075 -0.01)
(0.0185 -0.0075 -0.01)
(0.01875 -0.0075 -0.01)
(0.019 -0.0075 -0.01)
(0.01925 -0.0075 -0.01)
(0.0195 -0.0075 -0.01)
(0.01975 -0.0075 -0.01)
(0.02 -0.0075 -0.01)
(0 -0.007 -0.01)
(0.00025 -0.007 -0.01)
(0.0005 -0.007 -0.01)
(0.00075 -0.007 -0.01)
(0.001 -0.007 -0.01)
(0.00125 -0.007 -0.01)
(0.0015 -0.007 -0.01)
(0.00175 -0.007 -0.01)
(0.002 -0.007 -0.01)
(0.00225 -0.007 -0.01)
(0.0025 -0.007 -0.01)
(0.00275 -0.007 -0.01)
(0.003 -0.007 -0.01)
(0.00325 -0.007 -0.01)
(0.0035 -0.007 -0.01)
(0.00375 -0.007 -0.01)
(0.004 -0.007 -0.01)
(0.00425 -0.007 -0.01)
(0.0045 -0.007 -0.01)
(0.00475 -0.007 -0.01)
(0.005 -0.007 -0.01)
(0.00525 -0.007 -0.01)
(0.0055 -0.007 -0.01)
(0.00575 -0.007 -0.01)
(0.006 -0.007 -0.01)
(0.00625 -0.007 -0.01)
(0.0065 -0.007 -0.01)
(0.00675 -0.007 -0.01)
(0.007 -0.007 -0.01)
(0.00725 -0.007 -0.01)
(0.0075 -0.007 -0.01)
(0.00775 -0.007 -0.01)
(0.008 -0.007 -0.01)
(0.00825 -0.007 -0.01)
(0.0085 -0.007 -0.01)
(0.00875 -0.007 -0.01)
(0.009 -0.007 -0.01)
(0.00925 -0.007 -0.01)
(0.0095 -0.007 -0.01)
(0.00975 -0.007 -0.01)
(0.01 -0.007 -0.01)
(0.01025 -0.007 -0.01)
(0.0105 -0.007 -0.01)
(0.01075 -0.007 -0.01)
(0.011 -0.007 -0.01)
(0.01125 -0.007 -0.01)
(0.0115 -0.007 -0.01)
(0.01175 -0.007 -0.01)
(0.012 -0.007 -0.01)
(0.01225 -0.007 -0.01)
(0.0125 -0.007 -0.01)
(0.01275 -0.007 -0.01)
(0.013 -0.007 -0.01)
(0.01325 -0.007 -0.01)
(0.0135 -0.007 -0.01)
(0.01375 -0.007 -0.01)
(0.014 -0.007 -0.01)
(0.01425 -0.007 -0.01)
(0.0145 -0.007 -0.01)
(0.01475 -0.007 -0.01)
(0.015 -0.007 -0.01)
(0.01525 -0.007 -0.01)
(0.0155 -0.007 -0.01)
(0.01575 -0.007 -0.01)
(0.016 -0.007 -0.01)
(0.01625 -0.007 -0.01)
(0.0165 -0.007 -0.01)
(0.01675 -0.007 -0.01)
(0.017 -0.007 -0.01)
(0.01725 -0.007 -0.01)
(0.0175 -0.007 -0.01)
(0.01775 -0.007 -0.01)
(0.018 -0.007 -0.01)
(0.01825 -0.007 -0.01)
(0.0185 -0.007 -0.01)
(0.01875 -0.007 -0.01)
(0.019 -0.007 -0.01)
(0.01925 -0.007 -0.01)
(0.0195 -0.007 -0.01)
(0.01975 -0.007 -0.01)
(0.02 -0.007 -0.01)
(0 -0.0065 -0.01)
(0.00025 -0.0065 -0.01)
(0.0005 -0.0065 -0.01)
(0.00075 -0.0065 -0.01)
(0.001 -0.0065 -0.01)
(0.00125 -0.0065 -0.01)
(0.0015 -0.0065 -0.01)
(0.00175 -0.0065 -0.01)
(0.002 -0.0065 -0.01)
(0.00225 -0.0065 -0.01)
(0.0025 -0.0065 -0.01)
(0.00275 -0.0065 -0.01)
(0.003 -0.0065 -0.01)
(0.00325 -0.0065 -0.01)
(0.0035 -0.0065 -0.01)
(0.00375 -0.0065 -0.01)
(0.004 -0.0065 -0.01)
(0.00425 -0.0065 -0.01)
(0.0045 -0.0065 -0.01)
(0.00475 -0.0065 -0.01)
(0.005 -0.0065 -0.01)
(0.00525 -0.0065 -0.01)
(0.0055 -0.0065 -0.01)
(0.00575 -0.0065 -0.01)
(0.006 -0.0065 -0.01)
(0.00625 -0.0065 -0.01)
(0.0065 -0.0065 -0.01)
(0.00675 -0.0065 -0.01)
(0.007 -0.0065 -0.01)
(0.00725 -0.0065 -0.01)
(0.0075 -0.0065 -0.01)
(0.00775 -0.0065 -0.01)
(0.008 -0.0065 -0.01)
(0.00825 -0.0065 -0.01)
(0.0085 -0.0065 -0.01)
(0.00875 -0.0065 -0.01)
(0.009 -0.0065 -0.01)
(0.00925 -0.0065 -0.01)
(0.0095 -0.0065 -0.01)
(0.00975 -0.0065 -0.01)
(0.01 -0.0065 -0.01)
(0.01025 -0.0065 -0.01)
(0.0105 -0.0065 -0.01)
(0.01075 -0.0065 -0.01)
(0.011 -0.0065 -0.01)
(0.01125 -0.0065 -0.01)
(0.0115 -0.0065 -0.01)
(0.01175 -0.0065 -0.01)
(0.012 -0.0065 -0.01)
(0.01225 -0.0065 -0.01)
(0.0125 -0.0065 -0.01)
(0.01275 -0.0065 -0.01)
(0.013 -0.0065 -0.01)
(0.01325 -0.0065 -0.01)
(0.0135 -0.0065 -0.01)
(0.01375 -0.0065 -0.01)
(0.014 -0.0065 -0.01)
(0.01425 -0.0065 -0.01)
(0.0145 -0.0065 -0.01)
(0.01475 -0.0065 -0.01)
(0.015 -0.0065 -0.01)
(0.01525 -0.0065 -0.01)
(0.0155 -0.0065 -0.01)
(0.01575 -0.0065 -0.01)
(0.016 -0.0065 -0.01)
(0.01625 -0.0065 -0.01)
(0.0165 -0.0065 -0.01)
(0.01675 -0.0065 -0.01)
(0.017 -0.0065 -0.01)
(0.01725 -0.0065 -0.01)
(0.0175 -0.0065 -0.01)
(0.01775 -0.0065 -0.01)
(0.018 -0.0065 -0.01)
(0.01825 -0.0065 -0.01)
(0.0185 -0.0065 -0.01)
(0.01875 -0.0065 -0.01)
(0.019 -0.0065 -0.01)
(0.01925 -0.0065 -0.01)
(0.0195 -0.0065 -0.01)
(0.01975 -0.0065 -0.01)
(0.02 -0.0065 -0.01)
(0 -0.006 -0.01)
(0.00025 -0.006 -0.01)
(0.0005 -0.006 -0.01)
(0.00075 -0.006 -0.01)
(0.001 -0.006 -0.01)
(0.00125 -0.006 -0.01)
(0.0015 -0.006 -0.01)
(0.00175 -0.006 -0.01)
(0.002 -0.006 -0.01)
(0.00225 -0.006 -0.01)
(0.0025 -0.006 -0.01)
(0.00275 -0.006 -0.01)
(0.003 -0.006 -0.01)
(0.00325 -0.006 -0.01)
(0.0035 -0.006 -0.01)
(0.00375 -0.006 -0.01)
(0.004 -0.006 -0.01)
(0.00425 -0.006 -0.01)
(0.0045 -0.006 -0.01)
(0.00475 -0.006 -0.01)
(0.005 -0.006 -0.01)
(0.00525 -0.006 -0.01)
(0.0055 -0.006 -0.01)
(0.00575 -0.006 -0.01)
(0.006 -0.006 -0.01)
(0.00625 -0.006 -0.01)
(0.0065 -0.006 -0.01)
(0.00675 -0.006 -0.01)
(0.007 -0.006 -0.01)
(0.00725 -0.006 -0.01)
(0.0075 -0.006 -0.01)
(0.00775 -0.006 -0.01)
(0.008 -0.006 -0.01)
(0.00825 -0.006 -0.01)
(0.0085 -0.006 -0.01)
(0.00875 -0.006 -0.01)
(0.009 -0.006 -0.01)
(0.00925 -0.006 -0.01)
(0.0095 -0.006 -0.01)
(0.00975 -0.006 -0.01)
(0.01 -0.006 -0.01)
(0.01025 -0.006 -0.01)
(0.0105 -0.006 -0.01)
(0.01075 -0.006 -0.01)
(0.011 -0.006 -0.01)
(0.01125 -0.006 -0.01)
(0.0115 -0.006 -0.01)
(0.01175 -0.006 -0.01)
(0.012 -0.006 -0.01)
(0.01225 -0.006 -0.01)
(0.0125 -0.006 -0.01)
(0.01275 -0.006 -0.01)
(0.013 -0.006 -0.01)
(0.01325 -0.006 -0.01)
(0.0135 -0.006 -0.01)
(0.01375 -0.006 -0.01)
(0.014 -0.006 -0.01)
(0.01425 -0.006 -0.01)
(0.0145 -0.006 -0.01)
(0.01475 -0.006 -0.01)
(0.015 -0.006 -0.01)
(0.01525 -0.006 -0.01)
(0.0155 -0.006 -0.01)
(0.01575 -0.006 -0.01)
(0.016 -0.006 -0.01)
(0.01625 -0.006 -0.01)
(0.0165 -0.006 -0.01)
(0.01675 -0.006 -0.01)
(0.017 -0.006 -0.01)
(0.01725 -0.006 -0.01)
(0.0175 -0.006 -0.01)
(0.01775 -0.006 -0.01)
(0.018 -0.006 -0.01)
(0.01825 -0.006 -0.01)
(0.0185 -0.006 -0.01)
(0.01875 -0.006 -0.01)
(0.019 -0.006 -0.01)
(0.01925 -0.006 -0.01)
(0.0195 -0.006 -0.01)
(0.01975 -0.006 -0.01)
(0.02 -0.006 -0.01)
(0 -0.0055 -0.01)
(0.00025 -0.0055 -0.01)
(0.0005 -0.0055 -0.01)
(0.00075 -0.0055 -0.01)
(0.001 -0.0055 -0.01)
(0.00125 -0.0055 -0.01)
(0.0015 -0.0055 -0.01)
(0.00175 -0.0055 -0.01)
(0.002 -0.0055 -0.01)
(0.00225 -0.0055 -0.01)
(0.0025 -0.0055 -0.01)
(0.00275 -0.0055 -0.01)
(0.003 -0.0055 -0.01)
(0.00325 -0.0055 -0.01)
(0.0035 -0.0055 -0.01)
(0.00375 -0.0055 -0.01)
(0.004 -0.0055 -0.01)
(0.00425 -0.0055 -0.01)
(0.0045 -0.0055 -0.01)
(0.00475 -0.0055 -0.01)
(0.005 -0.0055 -0.01)
(0.00525 -0.0055 -0.01)
(0.0055 -0.0055 -0.01)
(0.00575 -0.0055 -0.01)
(0.006 -0.0055 -0.01)
(0.00625 -0.0055 -0.01)
(0.0065 -0.0055 -0.01)
(0.00675 -0.0055 -0.01)
(0.007 -0.0055 -0.01)
(0.00725 -0.0055 -0.01)
(0.0075 -0.0055 -0.01)
(0.00775 -0.0055 -0.01)
(0.008 -0.0055 -0.01)
(0.00825 -0.0055 -0.01)
(0.0085 -0.0055 -0.01)
(0.00875 -0.0055 -0.01)
(0.009 -0.0055 -0.01)
(0.00925 -0.0055 -0.01)
(0.0095 -0.0055 -0.01)
(0.00975 -0.0055 -0.01)
(0.01 -0.0055 -0.01)
(0.01025 -0.0055 -0.01)
(0.0105 -0.0055 -0.01)
(0.01075 -0.0055 -0.01)
(0.011 -0.0055 -0.01)
(0.01125 -0.0055 -0.01)
(0.0115 -0.0055 -0.01)
(0.01175 -0.0055 -0.01)
(0.012 -0.0055 -0.01)
(0.01225 -0.0055 -0.01)
(0.0125 -0.0055 -0.01)
(0.01275 -0.0055 -0.01)
(0.013 -0.0055 -0.01)
(0.01325 -0.0055 -0.01)
(0.0135 -0.0055 -0.01)
(0.01375 -0.0055 -0.01)
(0.014 -0.0055 -0.01)
(0.01425 -0.0055 -0.01)
(0.0145 -0.0055 -0.01)
(0.01475 -0.0055 -0.01)
(0.015 -0.0055 -0.01)
(0.01525 -0.0055 -0.01)
(0.0155 -0.0055 -0.01)
(0.01575 -0.0055 -0.01)
(0.016 -0.0055 -0.01)
(0.01625 -0.0055 -0.01)
(0.0165 -0.0055 -0.01)
(0.01675 -0.0055 -0.01)
(0.017 -0.0055 -0.01)
(0.01725 -0.0055 -0.01)
(0.0175 -0.0055 -0.01)
(0.01775 -0.0055 -0.01)
(0.018 -0.0055 -0.01)
(0.01825 -0.0055 -0.01)
(0.0185 -0.0055 -0.01)
(0.01875 -0.0055 -0.01)
(0.019 -0.0055 -0.01)
(0.01925 -0.0055 -0.01)
(0.0195 -0.0055 -0.01)
(0.01975 -0.0055 -0.01)
(0.02 -0.0055 -0.01)
(0 -0.005 -0.01)
(0.00025 -0.005 -0.01)
(0.0005 -0.005 -0.01)
(0.00075 -0.005 -0.01)
(0.001 -0.005 -0.01)
(0.00125 -0.005 -0.01)
(0.0015 -0.005 -0.01)
(0.00175 -0.005 -0.01)
(0.002 -0.005 -0.01)
(0.00225 -0.005 -0.01)
(0.0025 -0.005 -0.01)
(0.00275 -0.005 -0.01)
(0.003 -0.005 -0.01)
(0.00325 -0.005 -0.01)
(0.0035 -0.005 -0.01)
(0.00375 -0.005 -0.01)
(0.004 -0.005 -0.01)
(0.00425 -0.005 -0.01)
(0.0045 -0.005 -0.01)
(0.00475 -0.005 -0.01)
(0.005 -0.005 -0.01)
(0.00525 -0.005 -0.01)
(0.0055 -0.005 -0.01)
(0.00575 -0.005 -0.01)
(0.006 -0.005 -0.01)
(0.00625 -0.005 -0.01)
(0.0065 -0.005 -0.01)
(0.00675 -0.005 -0.01)
(0.007 -0.005 -0.01)
(0.00725 -0.005 -0.01)
(0.0075 -0.005 -0.01)
(0.00775 -0.005 -0.01)
(0.008 -0.005 -0.01)
(0.00825 -0.005 -0.01)
(0.0085 -0.005 -0.01)
(0.00875 -0.005 -0.01)
(0.009 -0.005 -0.01)
(0.00925 -0.005 -0.01)
(0.0095 -0.005 -0.01)
(0.00975 -0.005 -0.01)
(0.01 -0.005 -0.01)
(0.01025 -0.005 -0.01)
(0.0105 -0.005 -0.01)
(0.01075 -0.005 -0.01)
(0.011 -0.005 -0.01)
(0.01125 -0.005 -0.01)
(0.0115 -0.005 -0.01)
(0.01175 -0.005 -0.01)
(0.012 -0.005 -0.01)
(0.01225 -0.005 -0.01)
(0.0125 -0.005 -0.01)
(0.01275 -0.005 -0.01)
(0.013 -0.005 -0.01)
(0.01325 -0.005 -0.01)
(0.0135 -0.005 -0.01)
(0.01375 -0.005 -0.01)
(0.014 -0.005 -0.01)
(0.01425 -0.005 -0.01)
(0.0145 -0.005 -0.01)
(0.01475 -0.005 -0.01)
(0.015 -0.005 -0.01)
(0.01525 -0.005 -0.01)
(0.0155 -0.005 -0.01)
(0.01575 -0.005 -0.01)
(0.016 -0.005 -0.01)
(0.01625 -0.005 -0.01)
(0.0165 -0.005 -0.01)
(0.01675 -0.005 -0.01)
(0.017 -0.005 -0.01)
(0.01725 -0.005 -0.01)
(0.0175 -0.005 -0.01)
(0.01775 -0.005 -0.01)
(0.018 -0.005 -0.01)
(0.01825 -0.005 -0.01)
(0.0185 -0.005 -0.01)
(0.01875 -0.005 -0.01)
(0.019 -0.005 -0.01)
(0.01925 -0.005 -0.01)
(0.0195 -0.005 -0.01)
(0.01975 -0.005 -0.01)
(0.02 -0.005 -0.01)
(0 -0.0045 -0.01)
(0.00025 -0.0045 -0.01)
(0.0005 -0.0045 -0.01)
(0.00075 -0.0045 -0.01)
(0.001 -0.0045 -0.01)
(0.00125 -0.0045 -0.01)
(0.0015 -0.0045 -0.01)
(0.00175 -0.0045 -0.01)
(0.002 -0.0045 -0.01)
(0.00225 -0.0045 -0.01)
(0.0025 -0.0045 -0.01)
(0.00275 -0.0045 -0.01)
(0.003 -0.0045 -0.01)
(0.00325 -0.0045 -0.01)
(0.0035 -0.0045 -0.01)
(0.00375 -0.0045 -0.01)
(0.004 -0.0045 -0.01)
(0.00425 -0.0045 -0.01)
(0.0045 -0.0045 -0.01)
(0.00475 -0.0045 -0.01)
(0.005 -0.0045 -0.01)
(0.00525 -0.0045 -0.01)
(0.0055 -0.0045 -0.01)
(0.00575 -0.0045 -0.01)
(0.006 -0.0045 -0.01)
(0.00625 -0.0045 -0.01)
(0.0065 -0.0045 -0.01)
(0.00675 -0.0045 -0.01)
(0.007 -0.0045 -0.01)
(0.00725 -0.0045 -0.01)
(0.0075 -0.0045 -0.01)
(0.00775 -0.0045 -0.01)
(0.008 -0.0045 -0.01)
(0.00825 -0.0045 -0.01)
(0.0085 -0.0045 -0.01)
(0.00875 -0.0045 -0.01)
(0.009 -0.0045 -0.01)
(0.00925 -0.0045 -0.01)
(0.0095 -0.0045 -0.01)
(0.00975 -0.0045 -0.01)
(0.01 -0.0045 -0.01)
(0.01025 -0.0045 -0.01)
(0.0105 -0.0045 -0.01)
(0.01075 -0.0045 -0.01)
(0.011 -0.0045 -0.01)
(0.01125 -0.0045 -0.01)
(0.0115 -0.0045 -0.01)
(0.01175 -0.0045 -0.01)
(0.012 -0.0045 -0.01)
(0.01225 -0.0045 -0.01)
(0.0125 -0.0045 -0.01)
(0.01275 -0.0045 -0.01)
(0.013 -0.0045 -0.01)
(0.01325 -0.0045 -0.01)
(0.0135 -0.0045 -0.01)
(0.01375 -0.0045 -0.01)
(0.014 -0.0045 -0.01)
(0.01425 -0.0045 -0.01)
(0.0145 -0.0045 -0.01)
(0.01475 -0.0045 -0.01)
(0.015 -0.0045 -0.01)
(0.01525 -0.0045 -0.01)
(0.0155 -0.0045 -0.01)
(0.01575 -0.0045 -0.01)
(0.016 -0.0045 -0.01)
(0.01625 -0.0045 -0.01)
(0.0165 -0.0045 -0.01)
(0.01675 -0.0045 -0.01)
(0.017 -0.0045 -0.01)
(0.01725 -0.0045 -0.01)
(0.0175 -0.0045 -0.01)
(0.01775 -0.0045 -0.01)
(0.018 -0.0045 -0.01)
(0.01825 -0.0045 -0.01)
(0.0185 -0.0045 -0.01)
(0.01875 -0.0045 -0.01)
(0.019 -0.0045 -0.01)
(0.01925 -0.0045 -0.01)
(0.0195 -0.0045 -0.01)
(0.01975 -0.0045 -0.01)
(0.02 -0.0045 -0.01)
(0 -0.004 -0.01)
(0.00025 -0.004 -0.01)
(0.0005 -0.004 -0.01)
(0.00075 -0.004 -0.01)
(0.001 -0.004 -0.01)
(0.00125 -0.004 -0.01)
(0.0015 -0.004 -0.01)
(0.00175 -0.004 -0.01)
(0.002 -0.004 -0.01)
(0.00225 -0.004 -0.01)
(0.0025 -0.004 -0.01)
(0.00275 -0.004 -0.01)
(0.003 -0.004 -0.01)
(0.00325 -0.004 -0.01)
(0.0035 -0.004 -0.01)
(0.00375 -0.004 -0.01)
(0.004 -0.004 -0.01)
(0.00425 -0.004 -0.01)
(0.0045 -0.004 -0.01)
(0.00475 -0.004 -0.01)
(0.005 -0.004 -0.01)
(0.00525 -0.004 -0.01)
(0.0055 -0.004 -0.01)
(0.00575 -0.004 -0.01)
(0.006 -0.004 -0.01)
(0.00625 -0.004 -0.01)
(0.0065 -0.004 -0.01)
(0.00675 -0.004 -0.01)
(0.007 -0.004 -0.01)
(0.00725 -0.004 -0.01)
(0.0075 -0.004 -0.01)
(0.00775 -0.004 -0.01)
(0.008 -0.004 -0.01)
(0.00825 -0.004 -0.01)
(0.0085 -0.004 -0.01)
(0.00875 -0.004 -0.01)
(0.009 -0.004 -0.01)
(0.00925 -0.004 -0.01)
(0.0095 -0.004 -0.01)
(0.00975 -0.004 -0.01)
(0.01 -0.004 -0.01)
(0.01025 -0.004 -0.01)
(0.0105 -0.004 -0.01)
(0.01075 -0.004 -0.01)
(0.011 -0.004 -0.01)
(0.01125 -0.004 -0.01)
(0.0115 -0.004 -0.01)
(0.01175 -0.004 -0.01)
(0.012 -0.004 -0.01)
(0.01225 -0.004 -0.01)
(0.0125 -0.004 -0.01)
(0.01275 -0.004 -0.01)
(0.013 -0.004 -0.01)
(0.01325 -0.004 -0.01)
(0.0135 -0.004 -0.01)
(0.01375 -0.004 -0.01)
(0.014 -0.004 -0.01)
(0.01425 -0.004 -0.01)
(0.0145 -0.004 -0.01)
(0.01475 -0.004 -0.01)
(0.015 -0.004 -0.01)
(0.01525 -0.004 -0.01)
(0.0155 -0.004 -0.01)
(0.01575 -0.004 -0.01)
(0.016 -0.004 -0.01)
(0.01625 -0.004 -0.01)
(0.0165 -0.004 -0.01)
(0.01675 -0.004 -0.01)
(0.017 -0.004 -0.01)
(0.01725 -0.004 -0.01)
(0.0175 -0.004 -0.01)
(0.01775 -0.004 -0.01)
(0.018 -0.004 -0.01)
(0.01825 -0.004 -0.01)
(0.0185 -0.004 -0.01)
(0.01875 -0.004 -0.01)
(0.019 -0.004 -0.01)
(0.01925 -0.004 -0.01)
(0.0195 -0.004 -0.01)
(0.01975 -0.004 -0.01)
(0.02 -0.004 -0.01)
(0 -0.0035 -0.01)
(0.00025 -0.0035 -0.01)
(0.0005 -0.0035 -0.01)
(0.00075 -0.0035 -0.01)
(0.001 -0.0035 -0.01)
(0.00125 -0.0035 -0.01)
(0.0015 -0.0035 -0.01)
(0.00175 -0.0035 -0.01)
(0.002 -0.0035 -0.01)
(0.00225 -0.0035 -0.01)
(0.0025 -0.0035 -0.01)
(0.00275 -0.0035 -0.01)
(0.003 -0.0035 -0.01)
(0.00325 -0.0035 -0.01)
(0.0035 -0.0035 -0.01)
(0.00375 -0.0035 -0.01)
(0.004 -0.0035 -0.01)
(0.00425 -0.0035 -0.01)
(0.0045 -0.0035 -0.01)
(0.00475 -0.0035 -0.01)
(0.005 -0.0035 -0.01)
(0.00525 -0.0035 -0.01)
(0.0055 -0.0035 -0.01)
(0.00575 -0.0035 -0.01)
(0.006 -0.0035 -0.01)
(0.00625 -0.0035 -0.01)
(0.0065 -0.0035 -0.01)
(0.00675 -0.0035 -0.01)
(0.007 -0.0035 -0.01)
(0.00725 -0.0035 -0.01)
(0.0075 -0.0035 -0.01)
(0.00775 -0.0035 -0.01)
(0.008 -0.0035 -0.01)
(0.00825 -0.0035 -0.01)
(0.0085 -0.0035 -0.01)
(0.00875 -0.0035 -0.01)
(0.009 -0.0035 -0.01)
(0.00925 -0.0035 -0.01)
(0.0095 -0.0035 -0.01)
(0.00975 -0.0035 -0.01)
(0.01 -0.0035 -0.01)
(0.01025 -0.0035 -0.01)
(0.0105 -0.0035 -0.01)
(0.01075 -0.0035 -0.01)
(0.011 -0.0035 -0.01)
(0.01125 -0.0035 -0.01)
(0.0115 -0.0035 -0.01)
(0.01175 -0.0035 -0.01)
(0.012 -0.0035 -0.01)
(0.01225 -0.0035 -0.01)
(0.0125 -0.0035 -0.01)
(0.01275 -0.0035 -0.01)
(0.013 -0.0035 -0.01)
(0.01325 -0.0035 -0.01)
(0.0135 -0.0035 -0.01)
(0.01375 -0.0035 -0.01)
(0.014 -0.0035 -0.01)
(0.01425 -0.0035 -0.01)
(0.0145 -0.0035 -0.01)
(0.01475 -0.0035 -0.01)
(0.015 -0.0035 -0.01)
(0.01525 -0.0035 -0.01)
(0.0155 -0.0035 -0.01)
(0.01575 -0.0035 -0.01)
(0.016 -0.0035 -0.01)
(0.01625 -0.0035 -0.01)
(0.0165 -0.0035 -0.01)
(0.01675 -0.0035 -0.01)
(0.017 -0.0035 -0.01)
(0.01725 -0.0035 -0.01)
(0.0175 -0.0035 -0.01)
(0.01775 -0.0035 -0.01)
(0.018 -0.0035 -0.01)
(0.01825 -0.0035 -0.01)
(0.0185 -0.0035 -0.01)
(0.01875 -0.0035 -0.01)
(0.019 -0.0035 -0.01)
(0.01925 -0.0035 -0.01)
(0.0195 -0.0035 -0.01)
(0.01975 -0.0035 -0.01)
(0.02 -0.0035 -0.01)
(0 -0.003 -0.01)
(0.00025 -0.003 -0.01)
(0.0005 -0.003 -0.01)
(0.00075 -0.003 -0.01)
(0.001 -0.003 -0.01)
(0.00125 -0.003 -0.01)
(0.0015 -0.003 -0.01)
(0.00175 -0.003 -0.01)
(0.002 -0.003 -0.01)
(0.00225 -0.003 -0.01)
(0.0025 -0.003 -0.01)
(0.00275 -0.003 -0.01)
(0.003 -0.003 -0.01)
(0.00325 -0.003 -0.01)
(0.0035 -0.003 -0.01)
(0.00375 -0.003 -0.01)
(0.004 -0.003 -0.01)
(0.00425 -0.003 -0.01)
(0.0045 -0.003 -0.01)
(0.00475 -0.003 -0.01)
(0.005 -0.003 -0.01)
(0.00525 -0.003 -0.01)
(0.0055 -0.003 -0.01)
(0.00575 -0.003 -0.01)
(0.006 -0.003 -0.01)
(0.00625 -0.003 -0.01)
(0.0065 -0.003 -0.01)
(0.00675 -0.003 -0.01)
(0.007 -0.003 -0.01)
(0.00725 -0.003 -0.01)
(0.0075 -0.003 -0.01)
(0.00775 -0.003 -0.01)
(0.008 -0.003 -0.01)
(0.00825 -0.003 -0.01)
(0.0085 -0.003 -0.01)
(0.00875 -0.003 -0.01)
(0.009 -0.003 -0.01)
(0.00925 -0.003 -0.01)
(0.0095 -0.003 -0.01)
(0.00975 -0.003 -0.01)
(0.01 -0.003 -0.01)
(0.01025 -0.003 -0.01)
(0.0105 -0.003 -0.01)
(0.01075 -0.003 -0.01)
(0.011 -0.003 -0.01)
(0.01125 -0.003 -0.01)
(0.0115 -0.003 -0.01)
(0.01175 -0.003 -0.01)
(0.012 -0.003 -0.01)
(0.01225 -0.003 -0.01)
(0.0125 -0.003 -0.01)
(0.01275 -0.003 -0.01)
(0.013 -0.003 -0.01)
(0.01325 -0.003 -0.01)
(0.0135 -0.003 -0.01)
(0.01375 -0.003 -0.01)
(0.014 -0.003 -0.01)
(0.01425 -0.003 -0.01)
(0.0145 -0.003 -0.01)
(0.01475 -0.003 -0.01)
(0.015 -0.003 -0.01)
(0.01525 -0.003 -0.01)
(0.0155 -0.003 -0.01)
(0.01575 -0.003 -0.01)
(0.016 -0.003 -0.01)
(0.01625 -0.003 -0.01)
(0.0165 -0.003 -0.01)
(0.01675 -0.003 -0.01)
(0.017 -0.003 -0.01)
(0.01725 -0.003 -0.01)
(0.0175 -0.003 -0.01)
(0.01775 -0.003 -0.01)
(0.018 -0.003 -0.01)
(0.01825 -0.003 -0.01)
(0.0185 -0.003 -0.01)
(0.01875 -0.003 -0.01)
(0.019 -0.003 -0.01)
(0.01925 -0.003 -0.01)
(0.0195 -0.003 -0.01)
(0.01975 -0.003 -0.01)
(0.02 -0.003 -0.01)
(0 -0.0025 -0.01)
(0.00025 -0.0025 -0.01)
(0.0005 -0.0025 -0.01)
(0.00075 -0.0025 -0.01)
(0.001 -0.0025 -0.01)
(0.00125 -0.0025 -0.01)
(0.0015 -0.0025 -0.01)
(0.00175 -0.0025 -0.01)
(0.002 -0.0025 -0.01)
(0.00225 -0.0025 -0.01)
(0.0025 -0.0025 -0.01)
(0.00275 -0.0025 -0.01)
(0.003 -0.0025 -0.01)
(0.00325 -0.0025 -0.01)
(0.0035 -0.0025 -0.01)
(0.00375 -0.0025 -0.01)
(0.004 -0.0025 -0.01)
(0.00425 -0.0025 -0.01)
(0.0045 -0.0025 -0.01)
(0.00475 -0.0025 -0.01)
(0.005 -0.0025 -0.01)
(0.00525 -0.0025 -0.01)
(0.0055 -0.0025 -0.01)
(0.00575 -0.0025 -0.01)
(0.006 -0.0025 -0.01)
(0.00625 -0.0025 -0.01)
(0.0065 -0.0025 -0.01)
(0.00675 -0.0025 -0.01)
(0.007 -0.0025 -0.01)
(0.00725 -0.0025 -0.01)
(0.0075 -0.0025 -0.01)
(0.00775 -0.0025 -0.01)
(0.008 -0.0025 -0.01)
(0.00825 -0.0025 -0.01)
(0.0085 -0.0025 -0.01)
(0.00875 -0.0025 -0.01)
(0.009 -0.0025 -0.01)
(0.00925 -0.0025 -0.01)
(0.0095 -0.0025 -0.01)
(0.00975 -0.0025 -0.01)
(0.01 -0.0025 -0.01)
(0.01025 -0.0025 -0.01)
(0.0105 -0.0025 -0.01)
(0.01075 -0.0025 -0.01)
(0.011 -0.0025 -0.01)
(0.01125 -0.0025 -0.01)
(0.0115 -0.0025 -0.01)
(0.01175 -0.0025 -0.01)
(0.012 -0.0025 -0.01)
(0.01225 -0.0025 -0.01)
(0.0125 -0.0025 -0.01)
(0.01275 -0.0025 -0.01)
(0.013 -0.0025 -0.01)
(0.01325 -0.0025 -0.01)
(0.0135 -0.0025 -0.01)
(0.01375 -0.0025 -0.01)
(0.014 -0.0025 -0.01)
(0.01425 -0.0025 -0.01)
(0.0145 -0.0025 -0.01)
(0.01475 -0.0025 -0.01)
(0.015 -0.0025 -0.01)
(0.01525 -0.0025 -0.01)
(0.0155 -0.0025 -0.01)
(0.01575 -0.0025 -0.01)
(0.016 -0.0025 -0.01)
(0.01625 -0.0025 -0.01)
(0.0165 -0.0025 -0.01)
(0.01675 -0.0025 -0.01)
(0.017 -0.0025 -0.01)
(0.01725 -0.0025 -0.01)
(0.0175 -0.0025 -0.01)
(0.01775 -0.0025 -0.01)
(0.018 -0.0025 -0.01)
(0.01825 -0.0025 -0.01)
(0.0185 -0.0025 -0.01)
(0.01875 -0.0025 -0.01)
(0.019 -0.0025 -0.01)
(0.01925 -0.0025 -0.01)
(0.0195 -0.0025 -0.01)
(0.01975 -0.0025 -0.01)
(0.02 -0.0025 -0.01)
(0 -0.002 -0.01)
(0.00025 -0.002 -0.01)
(0.0005 -0.002 -0.01)
(0.00075 -0.002 -0.01)
(0.001 -0.002 -0.01)
(0.00125 -0.002 -0.01)
(0.0015 -0.002 -0.01)
(0.00175 -0.002 -0.01)
(0.002 -0.002 -0.01)
(0.00225 -0.002 -0.01)
(0.0025 -0.002 -0.01)
(0.00275 -0.002 -0.01)
(0.003 -0.002 -0.01)
(0.00325 -0.002 -0.01)
(0.0035 -0.002 -0.01)
(0.00375 -0.002 -0.01)
(0.004 -0.002 -0.01)
(0.00425 -0.002 -0.01)
(0.0045 -0.002 -0.01)
(0.00475 -0.002 -0.01)
(0.005 -0.002 -0.01)
(0.00525 -0.002 -0.01)
(0.0055 -0.002 -0.01)
(0.00575 -0.002 -0.01)
(0.006 -0.002 -0.01)
(0.00625 -0.002 -0.01)
(0.0065 -0.002 -0.01)
(0.00675 -0.002 -0.01)
(0.007 -0.002 -0.01)
(0.00725 -0.002 -0.01)
(0.0075 -0.002 -0.01)
(0.00775 -0.002 -0.01)
(0.008 -0.002 -0.01)
(0.00825 -0.002 -0.01)
(0.0085 -0.002 -0.01)
(0.00875 -0.002 -0.01)
(0.009 -0.002 -0.01)
(0.00925 -0.002 -0.01)
(0.0095 -0.002 -0.01)
(0.00975 -0.002 -0.01)
(0.01 -0.002 -0.01)
(0.01025 -0.002 -0.01)
(0.0105 -0.002 -0.01)
(0.01075 -0.002 -0.01)
(0.011 -0.002 -0.01)
(0.01125 -0.002 -0.01)
(0.0115 -0.002 -0.01)
(0.01175 -0.002 -0.01)
(0.012 -0.002 -0.01)
(0.01225 -0.002 -0.01)
(0.0125 -0.002 -0.01)
(0.01275 -0.002 -0.01)
(0.013 -0.002 -0.01)
(0.01325 -0.002 -0.01)
(0.0135 -0.002 -0.01)
(0.01375 -0.002 -0.01)
(0.014 -0.002 -0.01)
(0.01425 -0.002 -0.01)
(0.0145 -0.002 -0.01)
(0.01475 -0.002 -0.01)
(0.015 -0.002 -0.01)
(0.01525 -0.002 -0.01)
(0.0155 -0.002 -0.01)
(0.01575 -0.002 -0.01)
(0.016 -0.002 -0.01)
(0.01625 -0.002 -0.01)
(0.0165 -0.002 -0.01)
(0.01675 -0.002 -0.01)
(0.017 -0.002 -0.01)
(0.01725 -0.002 -0.01)
(0.0175 -0.002 -0.01)
(0.01775 -0.002 -0.01)
(0.018 -0.002 -0.01)
(0.01825 -0.002 -0.01)
(0.0185 -0.002 -0.01)
(0.01875 -0.002 -0.01)
(0.019 -0.002 -0.01)
(0.01925 -0.002 -0.01)
(0.0195 -0.002 -0.01)
(0.01975 -0.002 -0.01)
(0.02 -0.002 -0.01)
(0 -0.0015 -0.01)
(0.00025 -0.0015 -0.01)
(0.0005 -0.0015 -0.01)
(0.00075 -0.0015 -0.01)
(0.001 -0.0015 -0.01)
(0.00125 -0.0015 -0.01)
(0.0015 -0.0015 -0.01)
(0.00175 -0.0015 -0.01)
(0.002 -0.0015 -0.01)
(0.00225 -0.0015 -0.01)
(0.0025 -0.0015 -0.01)
(0.00275 -0.0015 -0.01)
(0.003 -0.0015 -0.01)
(0.00325 -0.0015 -0.01)
(0.0035 -0.0015 -0.01)
(0.00375 -0.0015 -0.01)
(0.004 -0.0015 -0.01)
(0.00425 -0.0015 -0.01)
(0.0045 -0.0015 -0.01)
(0.00475 -0.0015 -0.01)
(0.005 -0.0015 -0.01)
(0.00525 -0.0015 -0.01)
(0.0055 -0.0015 -0.01)
(0.00575 -0.0015 -0.01)
(0.006 -0.0015 -0.01)
(0.00625 -0.0015 -0.01)
(0.0065 -0.0015 -0.01)
(0.00675 -0.0015 -0.01)
(0.007 -0.0015 -0.01)
(0.00725 -0.0015 -0.01)
(0.0075 -0.0015 -0.01)
(0.00775 -0.0015 -0.01)
(0.008 -0.0015 -0.01)
(0.00825 -0.0015 -0.01)
(0.0085 -0.0015 -0.01)
(0.00875 -0.0015 -0.01)
(0.009 -0.0015 -0.01)
(0.00925 -0.0015 -0.01)
(0.0095 -0.0015 -0.01)
(0.00975 -0.0015 -0.01)
(0.01 -0.0015 -0.01)
(0.01025 -0.0015 -0.01)
(0.0105 -0.0015 -0.01)
(0.01075 -0.0015 -0.01)
(0.011 -0.0015 -0.01)
(0.01125 -0.0015 -0.01)
(0.0115 -0.0015 -0.01)
(0.01175 -0.0015 -0.01)
(0.012 -0.0015 -0.01)
(0.01225 -0.0015 -0.01)
(0.0125 -0.0015 -0.01)
(0.01275 -0.0015 -0.01)
(0.013 -0.0015 -0.01)
(0.01325 -0.0015 -0.01)
(0.0135 -0.0015 -0.01)
(0.01375 -0.0015 -0.01)
(0.014 -0.0015 -0.01)
(0.01425 -0.0015 -0.01)
(0.0145 -0.0015 -0.01)
(0.01475 -0.0015 -0.01)
(0.015 -0.0015 -0.01)
(0.01525 -0.0015 -0.01)
(0.0155 -0.0015 -0.01)
(0.01575 -0.0015 -0.01)
(0.016 -0.0015 -0.01)
(0.01625 -0.0015 -0.01)
(0.0165 -0.0015 -0.01)
(0.01675 -0.0015 -0.01)
(0.017 -0.0015 -0.01)
(0.01725 -0.0015 -0.01)
(0.0175 -0.0015 -0.01)
(0.01775 -0.0015 -0.01)
(0.018 -0.0015 -0.01)
(0.01825 -0.0015 -0.01)
(0.0185 -0.0015 -0.01)
(0.01875 -0.0015 -0.01)
(0.019 -0.0015 -0.01)
(0.01925 -0.0015 -0.01)
(0.0195 -0.0015 -0.01)
(0.01975 -0.0015 -0.01)
(0.02 -0.0015 -0.01)
(0 -0.001 -0.01)
(0.00025 -0.001 -0.01)
(0.0005 -0.001 -0.01)
(0.00075 -0.001 -0.01)
(0.001 -0.001 -0.01)
(0.00125 -0.001 -0.01)
(0.0015 -0.001 -0.01)
(0.00175 -0.001 -0.01)
(0.002 -0.001 -0.01)
(0.00225 -0.001 -0.01)
(0.0025 -0.001 -0.01)
(0.00275 -0.001 -0.01)
(0.003 -0.001 -0.01)
(0.00325 -0.001 -0.01)
(0.0035 -0.001 -0.01)
(0.00375 -0.001 -0.01)
(0.004 -0.001 -0.01)
(0.00425 -0.001 -0.01)
(0.0045 -0.001 -0.01)
(0.00475 -0.001 -0.01)
(0.005 -0.001 -0.01)
(0.00525 -0.001 -0.01)
(0.0055 -0.001 -0.01)
(0.00575 -0.001 -0.01)
(0.006 -0.001 -0.01)
(0.00625 -0.001 -0.01)
(0.0065 -0.001 -0.01)
(0.00675 -0.001 -0.01)
(0.007 -0.001 -0.01)
(0.00725 -0.001 -0.01)
(0.0075 -0.001 -0.01)
(0.00775 -0.001 -0.01)
(0.008 -0.001 -0.01)
(0.00825 -0.001 -0.01)
(0.0085 -0.001 -0.01)
(0.00875 -0.001 -0.01)
(0.009 -0.001 -0.01)
(0.00925 -0.001 -0.01)
(0.0095 -0.001 -0.01)
(0.00975 -0.001 -0.01)
(0.01 -0.001 -0.01)
(0.01025 -0.001 -0.01)
(0.0105 -0.001 -0.01)
(0.01075 -0.001 -0.01)
(0.011 -0.001 -0.01)
(0.01125 -0.001 -0.01)
(0.0115 -0.001 -0.01)
(0.01175 -0.001 -0.01)
(0.012 -0.001 -0.01)
(0.01225 -0.001 -0.01)
(0.0125 -0.001 -0.01)
(0.01275 -0.001 -0.01)
(0.013 -0.001 -0.01)
(0.01325 -0.001 -0.01)
(0.0135 -0.001 -0.01)
(0.01375 -0.001 -0.01)
(0.014 -0.001 -0.01)
(0.01425 -0.001 -0.01)
(0.0145 -0.001 -0.01)
(0.01475 -0.001 -0.01)
(0.015 -0.001 -0.01)
(0.01525 -0.001 -0.01)
(0.0155 -0.001 -0.01)
(0.01575 -0.001 -0.01)
(0.016 -0.001 -0.01)
(0.01625 -0.001 -0.01)
(0.0165 -0.001 -0.01)
(0.01675 -0.001 -0.01)
(0.017 -0.001 -0.01)
(0.01725 -0.001 -0.01)
(0.0175 -0.001 -0.01)
(0.01775 -0.001 -0.01)
(0.018 -0.001 -0.01)
(0.01825 -0.001 -0.01)
(0.0185 -0.001 -0.01)
(0.01875 -0.001 -0.01)
(0.019 -0.001 -0.01)
(0.01925 -0.001 -0.01)
(0.0195 -0.001 -0.01)
(0.01975 -0.001 -0.01)
(0.02 -0.001 -0.01)
(0 -0.0005 -0.01)
(0.00025 -0.0005 -0.01)
(0.0005 -0.0005 -0.01)
(0.00075 -0.0005 -0.01)
(0.001 -0.0005 -0.01)
(0.00125 -0.0005 -0.01)
(0.0015 -0.0005 -0.01)
(0.00175 -0.0005 -0.01)
(0.002 -0.0005 -0.01)
(0.00225 -0.0005 -0.01)
(0.0025 -0.0005 -0.01)
(0.00275 -0.0005 -0.01)
(0.003 -0.0005 -0.01)
(0.00325 -0.0005 -0.01)
(0.0035 -0.0005 -0.01)
(0.00375 -0.0005 -0.01)
(0.004 -0.0005 -0.01)
(0.00425 -0.0005 -0.01)
(0.0045 -0.0005 -0.01)
(0.00475 -0.0005 -0.01)
(0.005 -0.0005 -0.01)
(0.00525 -0.0005 -0.01)
(0.0055 -0.0005 -0.01)
(0.00575 -0.0005 -0.01)
(0.006 -0.0005 -0.01)
(0.00625 -0.0005 -0.01)
(0.0065 -0.0005 -0.01)
(0.00675 -0.0005 -0.01)
(0.007 -0.0005 -0.01)
(0.00725 -0.0005 -0.01)
(0.0075 -0.0005 -0.01)
(0.00775 -0.0005 -0.01)
(0.008 -0.0005 -0.01)
(0.00825 -0.0005 -0.01)
(0.0085 -0.0005 -0.01)
(0.00875 -0.0005 -0.01)
(0.009 -0.0005 -0.01)
(0.00925 -0.0005 -0.01)
(0.0095 -0.0005 -0.01)
(0.00975 -0.0005 -0.01)
(0.01 -0.0005 -0.01)
(0.01025 -0.0005 -0.01)
(0.0105 -0.0005 -0.01)
(0.01075 -0.0005 -0.01)
(0.011 -0.0005 -0.01)
(0.01125 -0.0005 -0.01)
(0.0115 -0.0005 -0.01)
(0.01175 -0.0005 -0.01)
(0.012 -0.0005 -0.01)
(0.01225 -0.0005 -0.01)
(0.0125 -0.0005 -0.01)
(0.01275 -0.0005 -0.01)
(0.013 -0.0005 -0.01)
(0.01325 -0.0005 -0.01)
(0.0135 -0.0005 -0.01)
(0.01375 -0.0005 -0.01)
(0.014 -0.0005 -0.01)
(0.01425 -0.0005 -0.01)
(0.0145 -0.0005 -0.01)
(0.01475 -0.0005 -0.01)
(0.015 -0.0005 -0.01)
(0.01525 -0.0005 -0.01)
(0.0155 -0.0005 -0.01)
(0.01575 -0.0005 -0.01)
(0.016 -0.0005 -0.01)
(0.01625 -0.0005 -0.01)
(0.0165 -0.0005 -0.01)
(0.01675 -0.0005 -0.01)
(0.017 -0.0005 -0.01)
(0.01725 -0.0005 -0.01)
(0.0175 -0.0005 -0.01)
(0.01775 -0.0005 -0.01)
(0.018 -0.0005 -0.01)
(0.01825 -0.0005 -0.01)
(0.0185 -0.0005 -0.01)
(0.01875 -0.0005 -0.01)
(0.019 -0.0005 -0.01)
(0.01925 -0.0005 -0.01)
(0.0195 -0.0005 -0.01)
(0.01975 -0.0005 -0.01)
(0.02 -0.0005 -0.01)
(0 0 -0.01)
(0.00025 9.208490452e-20 -0.01)
(0.0005 -8.67361738e-22 -0.01)
(0.00075 9.121754278e-20 -0.01)
(0.001 -1.734723476e-21 -0.01)
(0.00125 9.035018104e-20 -0.01)
(0.0015 -1.066854938e-19 -0.01)
(0.00175 8.94828193e-20 -0.01)
(0.002 -1.075528555e-19 -0.01)
(0.00225 8.861545756e-20 -0.01)
(0.0025 -1.084202172e-19 -0.01)
(0.00275 -1.633531273e-20 -0.01)
(0.003 -1.09287579e-19 -0.01)
(0.00325 -1.720267447e-20 -0.01)
(0.0035 -1.101549407e-19 -0.01)
(0.00375 -1.807003621e-20 -0.01)
(0.004 7.401486831e-20 -0.01)
(0.00425 -1.893739795e-20 -0.01)
(0.0045 7.314750657e-20 -0.01)
(0.00475 -1.643650493e-19 -0.01)
(0.005 7.228014483e-20 -0.01)
(0.00525 1.643650493e-19 -0.01)
(0.0055 7.141278309e-20 -0.01)
(0.00575 1.893739795e-20 -0.01)
(0.006 2.15105711e-19 -0.01)
(0.00625 1.807003621e-20 -0.01)
(0.0065 1.101549407e-19 -0.01)
(0.00675 1.720267447e-20 -0.01)
(0.007 -3.527271068e-20 -0.01)
(0.00725 -1.282249769e-19 -0.01)
(0.0075 -3.614007242e-20 -0.01)
(0.00775 5.59448321e-20 -0.01)
(0.008 -3.700743415e-20 -0.01)
(0.00825 5.507747036e-20 -0.01)
(0.0085 -3.787479589e-20 -0.01)
(0.00875 5.421010862e-20 -0.01)
(0.009 1.462950131e-19 -0.01)
(0.00925 5.334274689e-20 -0.01)
(0.0095 8.67361738e-22 -0.01)
(0.00975 1.970356748e-19 -0.01)
(0.01 0 -0.01)
(0.01025 -5.247538515e-20 -0.01)
(0.0105 -8.67361738e-22 -0.01)
(0.01075 -5.334274689e-20 -0.01)
(0.011 -1.734723476e-21 -0.01)
(0.01125 -5.421010862e-20 -0.01)
(0.0115 3.787479589e-20 -0.01)
(0.01175 -5.507747036e-20 -0.01)
(0.012 3.700743415e-20 -0.01)
(0.01225 1.633531273e-20 -0.01)
(0.0125 3.614007242e-20 -0.01)
(0.01275 -1.633531273e-20 -0.01)
(0.013 3.527271068e-20 -0.01)
(0.01325 -1.720267447e-20 -0.01)
(0.0135 3.440534894e-20 -0.01)
(0.01375 -1.807003621e-20 -0.01)
(0.014 1.734723476e-21 -0.01)
(0.01425 -1.893739795e-20 -0.01)
(0.0145 8.67361738e-22 -0.01)
(0.01475 -1.980475968e-20 -0.01)
(0.015 0 -0.01)
(0.01525 1.980475968e-20 -0.01)
(0.0155 -8.67361738e-22 -0.01)
(0.01575 1.893739795e-20 -0.01)
(0.016 -1.734723476e-21 -0.01)
(0.01625 1.807003621e-20 -0.01)
(0.0165 1.734723476e-21 -0.01)
(0.01675 1.720267447e-20 -0.01)
(0.017 8.67361738e-22 -0.01)
(0.01725 1.633531273e-20 -0.01)
(0.0175 0 -0.01)
(0.01775 -1.633531273e-20 -0.01)
(0.018 -8.67361738e-22 -0.01)
(0.01825 8.67361738e-22 -0.01)
(0.0185 -1.734723476e-21 -0.01)
(0.01875 0 -0.01)
(0.019 1.734723476e-21 -0.01)
(0.01925 -8.67361738e-22 -0.01)
(0.0195 8.67361738e-22 -0.01)
(0.01975 -1.734723476e-21 -0.01)
(0.02 0 -0.01)
(0 0.0005 -0.01)
(0.00025 0.0005 -0.01)
(0.0005 0.0005 -0.01)
(0.00075 0.0005 -0.01)
(0.001 0.0005 -0.01)
(0.00125 0.0005 -0.01)
(0.0015 0.0005 -0.01)
(0.00175 0.0005 -0.01)
(0.002 0.0005 -0.01)
(0.00225 0.0005 -0.01)
(0.0025 0.0005 -0.01)
(0.00275 0.0005 -0.01)
(0.003 0.0005 -0.01)
(0.00325 0.0005 -0.01)
(0.0035 0.0005 -0.01)
(0.00375 0.0005 -0.01)
(0.004 0.0005 -0.01)
(0.00425 0.0005 -0.01)
(0.0045 0.0005 -0.01)
(0.00475 0.0005 -0.01)
(0.005 0.0005 -0.01)
(0.00525 0.0005 -0.01)
(0.0055 0.0005 -0.01)
(0.00575 0.0005 -0.01)
(0.006 0.0005 -0.01)
(0.00625 0.0005 -0.01)
(0.0065 0.0005 -0.01)
(0.00675 0.0005 -0.01)
(0.007 0.0005 -0.01)
(0.00725 0.0005 -0.01)
(0.0075 0.0005 -0.01)
(0.00775 0.0005 -0.01)
(0.008 0.0005 -0.01)
(0.00825 0.0005 -0.01)
(0.0085 0.0005 -0.01)
(0.00875 0.0005 -0.01)
(0.009 0.0005 -0.01)
(0.00925 0.0005 -0.01)
(0.0095 0.0005 -0.01)
(0.00975 0.0005 -0.01)
(0.01 0.0005 -0.01)
(0.01025 0.0005 -0.01)
(0.0105 0.0005 -0.01)
(0.01075 0.0005 -0.01)
(0.011 0.0005 -0.01)
(0.01125 0.0005 -0.01)
(0.0115 0.0005 -0.01)
(0.01175 0.0005 -0.01)
(0.012 0.0005 -0.01)
(0.01225 0.0005 -0.01)
(0.0125 0.0005 -0.01)
(0.01275 0.0005 -0.01)
(0.013 0.0005 -0.01)
(0.01325 0.0005 -0.01)
(0.0135 0.0005 -0.01)
(0.01375 0.0005 -0.01)
(0.014 0.0005 -0.01)
(0.01425 0.0005 -0.01)
(0.0145 0.0005 -0.01)
(0.01475 0.0005 -0.01)
(0.015 0.0005 -0.01)
(0.01525 0.0005 -0.01)
(0.0155 0.0005 -0.01)
(0.01575 0.0005 -0.01)
(0.016 0.0005 -0.01)
(0.01625 0.0005 -0.01)
(0.0165 0.0005 -0.01)
(0.01675 0.0005 -0.01)
(0.017 0.0005 -0.01)
(0.01725 0.0005 -0.01)
(0.0175 0.0005 -0.01)
(0.01775 0.0005 -0.01)
(0.018 0.0005 -0.01)
(0.01825 0.0005 -0.01)
(0.0185 0.0005 -0.01)
(0.01875 0.0005 -0.01)
(0.019 0.0005 -0.01)
(0.01925 0.0005 -0.01)
(0.0195 0.0005 -0.01)
(0.01975 0.0005 -0.01)
(0.02 0.0005 -0.01)
(0 0.001 -0.01)
(0.00025 0.001 -0.01)
(0.0005 0.001 -0.01)
(0.00075 0.001 -0.01)
(0.001 0.001 -0.01)
(0.00125 0.001 -0.01)
(0.0015 0.001 -0.01)
(0.00175 0.001 -0.01)
(0.002 0.001 -0.01)
(0.00225 0.001 -0.01)
(0.0025 0.001 -0.01)
(0.00275 0.001 -0.01)
(0.003 0.001 -0.01)
(0.00325 0.001 -0.01)
(0.0035 0.001 -0.01)
(0.00375 0.001 -0.01)
(0.004 0.001 -0.01)
(0.00425 0.001 -0.01)
(0.0045 0.001 -0.01)
(0.00475 0.001 -0.01)
(0.005 0.001 -0.01)
(0.00525 0.001 -0.01)
(0.0055 0.001 -0.01)
(0.00575 0.001 -0.01)
(0.006 0.001 -0.01)
(0.00625 0.001 -0.01)
(0.0065 0.001 -0.01)
(0.00675 0.001 -0.01)
(0.007 0.001 -0.01)
(0.00725 0.001 -0.01)
(0.0075 0.001 -0.01)
(0.00775 0.001 -0.01)
(0.008 0.001 -0.01)
(0.00825 0.001 -0.01)
(0.0085 0.001 -0.01)
(0.00875 0.001 -0.01)
(0.009 0.001 -0.01)
(0.00925 0.001 -0.01)
(0.0095 0.001 -0.01)
(0.00975 0.001 -0.01)
(0.01 0.001 -0.01)
(0.01025 0.001 -0.01)
(0.0105 0.001 -0.01)
(0.01075 0.001 -0.01)
(0.011 0.001 -0.01)
(0.01125 0.001 -0.01)
(0.0115 0.001 -0.01)
(0.01175 0.001 -0.01)
(0.012 0.001 -0.01)
(0.01225 0.001 -0.01)
(0.0125 0.001 -0.01)
(0.01275 0.001 -0.01)
(0.013 0.001 -0.01)
(0.01325 0.001 -0.01)
(0.0135 0.001 -0.01)
(0.01375 0.001 -0.01)
(0.014 0.001 -0.01)
(0.01425 0.001 -0.01)
(0.0145 0.001 -0.01)
(0.01475 0.001 -0.01)
(0.015 0.001 -0.01)
(0.01525 0.001 -0.01)
(0.0155 0.001 -0.01)
(0.01575 0.001 -0.01)
(0.016 0.001 -0.01)
(0.01625 0.001 -0.01)
(0.0165 0.001 -0.01)
(0.01675 0.001 -0.01)
(0.017 0.001 -0.01)
(0.01725 0.001 -0.01)
(0.0175 0.001 -0.01)
(0.01775 0.001 -0.01)
(0.018 0.001 -0.01)
(0.01825 0.001 -0.01)
(0.0185 0.001 -0.01)
(0.01875 0.001 -0.01)
(0.019 0.001 -0.01)
(0.01925 0.001 -0.01)
(0.0195 0.001 -0.01)
(0.01975 0.001 -0.01)
(0.02 0.001 -0.01)
(0 0.0015 -0.01)
(0.00025 0.0015 -0.01)
(0.0005 0.0015 -0.01)
(0.00075 0.0015 -0.01)
(0.001 0.0015 -0.01)
(0.00125 0.0015 -0.01)
(0.0015 0.0015 -0.01)
(0.00175 0.0015 -0.01)
(0.002 0.0015 -0.01)
(0.00225 0.0015 -0.01)
(0.0025 0.0015 -0.01)
(0.00275 0.0015 -0.01)
(0.003 0.0015 -0.01)
(0.00325 0.0015 -0.01)
(0.0035 0.0015 -0.01)
(0.00375 0.0015 -0.01)
(0.004 0.0015 -0.01)
(0.00425 0.0015 -0.01)
(0.0045 0.0015 -0.01)
(0.00475 0.0015 -0.01)
(0.005 0.0015 -0.01)
(0.00525 0.0015 -0.01)
(0.0055 0.0015 -0.01)
(0.00575 0.0015 -0.01)
(0.006 0.0015 -0.01)
(0.00625 0.0015 -0.01)
(0.0065 0.0015 -0.01)
(0.00675 0.0015 -0.01)
(0.007 0.0015 -0.01)
(0.00725 0.0015 -0.01)
(0.0075 0.0015 -0.01)
(0.00775 0.0015 -0.01)
(0.008 0.0015 -0.01)
(0.00825 0.0015 -0.01)
(0.0085 0.0015 -0.01)
(0.00875 0.0015 -0.01)
(0.009 0.0015 -0.01)
(0.00925 0.0015 -0.01)
(0.0095 0.0015 -0.01)
(0.00975 0.0015 -0.01)
(0.01 0.0015 -0.01)
(0.01025 0.0015 -0.01)
(0.0105 0.0015 -0.01)
(0.01075 0.0015 -0.01)
(0.011 0.0015 -0.01)
(0.01125 0.0015 -0.01)
(0.0115 0.0015 -0.01)
(0.01175 0.0015 -0.01)
(0.012 0.0015 -0.01)
(0.01225 0.0015 -0.01)
(0.0125 0.0015 -0.01)
(0.01275 0.0015 -0.01)
(0.013 0.0015 -0.01)
(0.01325 0.0015 -0.01)
(0.0135 0.0015 -0.01)
(0.01375 0.0015 -0.01)
(0.014 0.0015 -0.01)
(0.01425 0.0015 -0.01)
(0.0145 0.0015 -0.01)
(0.01475 0.0015 -0.01)
(0.015 0.0015 -0.01)
(0.01525 0.0015 -0.01)
(0.0155 0.0015 -0.01)
(0.01575 0.0015 -0.01)
(0.016 0.0015 -0.01)
(0.01625 0.0015 -0.01)
(0.0165 0.0015 -0.01)
(0.01675 0.0015 -0.01)
(0.017 0.0015 -0.01)
(0.01725 0.0015 -0.01)
(0.0175 0.0015 -0.01)
(0.01775 0.0015 -0.01)
(0.018 0.0015 -0.01)
(0.01825 0.0015 -0.01)
(0.0185 0.0015 -0.01)
(0.01875 0.0015 -0.01)
(0.019 0.0015 -0.01)
(0.01925 0.0015 -0.01)
(0.0195 0.0015 -0.01)
(0.01975 0.0015 -0.01)
(0.02 0.0015 -0.01)
(0 0.002 -0.01)
(0.00025 0.002 -0.01)
(0.0005 0.002 -0.01)
(0.00075 0.002 -0.01)
(0.001 0.002 -0.01)
(0.00125 0.002 -0.01)
(0.0015 0.002 -0.01)
(0.00175 0.002 -0.01)
(0.002 0.002 -0.01)
(0.00225 0.002 -0.01)
(0.0025 0.002 -0.01)
(0.00275 0.002 -0.01)
(0.003 0.002 -0.01)
(0.00325 0.002 -0.01)
(0.0035 0.002 -0.01)
(0.00375 0.002 -0.01)
(0.004 0.002 -0.01)
(0.00425 0.002 -0.01)
(0.0045 0.002 -0.01)
(0.00475 0.002 -0.01)
(0.005 0.002 -0.01)
(0.00525 0.002 -0.01)
(0.0055 0.002 -0.01)
(0.00575 0.002 -0.01)
(0.006 0.002 -0.01)
(0.00625 0.002 -0.01)
(0.0065 0.002 -0.01)
(0.00675 0.002 -0.01)
(0.007 0.002 -0.01)
(0.00725 0.002 -0.01)
(0.0075 0.002 -0.01)
(0.00775 0.002 -0.01)
(0.008 0.002 -0.01)
(0.00825 0.002 -0.01)
(0.0085 0.002 -0.01)
(0.00875 0.002 -0.01)
(0.009 0.002 -0.01)
(0.00925 0.002 -0.01)
(0.0095 0.002 -0.01)
(0.00975 0.002 -0.01)
(0.01 0.002 -0.01)
(0.01025 0.002 -0.01)
(0.0105 0.002 -0.01)
(0.01075 0.002 -0.01)
(0.011 0.002 -0.01)
(0.01125 0.002 -0.01)
(0.0115 0.002 -0.01)
(0.01175 0.002 -0.01)
(0.012 0.002 -0.01)
(0.01225 0.002 -0.01)
(0.0125 0.002 -0.01)
(0.01275 0.002 -0.01)
(0.013 0.002 -0.01)
(0.01325 0.002 -0.01)
(0.0135 0.002 -0.01)
(0.01375 0.002 -0.01)
(0.014 0.002 -0.01)
(0.01425 0.002 -0.01)
(0.0145 0.002 -0.01)
(0.01475 0.002 -0.01)
(0.015 0.002 -0.01)
(0.01525 0.002 -0.01)
(0.0155 0.002 -0.01)
(0.01575 0.002 -0.01)
(0.016 0.002 -0.01)
(0.01625 0.002 -0.01)
(0.0165 0.002 -0.01)
(0.01675 0.002 -0.01)
(0.017 0.002 -0.01)
(0.01725 0.002 -0.01)
(0.0175 0.002 -0.01)
(0.01775 0.002 -0.01)
(0.018 0.002 -0.01)
(0.01825 0.002 -0.01)
(0.0185 0.002 -0.01)
(0.01875 0.002 -0.01)
(0.019 0.002 -0.01)
(0.01925 0.002 -0.01)
(0.0195 0.002 -0.01)
(0.01975 0.002 -0.01)
(0.02 0.002 -0.01)
(0 0.0025 -0.01)
(0.00025 0.0025 -0.01)
(0.0005 0.0025 -0.01)
(0.00075 0.0025 -0.01)
(0.001 0.0025 -0.01)
(0.00125 0.0025 -0.01)
(0.0015 0.0025 -0.01)
(0.00175 0.0025 -0.01)
(0.002 0.0025 -0.01)
(0.00225 0.0025 -0.01)
(0.0025 0.0025 -0.01)
(0.00275 0.0025 -0.01)
(0.003 0.0025 -0.01)
(0.00325 0.0025 -0.01)
(0.0035 0.0025 -0.01)
(0.00375 0.0025 -0.01)
(0.004 0.0025 -0.01)
(0.00425 0.0025 -0.01)
(0.0045 0.0025 -0.01)
(0.00475 0.0025 -0.01)
(0.005 0.0025 -0.01)
(0.00525 0.0025 -0.01)
(0.0055 0.0025 -0.01)
(0.00575 0.0025 -0.01)
(0.006 0.0025 -0.01)
(0.00625 0.0025 -0.01)
(0.0065 0.0025 -0.01)
(0.00675 0.0025 -0.01)
(0.007 0.0025 -0.01)
(0.00725 0.0025 -0.01)
(0.0075 0.0025 -0.01)
(0.00775 0.0025 -0.01)
(0.008 0.0025 -0.01)
(0.00825 0.0025 -0.01)
(0.0085 0.0025 -0.01)
(0.00875 0.0025 -0.01)
(0.009 0.0025 -0.01)
(0.00925 0.0025 -0.01)
(0.0095 0.0025 -0.01)
(0.00975 0.0025 -0.01)
(0.01 0.0025 -0.01)
(0.01025 0.0025 -0.01)
(0.0105 0.0025 -0.01)
(0.01075 0.0025 -0.01)
(0.011 0.0025 -0.01)
(0.01125 0.0025 -0.01)
(0.0115 0.0025 -0.01)
(0.01175 0.0025 -0.01)
(0.012 0.0025 -0.01)
(0.01225 0.0025 -0.01)
(0.0125 0.0025 -0.01)
(0.01275 0.0025 -0.01)
(0.013 0.0025 -0.01)
(0.01325 0.0025 -0.01)
(0.0135 0.0025 -0.01)
(0.01375 0.0025 -0.01)
(0.014 0.0025 -0.01)
(0.01425 0.0025 -0.01)
(0.0145 0.0025 -0.01)
(0.01475 0.0025 -0.01)
(0.015 0.0025 -0.01)
(0.01525 0.0025 -0.01)
(0.0155 0.0025 -0.01)
(0.01575 0.0025 -0.01)
(0.016 0.0025 -0.01)
(0.01625 0.0025 -0.01)
(0.0165 0.0025 -0.01)
(0.01675 0.0025 -0.01)
(0.017 0.0025 -0.01)
(0.01725 0.0025 -0.01)
(0.0175 0.0025 -0.01)
(0.01775 0.0025 -0.01)
(0.018 0.0025 -0.01)
(0.01825 0.0025 -0.01)
(0.0185 0.0025 -0.01)
(0.01875 0.0025 -0.01)
(0.019 0.0025 -0.01)
(0.01925 0.0025 -0.01)
(0.0195 0.0025 -0.01)
(0.01975 0.0025 -0.01)
(0.02 0.0025 -0.01)
(0 0.003 -0.01)
(0.00025 0.003 -0.01)
(0.0005 0.003 -0.01)
(0.00075 0.003 -0.01)
(0.001 0.003 -0.01)
(0.00125 0.003 -0.01)
(0.0015 0.003 -0.01)
(0.00175 0.003 -0.01)
(0.002 0.003 -0.01)
(0.00225 0.003 -0.01)
(0.0025 0.003 -0.01)
(0.00275 0.003 -0.01)
(0.003 0.003 -0.01)
(0.00325 0.003 -0.01)
(0.0035 0.003 -0.01)
(0.00375 0.003 -0.01)
(0.004 0.003 -0.01)
(0.00425 0.003 -0.01)
(0.0045 0.003 -0.01)
(0.00475 0.003 -0.01)
(0.005 0.003 -0.01)
(0.00525 0.003 -0.01)
(0.0055 0.003 -0.01)
(0.00575 0.003 -0.01)
(0.006 0.003 -0.01)
(0.00625 0.003 -0.01)
(0.0065 0.003 -0.01)
(0.00675 0.003 -0.01)
(0.007 0.003 -0.01)
(0.00725 0.003 -0.01)
(0.0075 0.003 -0.01)
(0.00775 0.003 -0.01)
(0.008 0.003 -0.01)
(0.00825 0.003 -0.01)
(0.0085 0.003 -0.01)
(0.00875 0.003 -0.01)
(0.009 0.003 -0.01)
(0.00925 0.003 -0.01)
(0.0095 0.003 -0.01)
(0.00975 0.003 -0.01)
(0.01 0.003 -0.01)
(0.01025 0.003 -0.01)
(0.0105 0.003 -0.01)
(0.01075 0.003 -0.01)
(0.011 0.003 -0.01)
(0.01125 0.003 -0.01)
(0.0115 0.003 -0.01)
(0.01175 0.003 -0.01)
(0.012 0.003 -0.01)
(0.01225 0.003 -0.01)
(0.0125 0.003 -0.01)
(0.01275 0.003 -0.01)
(0.013 0.003 -0.01)
(0.01325 0.003 -0.01)
(0.0135 0.003 -0.01)
(0.01375 0.003 -0.01)
(0.014 0.003 -0.01)
(0.01425 0.003 -0.01)
(0.0145 0.003 -0.01)
(0.01475 0.003 -0.01)
(0.015 0.003 -0.01)
(0.01525 0.003 -0.01)
(0.0155 0.003 -0.01)
(0.01575 0.003 -0.01)
(0.016 0.003 -0.01)
(0.01625 0.003 -0.01)
(0.0165 0.003 -0.01)
(0.01675 0.003 -0.01)
(0.017 0.003 -0.01)
(0.01725 0.003 -0.01)
(0.0175 0.003 -0.01)
(0.01775 0.003 -0.01)
(0.018 0.003 -0.01)
(0.01825 0.003 -0.01)
(0.0185 0.003 -0.01)
(0.01875 0.003 -0.01)
(0.019 0.003 -0.01)
(0.01925 0.003 -0.01)
(0.0195 0.003 -0.01)
(0.01975 0.003 -0.01)
(0.02 0.003 -0.01)
(0 0.0035 -0.01)
(0.00025 0.0035 -0.01)
(0.0005 0.0035 -0.01)
(0.00075 0.0035 -0.01)
(0.001 0.0035 -0.01)
(0.00125 0.0035 -0.01)
(0.0015 0.0035 -0.01)
(0.00175 0.0035 -0.01)
(0.002 0.0035 -0.01)
(0.00225 0.0035 -0.01)
(0.0025 0.0035 -0.01)
(0.00275 0.0035 -0.01)
(0.003 0.0035 -0.01)
(0.00325 0.0035 -0.01)
(0.0035 0.0035 -0.01)
(0.00375 0.0035 -0.01)
(0.004 0.0035 -0.01)
(0.00425 0.0035 -0.01)
(0.0045 0.0035 -0.01)
(0.00475 0.0035 -0.01)
(0.005 0.0035 -0.01)
(0.00525 0.0035 -0.01)
(0.0055 0.0035 -0.01)
(0.00575 0.0035 -0.01)
(0.006 0.0035 -0.01)
(0.00625 0.0035 -0.01)
(0.0065 0.0035 -0.01)
(0.00675 0.0035 -0.01)
(0.007 0.0035 -0.01)
(0.00725 0.0035 -0.01)
(0.0075 0.0035 -0.01)
(0.00775 0.0035 -0.01)
(0.008 0.0035 -0.01)
(0.00825 0.0035 -0.01)
(0.0085 0.0035 -0.01)
(0.00875 0.0035 -0.01)
(0.009 0.0035 -0.01)
(0.00925 0.0035 -0.01)
(0.0095 0.0035 -0.01)
(0.00975 0.0035 -0.01)
(0.01 0.0035 -0.01)
(0.01025 0.0035 -0.01)
(0.0105 0.0035 -0.01)
(0.01075 0.0035 -0.01)
(0.011 0.0035 -0.01)
(0.01125 0.0035 -0.01)
(0.0115 0.0035 -0.01)
(0.01175 0.0035 -0.01)
(0.012 0.0035 -0.01)
(0.01225 0.0035 -0.01)
(0.0125 0.0035 -0.01)
(0.01275 0.0035 -0.01)
(0.013 0.0035 -0.01)
(0.01325 0.0035 -0.01)
(0.0135 0.0035 -0.01)
(0.01375 0.0035 -0.01)
(0.014 0.0035 -0.01)
(0.01425 0.0035 -0.01)
(0.0145 0.0035 -0.01)
(0.01475 0.0035 -0.01)
(0.015 0.0035 -0.01)
(0.01525 0.0035 -0.01)
(0.0155 0.0035 -0.01)
(0.01575 0.0035 -0.01)
(0.016 0.0035 -0.01)
(0.01625 0.0035 -0.01)
(0.0165 0.0035 -0.01)
(0.01675 0.0035 -0.01)
(0.017 0.0035 -0.01)
(0.01725 0.0035 -0.01)
(0.0175 0.0035 -0.01)
(0.01775 0.0035 -0.01)
(0.018 0.0035 -0.01)
(0.01825 0.0035 -0.01)
(0.0185 0.0035 -0.01)
(0.01875 0.0035 -0.01)
(0.019 0.0035 -0.01)
(0.01925 0.0035 -0.01)
(0.0195 0.0035 -0.01)
(0.01975 0.0035 -0.01)
(0.02 0.0035 -0.01)
(0 0.004 -0.01)
(0.00025 0.004 -0.01)
(0.0005 0.004 -0.01)
(0.00075 0.004 -0.01)
(0.001 0.004 -0.01)
(0.00125 0.004 -0.01)
(0.0015 0.004 -0.01)
(0.00175 0.004 -0.01)
(0.002 0.004 -0.01)
(0.00225 0.004 -0.01)
(0.0025 0.004 -0.01)
(0.00275 0.004 -0.01)
(0.003 0.004 -0.01)
(0.00325 0.004 -0.01)
(0.0035 0.004 -0.01)
(0.00375 0.004 -0.01)
(0.004 0.004 -0.01)
(0.00425 0.004 -0.01)
(0.0045 0.004 -0.01)
(0.00475 0.004 -0.01)
(0.005 0.004 -0.01)
(0.00525 0.004 -0.01)
(0.0055 0.004 -0.01)
(0.00575 0.004 -0.01)
(0.006 0.004 -0.01)
(0.00625 0.004 -0.01)
(0.0065 0.004 -0.01)
(0.00675 0.004 -0.01)
(0.007 0.004 -0.01)
(0.00725 0.004 -0.01)
(0.0075 0.004 -0.01)
(0.00775 0.004 -0.01)
(0.008 0.004 -0.01)
(0.00825 0.004 -0.01)
(0.0085 0.004 -0.01)
(0.00875 0.004 -0.01)
(0.009 0.004 -0.01)
(0.00925 0.004 -0.01)
(0.0095 0.004 -0.01)
(0.00975 0.004 -0.01)
(0.01 0.004 -0.01)
(0.01025 0.004 -0.01)
(0.0105 0.004 -0.01)
(0.01075 0.004 -0.01)
(0.011 0.004 -0.01)
(0.01125 0.004 -0.01)
(0.0115 0.004 -0.01)
(0.01175 0.004 -0.01)
(0.012 0.004 -0.01)
(0.01225 0.004 -0.01)
(0.0125 0.004 -0.01)
(0.01275 0.004 -0.01)
(0.013 0.004 -0.01)
(0.01325 0.004 -0.01)
(0.0135 0.004 -0.01)
(0.01375 0.004 -0.01)
(0.014 0.004 -0.01)
(0.01425 0.004 -0.01)
(0.0145 0.004 -0.01)
(0.01475 0.004 -0.01)
(0.015 0.004 -0.01)
(0.01525 0.004 -0.01)
(0.0155 0.004 -0.01)
(0.01575 0.004 -0.01)
(0.016 0.004 -0.01)
(0.01625 0.004 -0.01)
(0.0165 0.004 -0.01)
(0.01675 0.004 -0.01)
(0.017 0.004 -0.01)
(0.01725 0.004 -0.01)
(0.0175 0.004 -0.01)
(0.01775 0.004 -0.01)
(0.018 0.004 -0.01)
(0.01825 0.004 -0.01)
(0.0185 0.004 -0.01)
(0.01875 0.004 -0.01)
(0.019 0.004 -0.01)
(0.01925 0.004 -0.01)
(0.0195 0.004 -0.01)
(0.01975 0.004 -0.01)
(0.02 0.004 -0.01)
(0 0.0045 -0.01)
(0.00025 0.0045 -0.01)
(0.0005 0.0045 -0.01)
(0.00075 0.0045 -0.01)
(0.001 0.0045 -0.01)
(0.00125 0.0045 -0.01)
(0.0015 0.0045 -0.01)
(0.00175 0.0045 -0.01)
(0.002 0.0045 -0.01)
(0.00225 0.0045 -0.01)
(0.0025 0.0045 -0.01)
(0.00275 0.0045 -0.01)
(0.003 0.0045 -0.01)
(0.00325 0.0045 -0.01)
(0.0035 0.0045 -0.01)
(0.00375 0.0045 -0.01)
(0.004 0.0045 -0.01)
(0.00425 0.0045 -0.01)
(0.0045 0.0045 -0.01)
(0.00475 0.0045 -0.01)
(0.005 0.0045 -0.01)
(0.00525 0.0045 -0.01)
(0.0055 0.0045 -0.01)
(0.00575 0.0045 -0.01)
(0.006 0.0045 -0.01)
(0.00625 0.0045 -0.01)
(0.0065 0.0045 -0.01)
(0.00675 0.0045 -0.01)
(0.007 0.0045 -0.01)
(0.00725 0.0045 -0.01)
(0.0075 0.0045 -0.01)
(0.00775 0.0045 -0.01)
(0.008 0.0045 -0.01)
(0.00825 0.0045 -0.01)
(0.0085 0.0045 -0.01)
(0.00875 0.0045 -0.01)
(0.009 0.0045 -0.01)
(0.00925 0.0045 -0.01)
(0.0095 0.0045 -0.01)
(0.00975 0.0045 -0.01)
(0.01 0.0045 -0.01)
(0.01025 0.0045 -0.01)
(0.0105 0.0045 -0.01)
(0.01075 0.0045 -0.01)
(0.011 0.0045 -0.01)
(0.01125 0.0045 -0.01)
(0.0115 0.0045 -0.01)
(0.01175 0.0045 -0.01)
(0.012 0.0045 -0.01)
(0.01225 0.0045 -0.01)
(0.0125 0.0045 -0.01)
(0.01275 0.0045 -0.01)
(0.013 0.0045 -0.01)
(0.01325 0.0045 -0.01)
(0.0135 0.0045 -0.01)
(0.01375 0.0045 -0.01)
(0.014 0.0045 -0.01)
(0.01425 0.0045 -0.01)
(0.0145 0.0045 -0.01)
(0.01475 0.0045 -0.01)
(0.015 0.0045 -0.01)
(0.01525 0.0045 -0.01)
(0.0155 0.0045 -0.01)
(0.01575 0.0045 -0.01)
(0.016 0.0045 -0.01)
(0.01625 0.0045 -0.01)
(0.0165 0.0045 -0.01)
(0.01675 0.0045 -0.01)
(0.017 0.0045 -0.01)
(0.01725 0.0045 -0.01)
(0.0175 0.0045 -0.01)
(0.01775 0.0045 -0.01)
(0.018 0.0045 -0.01)
(0.01825 0.0045 -0.01)
(0.0185 0.0045 -0.01)
(0.01875 0.0045 -0.01)
(0.019 0.0045 -0.01)
(0.01925 0.0045 -0.01)
(0.0195 0.0045 -0.01)
(0.01975 0.0045 -0.01)
(0.02 0.0045 -0.01)
(0 0.005 -0.01)
(0.00025 0.005 -0.01)
(0.0005 0.005 -0.01)
(0.00075 0.005 -0.01)
(0.001 0.005 -0.01)
(0.00125 0.005 -0.01)
(0.0015 0.005 -0.01)
(0.00175 0.005 -0.01)
(0.002 0.005 -0.01)
(0.00225 0.005 -0.01)
(0.0025 0.005 -0.01)
(0.00275 0.005 -0.01)
(0.003 0.005 -0.01)
(0.00325 0.005 -0.01)
(0.0035 0.005 -0.01)
(0.00375 0.005 -0.01)
(0.004 0.005 -0.01)
(0.00425 0.005 -0.01)
(0.0045 0.005 -0.01)
(0.00475 0.005 -0.01)
(0.005 0.005 -0.01)
(0.00525 0.005 -0.01)
(0.0055 0.005 -0.01)
(0.00575 0.005 -0.01)
(0.006 0.005 -0.01)
(0.00625 0.005 -0.01)
(0.0065 0.005 -0.01)
(0.00675 0.005 -0.01)
(0.007 0.005 -0.01)
(0.00725 0.005 -0.01)
(0.0075 0.005 -0.01)
(0.00775 0.005 -0.01)
(0.008 0.005 -0.01)
(0.00825 0.005 -0.01)
(0.0085 0.005 -0.01)
(0.00875 0.005 -0.01)
(0.009 0.005 -0.01)
(0.00925 0.005 -0.01)
(0.0095 0.005 -0.01)
(0.00975 0.005 -0.01)
(0.01 0.005 -0.01)
(0.01025 0.005 -0.01)
(0.0105 0.005 -0.01)
(0.01075 0.005 -0.01)
(0.011 0.005 -0.01)
(0.01125 0.005 -0.01)
(0.0115 0.005 -0.01)
(0.01175 0.005 -0.01)
(0.012 0.005 -0.01)
(0.01225 0.005 -0.01)
(0.0125 0.005 -0.01)
(0.01275 0.005 -0.01)
(0.013 0.005 -0.01)
(0.01325 0.005 -0.01)
(0.0135 0.005 -0.01)
(0.01375 0.005 -0.01)
(0.014 0.005 -0.01)
(0.01425 0.005 -0.01)
(0.0145 0.005 -0.01)
(0.01475 0.005 -0.01)
(0.015 0.005 -0.01)
(0.01525 0.005 -0.01)
(0.0155 0.005 -0.01)
(0.01575 0.005 -0.01)
(0.016 0.005 -0.01)
(0.01625 0.005 -0.01)
(0.0165 0.005 -0.01)
(0.01675 0.005 -0.01)
(0.017 0.005 -0.01)
(0.01725 0.005 -0.01)
(0.0175 0.005 -0.01)
(0.01775 0.005 -0.01)
(0.018 0.005 -0.01)
(0.01825 0.005 -0.01)
(0.0185 0.005 -0.01)
(0.01875 0.005 -0.01)
(0.019 0.005 -0.01)
(0.01925 0.005 -0.01)
(0.0195 0.005 -0.01)
(0.01975 0.005 -0.01)
(0.02 0.005 -0.01)
(0 0.0055 -0.01)
(0.00025 0.0055 -0.01)
(0.0005 0.0055 -0.01)
(0.00075 0.0055 -0.01)
(0.001 0.0055 -0.01)
(0.00125 0.0055 -0.01)
(0.0015 0.0055 -0.01)
(0.00175 0.0055 -0.01)
(0.002 0.0055 -0.01)
(0.00225 0.0055 -0.01)
(0.0025 0.0055 -0.01)
(0.00275 0.0055 -0.01)
(0.003 0.0055 -0.01)
(0.00325 0.0055 -0.01)
(0.0035 0.0055 -0.01)
(0.00375 0.0055 -0.01)
(0.004 0.0055 -0.01)
(0.00425 0.0055 -0.01)
(0.0045 0.0055 -0.01)
(0.00475 0.0055 -0.01)
(0.005 0.0055 -0.01)
(0.00525 0.0055 -0.01)
(0.0055 0.0055 -0.01)
(0.00575 0.0055 -0.01)
(0.006 0.0055 -0.01)
(0.00625 0.0055 -0.01)
(0.0065 0.0055 -0.01)
(0.00675 0.0055 -0.01)
(0.007 0.0055 -0.01)
(0.00725 0.0055 -0.01)
(0.0075 0.0055 -0.01)
(0.00775 0.0055 -0.01)
(0.008 0.0055 -0.01)
(0.00825 0.0055 -0.01)
(0.0085 0.0055 -0.01)
(0.00875 0.0055 -0.01)
(0.009 0.0055 -0.01)
(0.00925 0.0055 -0.01)
(0.0095 0.0055 -0.01)
(0.00975 0.0055 -0.01)
(0.01 0.0055 -0.01)
(0.01025 0.0055 -0.01)
(0.0105 0.0055 -0.01)
(0.01075 0.0055 -0.01)
(0.011 0.0055 -0.01)
(0.01125 0.0055 -0.01)
(0.0115 0.0055 -0.01)
(0.01175 0.0055 -0.01)
(0.012 0.0055 -0.01)
(0.01225 0.0055 -0.01)
(0.0125 0.0055 -0.01)
(0.01275 0.0055 -0.01)
(0.013 0.0055 -0.01)
(0.01325 0.0055 -0.01)
(0.0135 0.0055 -0.01)
(0.01375 0.0055 -0.01)
(0.014 0.0055 -0.01)
(0.01425 0.0055 -0.01)
(0.0145 0.0055 -0.01)
(0.01475 0.0055 -0.01)
(0.015 0.0055 -0.01)
(0.01525 0.0055 -0.01)
(0.0155 0.0055 -0.01)
(0.01575 0.0055 -0.01)
(0.016 0.0055 -0.01)
(0.01625 0.0055 -0.01)
(0.0165 0.0055 -0.01)
(0.01675 0.0055 -0.01)
(0.017 0.0055 -0.01)
(0.01725 0.0055 -0.01)
(0.0175 0.0055 -0.01)
(0.01775 0.0055 -0.01)
(0.018 0.0055 -0.01)
(0.01825 0.0055 -0.01)
(0.0185 0.0055 -0.01)
(0.01875 0.0055 -0.01)
(0.019 0.0055 -0.01)
(0.01925 0.0055 -0.01)
(0.0195 0.0055 -0.01)
(0.01975 0.0055 -0.01)
(0.02 0.0055 -0.01)
(0 0.006 -0.01)
(0.00025 0.006 -0.01)
(0.0005 0.006 -0.01)
(0.00075 0.006 -0.01)
(0.001 0.006 -0.01)
(0.00125 0.006 -0.01)
(0.0015 0.006 -0.01)
(0.00175 0.006 -0.01)
(0.002 0.006 -0.01)
(0.00225 0.006 -0.01)
(0.0025 0.006 -0.01)
(0.00275 0.006 -0.01)
(0.003 0.006 -0.01)
(0.00325 0.006 -0.01)
(0.0035 0.006 -0.01)
(0.00375 0.006 -0.01)
(0.004 0.006 -0.01)
(0.00425 0.006 -0.01)
(0.0045 0.006 -0.01)
(0.00475 0.006 -0.01)
(0.005 0.006 -0.01)
(0.00525 0.006 -0.01)
(0.0055 0.006 -0.01)
(0.00575 0.006 -0.01)
(0.006 0.006 -0.01)
(0.00625 0.006 -0.01)
(0.0065 0.006 -0.01)
(0.00675 0.006 -0.01)
(0.007 0.006 -0.01)
(0.00725 0.006 -0.01)
(0.0075 0.006 -0.01)
(0.00775 0.006 -0.01)
(0.008 0.006 -0.01)
(0.00825 0.006 -0.01)
(0.0085 0.006 -0.01)
(0.00875 0.006 -0.01)
(0.009 0.006 -0.01)
(0.00925 0.006 -0.01)
(0.0095 0.006 -0.01)
(0.00975 0.006 -0.01)
(0.01 0.006 -0.01)
(0.01025 0.006 -0.01)
(0.0105 0.006 -0.01)
(0.01075 0.006 -0.01)
(0.011 0.006 -0.01)
(0.01125 0.006 -0.01)
(0.0115 0.006 -0.01)
(0.01175 0.006 -0.01)
(0.012 0.006 -0.01)
(0.01225 0.006 -0.01)
(0.0125 0.006 -0.01)
(0.01275 0.006 -0.01)
(0.013 0.006 -0.01)
(0.01325 0.006 -0.01)
(0.0135 0.006 -0.01)
(0.01375 0.006 -0.01)
(0.014 0.006 -0.01)
(0.01425 0.006 -0.01)
(0.0145 0.006 -0.01)
(0.01475 0.006 -0.01)
(0.015 0.006 -0.01)
(0.01525 0.006 -0.01)
(0.0155 0.006 -0.01)
(0.01575 0.006 -0.01)
(0.016 0.006 -0.01)
(0.01625 0.006 -0.01)
(0.0165 0.006 -0.01)
(0.01675 0.006 -0.01)
(0.017 0.006 -0.01)
(0.01725 0.006 -0.01)
(0.0175 0.006 -0.01)
(0.01775 0.006 -0.01)
(0.018 0.006 -0.01)
(0.01825 0.006 -0.01)
(0.0185 0.006 -0.01)
(0.01875 0.006 -0.01)
(0.019 0.006 -0.01)
(0.01925 0.006 -0.01)
(0.0195 0.006 -0.01)
(0.01975 0.006 -0.01)
(0.02 0.006 -0.01)
(0 0.0065 -0.01)
(0.00025 0.0065 -0.01)
(0.0005 0.0065 -0.01)
(0.00075 0.0065 -0.01)
(0.001 0.0065 -0.01)
(0.00125 0.0065 -0.01)
(0.0015 0.0065 -0.01)
(0.00175 0.0065 -0.01)
(0.002 0.0065 -0.01)
(0.00225 0.0065 -0.01)
(0.0025 0.0065 -0.01)
(0.00275 0.0065 -0.01)
(0.003 0.0065 -0.01)
(0.00325 0.0065 -0.01)
(0.0035 0.0065 -0.01)
(0.00375 0.0065 -0.01)
(0.004 0.0065 -0.01)
(0.00425 0.0065 -0.01)
(0.0045 0.0065 -0.01)
(0.00475 0.0065 -0.01)
(0.005 0.0065 -0.01)
(0.00525 0.0065 -0.01)
(0.0055 0.0065 -0.01)
(0.00575 0.0065 -0.01)
(0.006 0.0065 -0.01)
(0.00625 0.0065 -0.01)
(0.0065 0.0065 -0.01)
(0.00675 0.0065 -0.01)
(0.007 0.0065 -0.01)
(0.00725 0.0065 -0.01)
(0.0075 0.0065 -0.01)
(0.00775 0.0065 -0.01)
(0.008 0.0065 -0.01)
(0.00825 0.0065 -0.01)
(0.0085 0.0065 -0.01)
(0.00875 0.0065 -0.01)
(0.009 0.0065 -0.01)
(0.00925 0.0065 -0.01)
(0.0095 0.0065 -0.01)
(0.00975 0.0065 -0.01)
(0.01 0.0065 -0.01)
(0.01025 0.0065 -0.01)
(0.0105 0.0065 -0.01)
(0.01075 0.0065 -0.01)
(0.011 0.0065 -0.01)
(0.01125 0.0065 -0.01)
(0.0115 0.0065 -0.01)
(0.01175 0.0065 -0.01)
(0.012 0.0065 -0.01)
(0.01225 0.0065 -0.01)
(0.0125 0.0065 -0.01)
(0.01275 0.0065 -0.01)
(0.013 0.0065 -0.01)
(0.01325 0.0065 -0.01)
(0.0135 0.0065 -0.01)
(0.01375 0.0065 -0.01)
(0.014 0.0065 -0.01)
(0.01425 0.0065 -0.01)
(0.0145 0.0065 -0.01)
(0.01475 0.0065 -0.01)
(0.015 0.0065 -0.01)
(0.01525 0.0065 -0.01)
(0.0155 0.0065 -0.01)
(0.01575 0.0065 -0.01)
(0.016 0.0065 -0.01)
(0.01625 0.0065 -0.01)
(0.0165 0.0065 -0.01)
(0.01675 0.0065 -0.01)
(0.017 0.0065 -0.01)
(0.01725 0.0065 -0.01)
(0.0175 0.0065 -0.01)
(0.01775 0.0065 -0.01)
(0.018 0.0065 -0.01)
(0.01825 0.0065 -0.01)
(0.0185 0.0065 -0.01)
(0.01875 0.0065 -0.01)
(0.019 0.0065 -0.01)
(0.01925 0.0065 -0.01)
(0.0195 0.0065 -0.01)
(0.01975 0.0065 -0.01)
(0.02 0.0065 -0.01)
(0 0.007 -0.01)
(0.00025 0.007 -0.01)
(0.0005 0.007 -0.01)
(0.00075 0.007 -0.01)
(0.001 0.007 -0.01)
(0.00125 0.007 -0.01)
(0.0015 0.007 -0.01)
(0.00175 0.007 -0.01)
(0.002 0.007 -0.01)
(0.00225 0.007 -0.01)
(0.0025 0.007 -0.01)
(0.00275 0.007 -0.01)
(0.003 0.007 -0.01)
(0.00325 0.007 -0.01)
(0.0035 0.007 -0.01)
(0.00375 0.007 -0.01)
(0.004 0.007 -0.01)
(0.00425 0.007 -0.01)
(0.0045 0.007 -0.01)
(0.00475 0.007 -0.01)
(0.005 0.007 -0.01)
(0.00525 0.007 -0.01)
(0.0055 0.007 -0.01)
(0.00575 0.007 -0.01)
(0.006 0.007 -0.01)
(0.00625 0.007 -0.01)
(0.0065 0.007 -0.01)
(0.00675 0.007 -0.01)
(0.007 0.007 -0.01)
(0.00725 0.007 -0.01)
(0.0075 0.007 -0.01)
(0.00775 0.007 -0.01)
(0.008 0.007 -0.01)
(0.00825 0.007 -0.01)
(0.0085 0.007 -0.01)
(0.00875 0.007 -0.01)
(0.009 0.007 -0.01)
(0.00925 0.007 -0.01)
(0.0095 0.007 -0.01)
(0.00975 0.007 -0.01)
(0.01 0.007 -0.01)
(0.01025 0.007 -0.01)
(0.0105 0.007 -0.01)
(0.01075 0.007 -0.01)
(0.011 0.007 -0.01)
(0.01125 0.007 -0.01)
(0.0115 0.007 -0.01)
(0.01175 0.007 -0.01)
(0.012 0.007 -0.01)
(0.01225 0.007 -0.01)
(0.0125 0.007 -0.01)
(0.01275 0.007 -0.01)
(0.013 0.007 -0.01)
(0.01325 0.007 -0.01)
(0.0135 0.007 -0.01)
(0.01375 0.007 -0.01)
(0.014 0.007 -0.01)
(0.01425 0.007 -0.01)
(0.0145 0.007 -0.01)
(0.01475 0.007 -0.01)
(0.015 0.007 -0.01)
(0.01525 0.007 -0.01)
(0.0155 0.007 -0.01)
(0.01575 0.007 -0.01)
(0.016 0.007 -0.01)
(0.01625 0.007 -0.01)
(0.0165 0.007 -0.01)
(0.01675 0.007 -0.01)
(0.017 0.007 -0.01)
(0.01725 0.007 -0.01)
(0.0175 0.007 -0.01)
(0.01775 0.007 -0.01)
(0.018 0.007 -0.01)
(0.01825 0.007 -0.01)
(0.0185 0.007 -0.01)
(0.01875 0.007 -0.01)
(0.019 0.007 -0.01)
(0.01925 0.007 -0.01)
(0.0195 0.007 -0.01)
(0.01975 0.007 -0.01)
(0.02 0.007 -0.01)
(0 0.0075 -0.01)
(0.00025 0.0075 -0.01)
(0.0005 0.0075 -0.01)
(0.00075 0.0075 -0.01)
(0.001 0.0075 -0.01)
(0.00125 0.0075 -0.01)
(0.0015 0.0075 -0.01)
(0.00175 0.0075 -0.01)
(0.002 0.0075 -0.01)
(0.00225 0.0075 -0.01)
(0.0025 0.0075 -0.01)
(0.00275 0.0075 -0.01)
(0.003 0.0075 -0.01)
(0.00325 0.0075 -0.01)
(0.0035 0.0075 -0.01)
(0.00375 0.0075 -0.01)
(0.004 0.0075 -0.01)
(0.00425 0.0075 -0.01)
(0.0045 0.0075 -0.01)
(0.00475 0.0075 -0.01)
(0.005 0.0075 -0.01)
(0.00525 0.0075 -0.01)
(0.0055 0.0075 -0.01)
(0.00575 0.0075 -0.01)
(0.006 0.0075 -0.01)
(0.00625 0.0075 -0.01)
(0.0065 0.0075 -0.01)
(0.00675 0.0075 -0.01)
(0.007 0.0075 -0.01)
(0.00725 0.0075 -0.01)
(0.0075 0.0075 -0.01)
(0.00775 0.0075 -0.01)
(0.008 0.0075 -0.01)
(0.00825 0.0075 -0.01)
(0.0085 0.0075 -0.01)
(0.00875 0.0075 -0.01)
(0.009 0.0075 -0.01)
(0.00925 0.0075 -0.01)
(0.0095 0.0075 -0.01)
(0.00975 0.0075 -0.01)
(0.01 0.0075 -0.01)
(0.01025 0.0075 -0.01)
(0.0105 0.0075 -0.01)
(0.01075 0.0075 -0.01)
(0.011 0.0075 -0.01)
(0.01125 0.0075 -0.01)
(0.0115 0.0075 -0.01)
(0.01175 0.0075 -0.01)
(0.012 0.0075 -0.01)
(0.01225 0.0075 -0.01)
(0.0125 0.0075 -0.01)
(0.01275 0.0075 -0.01)
(0.013 0.0075 -0.01)
(0.01325 0.0075 -0.01)
(0.0135 0.0075 -0.01)
(0.01375 0.0075 -0.01)
(0.014 0.0075 -0.01)
(0.01425 0.0075 -0.01)
(0.0145 0.0075 -0.01)
(0.01475 0.0075 -0.01)
(0.015 0.0075 -0.01)
(0.01525 0.0075 -0.01)
(0.0155 0.0075 -0.01)
(0.01575 0.0075 -0.01)
(0.016 0.0075 -0.01)
(0.01625 0.0075 -0.01)
(0.0165 0.0075 -0.01)
(0.01675 0.0075 -0.01)
(0.017 0.0075 -0.01)
(0.01725 0.0075 -0.01)
(0.0175 0.0075 -0.01)
(0.01775 0.0075 -0.01)
(0.018 0.0075 -0.01)
(0.01825 0.0075 -0.01)
(0.0185 0.0075 -0.01)
(0.01875 0.0075 -0.01)
(0.019 0.0075 -0.01)
(0.01925 0.0075 -0.01)
(0.0195 0.0075 -0.01)
(0.01975 0.0075 -0.01)
(0.02 0.0075 -0.01)
(0 0.008 -0.01)
(0.00025 0.008 -0.01)
(0.0005 0.008 -0.01)
(0.00075 0.008 -0.01)
(0.001 0.008 -0.01)
(0.00125 0.008 -0.01)
(0.0015 0.008 -0.01)
(0.00175 0.008 -0.01)
(0.002 0.008 -0.01)
(0.00225 0.008 -0.01)
(0.0025 0.008 -0.01)
(0.00275 0.008 -0.01)
(0.003 0.008 -0.01)
(0.00325 0.008 -0.01)
(0.0035 0.008 -0.01)
(0.00375 0.008 -0.01)
(0.004 0.008 -0.01)
(0.00425 0.008 -0.01)
(0.0045 0.008 -0.01)
(0.00475 0.008 -0.01)
(0.005 0.008 -0.01)
(0.00525 0.008 -0.01)
(0.0055 0.008 -0.01)
(0.00575 0.008 -0.01)
(0.006 0.008 -0.01)
(0.00625 0.008 -0.01)
(0.0065 0.008 -0.01)
(0.00675 0.008 -0.01)
(0.007 0.008 -0.01)
(0.00725 0.008 -0.01)
(0.0075 0.008 -0.01)
(0.00775 0.008 -0.01)
(0.008 0.008 -0.01)
(0.00825 0.008 -0.01)
(0.0085 0.008 -0.01)
(0.00875 0.008 -0.01)
(0.009 0.008 -0.01)
(0.00925 0.008 -0.01)
(0.0095 0.008 -0.01)
(0.00975 0.008 -0.01)
(0.01 0.008 -0.01)
(0.01025 0.008 -0.01)
(0.0105 0.008 -0.01)
(0.01075 0.008 -0.01)
(0.011 0.008 -0.01)
(0.01125 0.008 -0.01)
(0.0115 0.008 -0.01)
(0.01175 0.008 -0.01)
(0.012 0.008 -0.01)
(0.01225 0.008 -0.01)
(0.0125 0.008 -0.01)
(0.01275 0.008 -0.01)
(0.013 0.008 -0.01)
(0.01325 0.008 -0.01)
(0.0135 0.008 -0.01)
(0.01375 0.008 -0.01)
(0.014 0.008 -0.01)
(0.01425 0.008 -0.01)
(0.0145 0.008 -0.01)
(0.01475 0.008 -0.01)
(0.015 0.008 -0.01)
(0.01525 0.008 -0.01)
(0.0155 0.008 -0.01)
(0.01575 0.008 -0.01)
(0.016 0.008 -0.01)
(0.01625 0.008 -0.01)
(0.0165 0.008 -0.01)
(0.01675 0.008 -0.01)
(0.017 0.008 -0.01)
(0.01725 0.008 -0.01)
(0.0175 0.008 -0.01)
(0.01775 0.008 -0.01)
(0.018 0.008 -0.01)
(0.01825 0.008 -0.01)
(0.0185 0.008 -0.01)
(0.01875 0.008 -0.01)
(0.019 0.008 -0.01)
(0.01925 0.008 -0.01)
(0.0195 0.008 -0.01)
(0.01975 0.008 -0.01)
(0.02 0.008 -0.01)
(0 0.0085 -0.01)
(0.00025 0.0085 -0.01)
(0.0005 0.0085 -0.01)
(0.00075 0.0085 -0.01)
(0.001 0.0085 -0.01)
(0.00125 0.0085 -0.01)
(0.0015 0.0085 -0.01)
(0.00175 0.0085 -0.01)
(0.002 0.0085 -0.01)
(0.00225 0.0085 -0.01)
(0.0025 0.0085 -0.01)
(0.00275 0.0085 -0.01)
(0.003 0.0085 -0.01)
(0.00325 0.0085 -0.01)
(0.0035 0.0085 -0.01)
(0.00375 0.0085 -0.01)
(0.004 0.0085 -0.01)
(0.00425 0.0085 -0.01)
(0.0045 0.0085 -0.01)
(0.00475 0.0085 -0.01)
(0.005 0.0085 -0.01)
(0.00525 0.0085 -0.01)
(0.0055 0.0085 -0.01)
(0.00575 0.0085 -0.01)
(0.006 0.0085 -0.01)
(0.00625 0.0085 -0.01)
(0.0065 0.0085 -0.01)
(0.00675 0.0085 -0.01)
(0.007 0.0085 -0.01)
(0.00725 0.0085 -0.01)
(0.0075 0.0085 -0.01)
(0.00775 0.0085 -0.01)
(0.008 0.0085 -0.01)
(0.00825 0.0085 -0.01)
(0.0085 0.0085 -0.01)
(0.00875 0.0085 -0.01)
(0.009 0.0085 -0.01)
(0.00925 0.0085 -0.01)
(0.0095 0.0085 -0.01)
(0.00975 0.0085 -0.01)
(0.01 0.0085 -0.01)
(0.01025 0.0085 -0.01)
(0.0105 0.0085 -0.01)
(0.01075 0.0085 -0.01)
(0.011 0.0085 -0.01)
(0.01125 0.0085 -0.01)
(0.0115 0.0085 -0.01)
(0.01175 0.0085 -0.01)
(0.012 0.0085 -0.01)
(0.01225 0.0085 -0.01)
(0.0125 0.0085 -0.01)
(0.01275 0.0085 -0.01)
(0.013 0.0085 -0.01)
(0.01325 0.0085 -0.01)
(0.0135 0.0085 -0.01)
(0.01375 0.0085 -0.01)
(0.014 0.0085 -0.01)
(0.01425 0.0085 -0.01)
(0.0145 0.0085 -0.01)
(0.01475 0.0085 -0.01)
(0.015 0.0085 -0.01)
(0.01525 0.0085 -0.01)
(0.0155 0.0085 -0.01)
(0.01575 0.0085 -0.01)
(0.016 0.0085 -0.01)
(0.01625 0.0085 -0.01)
(0.0165 0.0085 -0.01)
(0.01675 0.0085 -0.01)
(0.017 0.0085 -0.01)
(0.01725 0.0085 -0.01)
(0.0175 0.0085 -0.01)
(0.01775 0.0085 -0.01)
(0.018 0.0085 -0.01)
(0.01825 0.0085 -0.01)
(0.0185 0.0085 -0.01)
(0.01875 0.0085 -0.01)
(0.019 0.0085 -0.01)
(0.01925 0.0085 -0.01)
(0.0195 0.0085 -0.01)
(0.01975 0.0085 -0.01)
(0.02 0.0085 -0.01)
(0 0.009 -0.01)
(0.00025 0.009 -0.01)
(0.0005 0.009 -0.01)
(0.00075 0.009 -0.01)
(0.001 0.009 -0.01)
(0.00125 0.009 -0.01)
(0.0015 0.009 -0.01)
(0.00175 0.009 -0.01)
(0.002 0.009 -0.01)
(0.00225 0.009 -0.01)
(0.0025 0.009 -0.01)
(0.00275 0.009 -0.01)
(0.003 0.009 -0.01)
(0.00325 0.009 -0.01)
(0.0035 0.009 -0.01)
(0.00375 0.009 -0.01)
(0.004 0.009 -0.01)
(0.00425 0.009 -0.01)
(0.0045 0.009 -0.01)
(0.00475 0.009 -0.01)
(0.005 0.009 -0.01)
(0.00525 0.009 -0.01)
(0.0055 0.009 -0.01)
(0.00575 0.009 -0.01)
(0.006 0.009 -0.01)
(0.00625 0.009 -0.01)
(0.0065 0.009 -0.01)
(0.00675 0.009 -0.01)
(0.007 0.009 -0.01)
(0.00725 0.009 -0.01)
(0.0075 0.009 -0.01)
(0.00775 0.009 -0.01)
(0.008 0.009 -0.01)
(0.00825 0.009 -0.01)
(0.0085 0.009 -0.01)
(0.00875 0.009 -0.01)
(0.009 0.009 -0.01)
(0.00925 0.009 -0.01)
(0.0095 0.009 -0.01)
(0.00975 0.009 -0.01)
(0.01 0.009 -0.01)
(0.01025 0.009 -0.01)
(0.0105 0.009 -0.01)
(0.01075 0.009 -0.01)
(0.011 0.009 -0.01)
(0.01125 0.009 -0.01)
(0.0115 0.009 -0.01)
(0.01175 0.009 -0.01)
(0.012 0.009 -0.01)
(0.01225 0.009 -0.01)
(0.0125 0.009 -0.01)
(0.01275 0.009 -0.01)
(0.013 0.009 -0.01)
(0.01325 0.009 -0.01)
(0.0135 0.009 -0.01)
(0.01375 0.009 -0.01)
(0.014 0.009 -0.01)
(0.01425 0.009 -0.01)
(0.0145 0.009 -0.01)
(0.01475 0.009 -0.01)
(0.015 0.009 -0.01)
(0.01525 0.009 -0.01)
(0.0155 0.009 -0.01)
(0.01575 0.009 -0.01)
(0.016 0.009 -0.01)
(0.01625 0.009 -0.01)
(0.0165 0.009 -0.01)
(0.01675 0.009 -0.01)
(0.017 0.009 -0.01)
(0.01725 0.009 -0.01)
(0.0175 0.009 -0.01)
(0.01775 0.009 -0.01)
(0.018 0.009 -0.01)
(0.01825 0.009 -0.01)
(0.0185 0.009 -0.01)
(0.01875 0.009 -0.01)
(0.019 0.009 -0.01)
(0.01925 0.009 -0.01)
(0.0195 0.009 -0.01)
(0.01975 0.009 -0.01)
(0.02 0.009 -0.01)
(0 0.0095 -0.01)
(0.00025 0.0095 -0.01)
(0.0005 0.0095 -0.01)
(0.00075 0.0095 -0.01)
(0.001 0.0095 -0.01)
(0.00125 0.0095 -0.01)
(0.0015 0.0095 -0.01)
(0.00175 0.0095 -0.01)
(0.002 0.0095 -0.01)
(0.00225 0.0095 -0.01)
(0.0025 0.0095 -0.01)
(0.00275 0.0095 -0.01)
(0.003 0.0095 -0.01)
(0.00325 0.0095 -0.01)
(0.0035 0.0095 -0.01)
(0.00375 0.0095 -0.01)
(0.004 0.0095 -0.01)
(0.00425 0.0095 -0.01)
(0.0045 0.0095 -0.01)
(0.00475 0.0095 -0.01)
(0.005 0.0095 -0.01)
(0.00525 0.0095 -0.01)
(0.0055 0.0095 -0.01)
(0.00575 0.0095 -0.01)
(0.006 0.0095 -0.01)
(0.00625 0.0095 -0.01)
(0.0065 0.0095 -0.01)
(0.00675 0.0095 -0.01)
(0.007 0.0095 -0.01)
(0.00725 0.0095 -0.01)
(0.0075 0.0095 -0.01)
(0.00775 0.0095 -0.01)
(0.008 0.0095 -0.01)
(0.00825 0.0095 -0.01)
(0.0085 0.0095 -0.01)
(0.00875 0.0095 -0.01)
(0.009 0.0095 -0.01)
(0.00925 0.0095 -0.01)
(0.0095 0.0095 -0.01)
(0.00975 0.0095 -0.01)
(0.01 0.0095 -0.01)
(0.01025 0.0095 -0.01)
(0.0105 0.0095 -0.01)
(0.01075 0.0095 -0.01)
(0.011 0.0095 -0.01)
(0.01125 0.0095 -0.01)
(0.0115 0.0095 -0.01)
(0.01175 0.0095 -0.01)
(0.012 0.0095 -0.01)
(0.01225 0.0095 -0.01)
(0.0125 0.0095 -0.01)
(0.01275 0.0095 -0.01)
(0.013 0.0095 -0.01)
(0.01325 0.0095 -0.01)
(0.0135 0.0095 -0.01)
(0.01375 0.0095 -0.01)
(0.014 0.0095 -0.01)
(0.01425 0.0095 -0.01)
(0.0145 0.0095 -0.01)
(0.01475 0.0095 -0.01)
(0.015 0.0095 -0.01)
(0.01525 0.0095 -0.01)
(0.0155 0.0095 -0.01)
(0.01575 0.0095 -0.01)
(0.016 0.0095 -0.01)
(0.01625 0.0095 -0.01)
(0.0165 0.0095 -0.01)
(0.01675 0.0095 -0.01)
(0.017 0.0095 -0.01)
(0.01725 0.0095 -0.01)
(0.0175 0.0095 -0.01)
(0.01775 0.0095 -0.01)
(0.018 0.0095 -0.01)
(0.01825 0.0095 -0.01)
(0.0185 0.0095 -0.01)
(0.01875 0.0095 -0.01)
(0.019 0.0095 -0.01)
(0.01925 0.0095 -0.01)
(0.0195 0.0095 -0.01)
(0.01975 0.0095 -0.01)
(0.02 0.0095 -0.01)
(0 0.01 -0.01)
(0.00025 0.01 -0.01)
(0.0005 0.01 -0.01)
(0.00075 0.01 -0.01)
(0.001 0.01 -0.01)
(0.00125 0.01 -0.01)
(0.0015 0.01 -0.01)
(0.00175 0.01 -0.01)
(0.002 0.01 -0.01)
(0.00225 0.01 -0.01)
(0.0025 0.01 -0.01)
(0.00275 0.01 -0.01)
(0.003 0.01 -0.01)
(0.00325 0.01 -0.01)
(0.0035 0.01 -0.01)
(0.00375 0.01 -0.01)
(0.004 0.01 -0.01)
(0.00425 0.01 -0.01)
(0.0045 0.01 -0.01)
(0.00475 0.01 -0.01)
(0.005 0.01 -0.01)
(0.00525 0.01 -0.01)
(0.0055 0.01 -0.01)
(0.00575 0.01 -0.01)
(0.006 0.01 -0.01)
(0.00625 0.01 -0.01)
(0.0065 0.01 -0.01)
(0.00675 0.01 -0.01)
(0.007 0.01 -0.01)
(0.00725 0.01 -0.01)
(0.0075 0.01 -0.01)
(0.00775 0.01 -0.01)
(0.008 0.01 -0.01)
(0.00825 0.01 -0.01)
(0.0085 0.01 -0.01)
(0.00875 0.01 -0.01)
(0.009 0.01 -0.01)
(0.00925 0.01 -0.01)
(0.0095 0.01 -0.01)
(0.00975 0.01 -0.01)
(0.01 0.01 -0.01)
(0.01025 0.01 -0.01)
(0.0105 0.01 -0.01)
(0.01075 0.01 -0.01)
(0.011 0.01 -0.01)
(0.01125 0.01 -0.01)
(0.0115 0.01 -0.01)
(0.01175 0.01 -0.01)
(0.012 0.01 -0.01)
(0.01225 0.01 -0.01)
(0.0125 0.01 -0.01)
(0.01275 0.01 -0.01)
(0.013 0.01 -0.01)
(0.01325 0.01 -0.01)
(0.0135 0.01 -0.01)
(0.01375 0.01 -0.01)
(0.014 0.01 -0.01)
(0.01425 0.01 -0.01)
(0.0145 0.01 -0.01)
(0.01475 0.01 -0.01)
(0.015 0.01 -0.01)
(0.01525 0.01 -0.01)
(0.0155 0.01 -0.01)
(0.01575 0.01 -0.01)
(0.016 0.01 -0.01)
(0.01625 0.01 -0.01)
(0.0165 0.01 -0.01)
(0.01675 0.01 -0.01)
(0.017 0.01 -0.01)
(0.01725 0.01 -0.01)
(0.0175 0.01 -0.01)
(0.01775 0.01 -0.01)
(0.018 0.01 -0.01)
(0.01825 0.01 -0.01)
(0.0185 0.01 -0.01)
(0.01875 0.01 -0.01)
(0.019 0.01 -0.01)
(0.01925 0.01 -0.01)
(0.0195 0.01 -0.01)
(0.01975 0.01 -0.01)
(0.02 0.01 -0.01)
(0 -0.01 0.01)
(0.00025 -0.01 0.01)
(0.0005 -0.01 0.01)
(0.00075 -0.01 0.01)
(0.001 -0.01 0.01)
(0.00125 -0.01 0.01)
(0.0015 -0.01 0.01)
(0.00175 -0.01 0.01)
(0.002 -0.01 0.01)
(0.00225 -0.01 0.01)
(0.0025 -0.01 0.01)
(0.00275 -0.01 0.01)
(0.003 -0.01 0.01)
(0.00325 -0.01 0.01)
(0.0035 -0.01 0.01)
(0.00375 -0.01 0.01)
(0.004 -0.01 0.01)
(0.00425 -0.01 0.01)
(0.0045 -0.01 0.01)
(0.00475 -0.01 0.01)
(0.005 -0.01 0.01)
(0.00525 -0.01 0.01)
(0.0055 -0.01 0.01)
(0.00575 -0.01 0.01)
(0.006 -0.01 0.01)
(0.00625 -0.01 0.01)
(0.0065 -0.01 0.01)
(0.00675 -0.01 0.01)
(0.007 -0.01 0.01)
(0.00725 -0.01 0.01)
(0.0075 -0.01 0.01)
(0.00775 -0.01 0.01)
(0.008 -0.01 0.01)
(0.00825 -0.01 0.01)
(0.0085 -0.01 0.01)
(0.00875 -0.01 0.01)
(0.009 -0.01 0.01)
(0.00925 -0.01 0.01)
(0.0095 -0.01 0.01)
(0.00975 -0.01 0.01)
(0.01 -0.01 0.01)
(0.01025 -0.01 0.01)
(0.0105 -0.01 0.01)
(0.01075 -0.01 0.01)
(0.011 -0.01 0.01)
(0.01125 -0.01 0.01)
(0.0115 -0.01 0.01)
(0.01175 -0.01 0.01)
(0.012 -0.01 0.01)
(0.01225 -0.01 0.01)
(0.0125 -0.01 0.01)
(0.01275 -0.01 0.01)
(0.013 -0.01 0.01)
(0.01325 -0.01 0.01)
(0.0135 -0.01 0.01)
(0.01375 -0.01 0.01)
(0.014 -0.01 0.01)
(0.01425 -0.01 0.01)
(0.0145 -0.01 0.01)
(0.01475 -0.01 0.01)
(0.015 -0.01 0.01)
(0.01525 -0.01 0.01)
(0.0155 -0.01 0.01)
(0.01575 -0.01 0.01)
(0.016 -0.01 0.01)
(0.01625 -0.01 0.01)
(0.0165 -0.01 0.01)
(0.01675 -0.01 0.01)
(0.017 -0.01 0.01)
(0.01725 -0.01 0.01)
(0.0175 -0.01 0.01)
(0.01775 -0.01 0.01)
(0.018 -0.01 0.01)
(0.01825 -0.01 0.01)
(0.0185 -0.01 0.01)
(0.01875 -0.01 0.01)
(0.019 -0.01 0.01)
(0.01925 -0.01 0.01)
(0.0195 -0.01 0.01)
(0.01975 -0.01 0.01)
(0.02 -0.01 0.01)
(0 -0.0095 0.01)
(0.00025 -0.0095 0.01)
(0.0005 -0.0095 0.01)
(0.00075 -0.0095 0.01)
(0.001 -0.0095 0.01)
(0.00125 -0.0095 0.01)
(0.0015 -0.0095 0.01)
(0.00175 -0.0095 0.01)
(0.002 -0.0095 0.01)
(0.00225 -0.0095 0.01)
(0.0025 -0.0095 0.01)
(0.00275 -0.0095 0.01)
(0.003 -0.0095 0.01)
(0.00325 -0.0095 0.01)
(0.0035 -0.0095 0.01)
(0.00375 -0.0095 0.01)
(0.004 -0.0095 0.01)
(0.00425 -0.0095 0.01)
(0.0045 -0.0095 0.01)
(0.00475 -0.0095 0.01)
(0.005 -0.0095 0.01)
(0.00525 -0.0095 0.01)
(0.0055 -0.0095 0.01)
(0.00575 -0.0095 0.01)
(0.006 -0.0095 0.01)
(0.00625 -0.0095 0.01)
(0.0065 -0.0095 0.01)
(0.00675 -0.0095 0.01)
(0.007 -0.0095 0.01)
(0.00725 -0.0095 0.01)
(0.0075 -0.0095 0.01)
(0.00775 -0.0095 0.01)
(0.008 -0.0095 0.01)
(0.00825 -0.0095 0.01)
(0.0085 -0.0095 0.01)
(0.00875 -0.0095 0.01)
(0.009 -0.0095 0.01)
(0.00925 -0.0095 0.01)
(0.0095 -0.0095 0.01)
(0.00975 -0.0095 0.01)
(0.01 -0.0095 0.01)
(0.01025 -0.0095 0.01)
(0.0105 -0.0095 0.01)
(0.01075 -0.0095 0.01)
(0.011 -0.0095 0.01)
(0.01125 -0.0095 0.01)
(0.0115 -0.0095 0.01)
(0.01175 -0.0095 0.01)
(0.012 -0.0095 0.01)
(0.01225 -0.0095 0.01)
(0.0125 -0.0095 0.01)
(0.01275 -0.0095 0.01)
(0.013 -0.0095 0.01)
(0.01325 -0.0095 0.01)
(0.0135 -0.0095 0.01)
(0.01375 -0.0095 0.01)
(0.014 -0.0095 0.01)
(0.01425 -0.0095 0.01)
(0.0145 -0.0095 0.01)
(0.01475 -0.0095 0.01)
(0.015 -0.0095 0.01)
(0.01525 -0.0095 0.01)
(0.0155 -0.0095 0.01)
(0.01575 -0.0095 0.01)
(0.016 -0.0095 0.01)
(0.01625 -0.0095 0.01)
(0.0165 -0.0095 0.01)
(0.01675 -0.0095 0.01)
(0.017 -0.0095 0.01)
(0.01725 -0.0095 0.01)
(0.0175 -0.0095 0.01)
(0.01775 -0.0095 0.01)
(0.018 -0.0095 0.01)
(0.01825 -0.0095 0.01)
(0.0185 -0.0095 0.01)
(0.01875 -0.0095 0.01)
(0.019 -0.0095 0.01)
(0.01925 -0.0095 0.01)
(0.0195 -0.0095 0.01)
(0.01975 -0.0095 0.01)
(0.02 -0.0095 0.01)
(0 -0.009 0.01)
(0.00025 -0.009 0.01)
(0.0005 -0.009 0.01)
(0.00075 -0.009 0.01)
(0.001 -0.009 0.01)
(0.00125 -0.009 0.01)
(0.0015 -0.009 0.01)
(0.00175 -0.009 0.01)
(0.002 -0.009 0.01)
(0.00225 -0.009 0.01)
(0.0025 -0.009 0.01)
(0.00275 -0.009 0.01)
(0.003 -0.009 0.01)
(0.00325 -0.009 0.01)
(0.0035 -0.009 0.01)
(0.00375 -0.009 0.01)
(0.004 -0.009 0.01)
(0.00425 -0.009 0.01)
(0.0045 -0.009 0.01)
(0.00475 -0.009 0.01)
(0.005 -0.009 0.01)
(0.00525 -0.009 0.01)
(0.0055 -0.009 0.01)
(0.00575 -0.009 0.01)
(0.006 -0.009 0.01)
(0.00625 -0.009 0.01)
(0.0065 -0.009 0.01)
(0.00675 -0.009 0.01)
(0.007 -0.009 0.01)
(0.00725 -0.009 0.01)
(0.0075 -0.009 0.01)
(0.00775 -0.009 0.01)
(0.008 -0.009 0.01)
(0.00825 -0.009 0.01)
(0.0085 -0.009 0.01)
(0.00875 -0.009 0.01)
(0.009 -0.009 0.01)
(0.00925 -0.009 0.01)
(0.0095 -0.009 0.01)
(0.00975 -0.009 0.01)
(0.01 -0.009 0.01)
(0.01025 -0.009 0.01)
(0.0105 -0.009 0.01)
(0.01075 -0.009 0.01)
(0.011 -0.009 0.01)
(0.01125 -0.009 0.01)
(0.0115 -0.009 0.01)
(0.01175 -0.009 0.01)
(0.012 -0.009 0.01)
(0.01225 -0.009 0.01)
(0.0125 -0.009 0.01)
(0.01275 -0.009 0.01)
(0.013 -0.009 0.01)
(0.01325 -0.009 0.01)
(0.0135 -0.009 0.01)
(0.01375 -0.009 0.01)
(0.014 -0.009 0.01)
(0.01425 -0.009 0.01)
(0.0145 -0.009 0.01)
(0.01475 -0.009 0.01)
(0.015 -0.009 0.01)
(0.01525 -0.009 0.01)
(0.0155 -0.009 0.01)
(0.01575 -0.009 0.01)
(0.016 -0.009 0.01)
(0.01625 -0.009 0.01)
(0.0165 -0.009 0.01)
(0.01675 -0.009 0.01)
(0.017 -0.009 0.01)
(0.01725 -0.009 0.01)
(0.0175 -0.009 0.01)
(0.01775 -0.009 0.01)
(0.018 -0.009 0.01)
(0.01825 -0.009 0.01)
(0.0185 -0.009 0.01)
(0.01875 -0.009 0.01)
(0.019 -0.009 0.01)
(0.01925 -0.009 0.01)
(0.0195 -0.009 0.01)
(0.01975 -0.009 0.01)
(0.02 -0.009 0.01)
(0 -0.0085 0.01)
(0.00025 -0.0085 0.01)
(0.0005 -0.0085 0.01)
(0.00075 -0.0085 0.01)
(0.001 -0.0085 0.01)
(0.00125 -0.0085 0.01)
(0.0015 -0.0085 0.01)
(0.00175 -0.0085 0.01)
(0.002 -0.0085 0.01)
(0.00225 -0.0085 0.01)
(0.0025 -0.0085 0.01)
(0.00275 -0.0085 0.01)
(0.003 -0.0085 0.01)
(0.00325 -0.0085 0.01)
(0.0035 -0.0085 0.01)
(0.00375 -0.0085 0.01)
(0.004 -0.0085 0.01)
(0.00425 -0.0085 0.01)
(0.0045 -0.0085 0.01)
(0.00475 -0.0085 0.01)
(0.005 -0.0085 0.01)
(0.00525 -0.0085 0.01)
(0.0055 -0.0085 0.01)
(0.00575 -0.0085 0.01)
(0.006 -0.0085 0.01)
(0.00625 -0.0085 0.01)
(0.0065 -0.0085 0.01)
(0.00675 -0.0085 0.01)
(0.007 -0.0085 0.01)
(0.00725 -0.0085 0.01)
(0.0075 -0.0085 0.01)
(0.00775 -0.0085 0.01)
(0.008 -0.0085 0.01)
(0.00825 -0.0085 0.01)
(0.0085 -0.0085 0.01)
(0.00875 -0.0085 0.01)
(0.009 -0.0085 0.01)
(0.00925 -0.0085 0.01)
(0.0095 -0.0085 0.01)
(0.00975 -0.0085 0.01)
(0.01 -0.0085 0.01)
(0.01025 -0.0085 0.01)
(0.0105 -0.0085 0.01)
(0.01075 -0.0085 0.01)
(0.011 -0.0085 0.01)
(0.01125 -0.0085 0.01)
(0.0115 -0.0085 0.01)
(0.01175 -0.0085 0.01)
(0.012 -0.0085 0.01)
(0.01225 -0.0085 0.01)
(0.0125 -0.0085 0.01)
(0.01275 -0.0085 0.01)
(0.013 -0.0085 0.01)
(0.01325 -0.0085 0.01)
(0.0135 -0.0085 0.01)
(0.01375 -0.0085 0.01)
(0.014 -0.0085 0.01)
(0.01425 -0.0085 0.01)
(0.0145 -0.0085 0.01)
(0.01475 -0.0085 0.01)
(0.015 -0.0085 0.01)
(0.01525 -0.0085 0.01)
(0.0155 -0.0085 0.01)
(0.01575 -0.0085 0.01)
(0.016 -0.0085 0.01)
(0.01625 -0.0085 0.01)
(0.0165 -0.0085 0.01)
(0.01675 -0.0085 0.01)
(0.017 -0.0085 0.01)
(0.01725 -0.0085 0.01)
(0.0175 -0.0085 0.01)
(0.01775 -0.0085 0.01)
(0.018 -0.0085 0.01)
(0.01825 -0.0085 0.01)
(0.0185 -0.0085 0.01)
(0.01875 -0.0085 0.01)
(0.019 -0.0085 0.01)
(0.01925 -0.0085 0.01)
(0.0195 -0.0085 0.01)
(0.01975 -0.0085 0.01)
(0.02 -0.0085 0.01)
(0 -0.008 0.01)
(0.00025 -0.008 0.01)
(0.0005 -0.008 0.01)
(0.00075 -0.008 0.01)
(0.001 -0.008 0.01)
(0.00125 -0.008 0.01)
(0.0015 -0.008 0.01)
(0.00175 -0.008 0.01)
(0.002 -0.008 0.01)
(0.00225 -0.008 0.01)
(0.0025 -0.008 0.01)
(0.00275 -0.008 0.01)
(0.003 -0.008 0.01)
(0.00325 -0.008 0.01)
(0.0035 -0.008 0.01)
(0.00375 -0.008 0.01)
(0.004 -0.008 0.01)
(0.00425 -0.008 0.01)
(0.0045 -0.008 0.01)
(0.00475 -0.008 0.01)
(0.005 -0.008 0.01)
(0.00525 -0.008 0.01)
(0.0055 -0.008 0.01)
(0.00575 -0.008 0.01)
(0.006 -0.008 0.01)
(0.00625 -0.008 0.01)
(0.0065 -0.008 0.01)
(0.00675 -0.008 0.01)
(0.007 -0.008 0.01)
(0.00725 -0.008 0.01)
(0.0075 -0.008 0.01)
(0.00775 -0.008 0.01)
(0.008 -0.008 0.01)
(0.00825 -0.008 0.01)
(0.0085 -0.008 0.01)
(0.00875 -0.008 0.01)
(0.009 -0.008 0.01)
(0.00925 -0.008 0.01)
(0.0095 -0.008 0.01)
(0.00975 -0.008 0.01)
(0.01 -0.008 0.01)
(0.01025 -0.008 0.01)
(0.0105 -0.008 0.01)
(0.01075 -0.008 0.01)
(0.011 -0.008 0.01)
(0.01125 -0.008 0.01)
(0.0115 -0.008 0.01)
(0.01175 -0.008 0.01)
(0.012 -0.008 0.01)
(0.01225 -0.008 0.01)
(0.0125 -0.008 0.01)
(0.01275 -0.008 0.01)
(0.013 -0.008 0.01)
(0.01325 -0.008 0.01)
(0.0135 -0.008 0.01)
(0.01375 -0.008 0.01)
(0.014 -0.008 0.01)
(0.01425 -0.008 0.01)
(0.0145 -0.008 0.01)
(0.01475 -0.008 0.01)
(0.015 -0.008 0.01)
(0.01525 -0.008 0.01)
(0.0155 -0.008 0.01)
(0.01575 -0.008 0.01)
(0.016 -0.008 0.01)
(0.01625 -0.008 0.01)
(0.0165 -0.008 0.01)
(0.01675 -0.008 0.01)
(0.017 -0.008 0.01)
(0.01725 -0.008 0.01)
(0.0175 -0.008 0.01)
(0.01775 -0.008 0.01)
(0.018 -0.008 0.01)
(0.01825 -0.008 0.01)
(0.0185 -0.008 0.01)
(0.01875 -0.008 0.01)
(0.019 -0.008 0.01)
(0.01925 -0.008 0.01)
(0.0195 -0.008 0.01)
(0.01975 -0.008 0.01)
(0.02 -0.008 0.01)
(0 -0.0075 0.01)
(0.00025 -0.0075 0.01)
(0.0005 -0.0075 0.01)
(0.00075 -0.0075 0.01)
(0.001 -0.0075 0.01)
(0.00125 -0.0075 0.01)
(0.0015 -0.0075 0.01)
(0.00175 -0.0075 0.01)
(0.002 -0.0075 0.01)
(0.00225 -0.0075 0.01)
(0.0025 -0.0075 0.01)
(0.00275 -0.0075 0.01)
(0.003 -0.0075 0.01)
(0.00325 -0.0075 0.01)
(0.0035 -0.0075 0.01)
(0.00375 -0.0075 0.01)
(0.004 -0.0075 0.01)
(0.00425 -0.0075 0.01)
(0.0045 -0.0075 0.01)
(0.00475 -0.0075 0.01)
(0.005 -0.0075 0.01)
(0.00525 -0.0075 0.01)
(0.0055 -0.0075 0.01)
(0.00575 -0.0075 0.01)
(0.006 -0.0075 0.01)
(0.00625 -0.0075 0.01)
(0.0065 -0.0075 0.01)
(0.00675 -0.0075 0.01)
(0.007 -0.0075 0.01)
(0.00725 -0.0075 0.01)
(0.0075 -0.0075 0.01)
(0.00775 -0.0075 0.01)
(0.008 -0.0075 0.01)
(0.00825 -0.0075 0.01)
(0.0085 -0.0075 0.01)
(0.00875 -0.0075 0.01)
(0.009 -0.0075 0.01)
(0.00925 -0.0075 0.01)
(0.0095 -0.0075 0.01)
(0.00975 -0.0075 0.01)
(0.01 -0.0075 0.01)
(0.01025 -0.0075 0.01)
(0.0105 -0.0075 0.01)
(0.01075 -0.0075 0.01)
(0.011 -0.0075 0.01)
(0.01125 -0.0075 0.01)
(0.0115 -0.0075 0.01)
(0.01175 -0.0075 0.01)
(0.012 -0.0075 0.01)
(0.01225 -0.0075 0.01)
(0.0125 -0.0075 0.01)
(0.01275 -0.0075 0.01)
(0.013 -0.0075 0.01)
(0.01325 -0.0075 0.01)
(0.0135 -0.0075 0.01)
(0.01375 -0.0075 0.01)
(0.014 -0.0075 0.01)
(0.01425 -0.0075 0.01)
(0.0145 -0.0075 0.01)
(0.01475 -0.0075 0.01)
(0.015 -0.0075 0.01)
(0.01525 -0.0075 0.01)
(0.0155 -0.0075 0.01)
(0.01575 -0.0075 0.01)
(0.016 -0.0075 0.01)
(0.01625 -0.0075 0.01)
(0.0165 -0.0075 0.01)
(0.01675 -0.0075 0.01)
(0.017 -0.0075 0.01)
(0.01725 -0.0075 0.01)
(0.0175 -0.0075 0.01)
(0.01775 -0.0075 0.01)
(0.018 -0.0075 0.01)
(0.01825 -0.0075 0.01)
(0.0185 -0.0075 0.01)
(0.01875 -0.0075 0.01)
(0.019 -0.0075 0.01)
(0.01925 -0.0075 0.01)
(0.0195 -0.0075 0.01)
(0.01975 -0.0075 0.01)
(0.02 -0.0075 0.01)
(0 -0.007 0.01)
(0.00025 -0.007 0.01)
(0.0005 -0.007 0.01)
(0.00075 -0.007 0.01)
(0.001 -0.007 0.01)
(0.00125 -0.007 0.01)
(0.0015 -0.007 0.01)
(0.00175 -0.007 0.01)
(0.002 -0.007 0.01)
(0.00225 -0.007 0.01)
(0.0025 -0.007 0.01)
(0.00275 -0.007 0.01)
(0.003 -0.007 0.01)
(0.00325 -0.007 0.01)
(0.0035 -0.007 0.01)
(0.00375 -0.007 0.01)
(0.004 -0.007 0.01)
(0.00425 -0.007 0.01)
(0.0045 -0.007 0.01)
(0.00475 -0.007 0.01)
(0.005 -0.007 0.01)
(0.00525 -0.007 0.01)
(0.0055 -0.007 0.01)
(0.00575 -0.007 0.01)
(0.006 -0.007 0.01)
(0.00625 -0.007 0.01)
(0.0065 -0.007 0.01)
(0.00675 -0.007 0.01)
(0.007 -0.007 0.01)
(0.00725 -0.007 0.01)
(0.0075 -0.007 0.01)
(0.00775 -0.007 0.01)
(0.008 -0.007 0.01)
(0.00825 -0.007 0.01)
(0.0085 -0.007 0.01)
(0.00875 -0.007 0.01)
(0.009 -0.007 0.01)
(0.00925 -0.007 0.01)
(0.0095 -0.007 0.01)
(0.00975 -0.007 0.01)
(0.01 -0.007 0.01)
(0.01025 -0.007 0.01)
(0.0105 -0.007 0.01)
(0.01075 -0.007 0.01)
(0.011 -0.007 0.01)
(0.01125 -0.007 0.01)
(0.0115 -0.007 0.01)
(0.01175 -0.007 0.01)
(0.012 -0.007 0.01)
(0.01225 -0.007 0.01)
(0.0125 -0.007 0.01)
(0.01275 -0.007 0.01)
(0.013 -0.007 0.01)
(0.01325 -0.007 0.01)
(0.0135 -0.007 0.01)
(0.01375 -0.007 0.01)
(0.014 -0.007 0.01)
(0.01425 -0.007 0.01)
(0.0145 -0.007 0.01)
(0.01475 -0.007 0.01)
(0.015 -0.007 0.01)
(0.01525 -0.007 0.01)
(0.0155 -0.007 0.01)
(0.01575 -0.007 0.01)
(0.016 -0.007 0.01)
(0.01625 -0.007 0.01)
(0.0165 -0.007 0.01)
(0.01675 -0.007 0.01)
(0.017 -0.007 0.01)
(0.01725 -0.007 0.01)
(0.0175 -0.007 0.01)
(0.01775 -0.007 0.01)
(0.018 -0.007 0.01)
(0.01825 -0.007 0.01)
(0.0185 -0.007 0.01)
(0.01875 -0.007 0.01)
(0.019 -0.007 0.01)
(0.01925 -0.007 0.01)
(0.0195 -0.007 0.01)
(0.01975 -0.007 0.01)
(0.02 -0.007 0.01)
(0 -0.0065 0.01)
(0.00025 -0.0065 0.01)
(0.0005 -0.0065 0.01)
(0.00075 -0.0065 0.01)
(0.001 -0.0065 0.01)
(0.00125 -0.0065 0.01)
(0.0015 -0.0065 0.01)
(0.00175 -0.0065 0.01)
(0.002 -0.0065 0.01)
(0.00225 -0.0065 0.01)
(0.0025 -0.0065 0.01)
(0.00275 -0.0065 0.01)
(0.003 -0.0065 0.01)
(0.00325 -0.0065 0.01)
(0.0035 -0.0065 0.01)
(0.00375 -0.0065 0.01)
(0.004 -0.0065 0.01)
(0.00425 -0.0065 0.01)
(0.0045 -0.0065 0.01)
(0.00475 -0.0065 0.01)
(0.005 -0.0065 0.01)
(0.00525 -0.0065 0.01)
(0.0055 -0.0065 0.01)
(0.00575 -0.0065 0.01)
(0.006 -0.0065 0.01)
(0.00625 -0.0065 0.01)
(0.0065 -0.0065 0.01)
(0.00675 -0.0065 0.01)
(0.007 -0.0065 0.01)
(0.00725 -0.0065 0.01)
(0.0075 -0.0065 0.01)
(0.00775 -0.0065 0.01)
(0.008 -0.0065 0.01)
(0.00825 -0.0065 0.01)
(0.0085 -0.0065 0.01)
(0.00875 -0.0065 0.01)
(0.009 -0.0065 0.01)
(0.00925 -0.0065 0.01)
(0.0095 -0.0065 0.01)
(0.00975 -0.0065 0.01)
(0.01 -0.0065 0.01)
(0.01025 -0.0065 0.01)
(0.0105 -0.0065 0.01)
(0.01075 -0.0065 0.01)
(0.011 -0.0065 0.01)
(0.01125 -0.0065 0.01)
(0.0115 -0.0065 0.01)
(0.01175 -0.0065 0.01)
(0.012 -0.0065 0.01)
(0.01225 -0.0065 0.01)
(0.0125 -0.0065 0.01)
(0.01275 -0.0065 0.01)
(0.013 -0.0065 0.01)
(0.01325 -0.0065 0.01)
(0.0135 -0.0065 0.01)
(0.01375 -0.0065 0.01)
(0.014 -0.0065 0.01)
(0.01425 -0.0065 0.01)
(0.0145 -0.0065 0.01)
(0.01475 -0.0065 0.01)
(0.015 -0.0065 0.01)
(0.01525 -0.0065 0.01)
(0.0155 -0.0065 0.01)
(0.01575 -0.0065 0.01)
(0.016 -0.0065 0.01)
(0.01625 -0.0065 0.01)
(0.0165 -0.0065 0.01)
(0.01675 -0.0065 0.01)
(0.017 -0.0065 0.01)
(0.01725 -0.0065 0.01)
(0.0175 -0.0065 0.01)
(0.01775 -0.0065 0.01)
(0.018 -0.0065 0.01)
(0.01825 -0.0065 0.01)
(0.0185 -0.0065 0.01)
(0.01875 -0.0065 0.01)
(0.019 -0.0065 0.01)
(0.01925 -0.0065 0.01)
(0.0195 -0.0065 0.01)
(0.01975 -0.0065 0.01)
(0.02 -0.0065 0.01)
(0 -0.006 0.01)
(0.00025 -0.006 0.01)
(0.0005 -0.006 0.01)
(0.00075 -0.006 0.01)
(0.001 -0.006 0.01)
(0.00125 -0.006 0.01)
(0.0015 -0.006 0.01)
(0.00175 -0.006 0.01)
(0.002 -0.006 0.01)
(0.00225 -0.006 0.01)
(0.0025 -0.006 0.01)
(0.00275 -0.006 0.01)
(0.003 -0.006 0.01)
(0.00325 -0.006 0.01)
(0.0035 -0.006 0.01)
(0.00375 -0.006 0.01)
(0.004 -0.006 0.01)
(0.00425 -0.006 0.01)
(0.0045 -0.006 0.01)
(0.00475 -0.006 0.01)
(0.005 -0.006 0.01)
(0.00525 -0.006 0.01)
(0.0055 -0.006 0.01)
(0.00575 -0.006 0.01)
(0.006 -0.006 0.01)
(0.00625 -0.006 0.01)
(0.0065 -0.006 0.01)
(0.00675 -0.006 0.01)
(0.007 -0.006 0.01)
(0.00725 -0.006 0.01)
(0.0075 -0.006 0.01)
(0.00775 -0.006 0.01)
(0.008 -0.006 0.01)
(0.00825 -0.006 0.01)
(0.0085 -0.006 0.01)
(0.00875 -0.006 0.01)
(0.009 -0.006 0.01)
(0.00925 -0.006 0.01)
(0.0095 -0.006 0.01)
(0.00975 -0.006 0.01)
(0.01 -0.006 0.01)
(0.01025 -0.006 0.01)
(0.0105 -0.006 0.01)
(0.01075 -0.006 0.01)
(0.011 -0.006 0.01)
(0.01125 -0.006 0.01)
(0.0115 -0.006 0.01)
(0.01175 -0.006 0.01)
(0.012 -0.006 0.01)
(0.01225 -0.006 0.01)
(0.0125 -0.006 0.01)
(0.01275 -0.006 0.01)
(0.013 -0.006 0.01)
(0.01325 -0.006 0.01)
(0.0135 -0.006 0.01)
(0.01375 -0.006 0.01)
(0.014 -0.006 0.01)
(0.01425 -0.006 0.01)
(0.0145 -0.006 0.01)
(0.01475 -0.006 0.01)
(0.015 -0.006 0.01)
(0.01525 -0.006 0.01)
(0.0155 -0.006 0.01)
(0.01575 -0.006 0.01)
(0.016 -0.006 0.01)
(0.01625 -0.006 0.01)
(0.0165 -0.006 0.01)
(0.01675 -0.006 0.01)
(0.017 -0.006 0.01)
(0.01725 -0.006 0.01)
(0.0175 -0.006 0.01)
(0.01775 -0.006 0.01)
(0.018 -0.006 0.01)
(0.01825 -0.006 0.01)
(0.0185 -0.006 0.01)
(0.01875 -0.006 0.01)
(0.019 -0.006 0.01)
(0.01925 -0.006 0.01)
(0.0195 -0.006 0.01)
(0.01975 -0.006 0.01)
(0.02 -0.006 0.01)
(0 -0.0055 0.01)
(0.00025 -0.0055 0.01)
(0.0005 -0.0055 0.01)
(0.00075 -0.0055 0.01)
(0.001 -0.0055 0.01)
(0.00125 -0.0055 0.01)
(0.0015 -0.0055 0.01)
(0.00175 -0.0055 0.01)
(0.002 -0.0055 0.01)
(0.00225 -0.0055 0.01)
(0.0025 -0.0055 0.01)
(0.00275 -0.0055 0.01)
(0.003 -0.0055 0.01)
(0.00325 -0.0055 0.01)
(0.0035 -0.0055 0.01)
(0.00375 -0.0055 0.01)
(0.004 -0.0055 0.01)
(0.00425 -0.0055 0.01)
(0.0045 -0.0055 0.01)
(0.00475 -0.0055 0.01)
(0.005 -0.0055 0.01)
(0.00525 -0.0055 0.01)
(0.0055 -0.0055 0.01)
(0.00575 -0.0055 0.01)
(0.006 -0.0055 0.01)
(0.00625 -0.0055 0.01)
(0.0065 -0.0055 0.01)
(0.00675 -0.0055 0.01)
(0.007 -0.0055 0.01)
(0.00725 -0.0055 0.01)
(0.0075 -0.0055 0.01)
(0.00775 -0.0055 0.01)
(0.008 -0.0055 0.01)
(0.00825 -0.0055 0.01)
(0.0085 -0.0055 0.01)
(0.00875 -0.0055 0.01)
(0.009 -0.0055 0.01)
(0.00925 -0.0055 0.01)
(0.0095 -0.0055 0.01)
(0.00975 -0.0055 0.01)
(0.01 -0.0055 0.01)
(0.01025 -0.0055 0.01)
(0.0105 -0.0055 0.01)
(0.01075 -0.0055 0.01)
(0.011 -0.0055 0.01)
(0.01125 -0.0055 0.01)
(0.0115 -0.0055 0.01)
(0.01175 -0.0055 0.01)
(0.012 -0.0055 0.01)
(0.01225 -0.0055 0.01)
(0.0125 -0.0055 0.01)
(0.01275 -0.0055 0.01)
(0.013 -0.0055 0.01)
(0.01325 -0.0055 0.01)
(0.0135 -0.0055 0.01)
(0.01375 -0.0055 0.01)
(0.014 -0.0055 0.01)
(0.01425 -0.0055 0.01)
(0.0145 -0.0055 0.01)
(0.01475 -0.0055 0.01)
(0.015 -0.0055 0.01)
(0.01525 -0.0055 0.01)
(0.0155 -0.0055 0.01)
(0.01575 -0.0055 0.01)
(0.016 -0.0055 0.01)
(0.01625 -0.0055 0.01)
(0.0165 -0.0055 0.01)
(0.01675 -0.0055 0.01)
(0.017 -0.0055 0.01)
(0.01725 -0.0055 0.01)
(0.0175 -0.0055 0.01)
(0.01775 -0.0055 0.01)
(0.018 -0.0055 0.01)
(0.01825 -0.0055 0.01)
(0.0185 -0.0055 0.01)
(0.01875 -0.0055 0.01)
(0.019 -0.0055 0.01)
(0.01925 -0.0055 0.01)
(0.0195 -0.0055 0.01)
(0.01975 -0.0055 0.01)
(0.02 -0.0055 0.01)
(0 -0.005 0.01)
(0.00025 -0.005 0.01)
(0.0005 -0.005 0.01)
(0.00075 -0.005 0.01)
(0.001 -0.005 0.01)
(0.00125 -0.005 0.01)
(0.0015 -0.005 0.01)
(0.00175 -0.005 0.01)
(0.002 -0.005 0.01)
(0.00225 -0.005 0.01)
(0.0025 -0.005 0.01)
(0.00275 -0.005 0.01)
(0.003 -0.005 0.01)
(0.00325 -0.005 0.01)
(0.0035 -0.005 0.01)
(0.00375 -0.005 0.01)
(0.004 -0.005 0.01)
(0.00425 -0.005 0.01)
(0.0045 -0.005 0.01)
(0.00475 -0.005 0.01)
(0.005 -0.005 0.01)
(0.00525 -0.005 0.01)
(0.0055 -0.005 0.01)
(0.00575 -0.005 0.01)
(0.006 -0.005 0.01)
(0.00625 -0.005 0.01)
(0.0065 -0.005 0.01)
(0.00675 -0.005 0.01)
(0.007 -0.005 0.01)
(0.00725 -0.005 0.01)
(0.0075 -0.005 0.01)
(0.00775 -0.005 0.01)
(0.008 -0.005 0.01)
(0.00825 -0.005 0.01)
(0.0085 -0.005 0.01)
(0.00875 -0.005 0.01)
(0.009 -0.005 0.01)
(0.00925 -0.005 0.01)
(0.0095 -0.005 0.01)
(0.00975 -0.005 0.01)
(0.01 -0.005 0.01)
(0.01025 -0.005 0.01)
(0.0105 -0.005 0.01)
(0.01075 -0.005 0.01)
(0.011 -0.005 0.01)
(0.01125 -0.005 0.01)
(0.0115 -0.005 0.01)
(0.01175 -0.005 0.01)
(0.012 -0.005 0.01)
(0.01225 -0.005 0.01)
(0.0125 -0.005 0.01)
(0.01275 -0.005 0.01)
(0.013 -0.005 0.01)
(0.01325 -0.005 0.01)
(0.0135 -0.005 0.01)
(0.01375 -0.005 0.01)
(0.014 -0.005 0.01)
(0.01425 -0.005 0.01)
(0.0145 -0.005 0.01)
(0.01475 -0.005 0.01)
(0.015 -0.005 0.01)
(0.01525 -0.005 0.01)
(0.0155 -0.005 0.01)
(0.01575 -0.005 0.01)
(0.016 -0.005 0.01)
(0.01625 -0.005 0.01)
(0.0165 -0.005 0.01)
(0.01675 -0.005 0.01)
(0.017 -0.005 0.01)
(0.01725 -0.005 0.01)
(0.0175 -0.005 0.01)
(0.01775 -0.005 0.01)
(0.018 -0.005 0.01)
(0.01825 -0.005 0.01)
(0.0185 -0.005 0.01)
(0.01875 -0.005 0.01)
(0.019 -0.005 0.01)
(0.01925 -0.005 0.01)
(0.0195 -0.005 0.01)
(0.01975 -0.005 0.01)
(0.02 -0.005 0.01)
(0 -0.0045 0.01)
(0.00025 -0.0045 0.01)
(0.0005 -0.0045 0.01)
(0.00075 -0.0045 0.01)
(0.001 -0.0045 0.01)
(0.00125 -0.0045 0.01)
(0.0015 -0.0045 0.01)
(0.00175 -0.0045 0.01)
(0.002 -0.0045 0.01)
(0.00225 -0.0045 0.01)
(0.0025 -0.0045 0.01)
(0.00275 -0.0045 0.01)
(0.003 -0.0045 0.01)
(0.00325 -0.0045 0.01)
(0.0035 -0.0045 0.01)
(0.00375 -0.0045 0.01)
(0.004 -0.0045 0.01)
(0.00425 -0.0045 0.01)
(0.0045 -0.0045 0.01)
(0.00475 -0.0045 0.01)
(0.005 -0.0045 0.01)
(0.00525 -0.0045 0.01)
(0.0055 -0.0045 0.01)
(0.00575 -0.0045 0.01)
(0.006 -0.0045 0.01)
(0.00625 -0.0045 0.01)
(0.0065 -0.0045 0.01)
(0.00675 -0.0045 0.01)
(0.007 -0.0045 0.01)
(0.00725 -0.0045 0.01)
(0.0075 -0.0045 0.01)
(0.00775 -0.0045 0.01)
(0.008 -0.0045 0.01)
(0.00825 -0.0045 0.01)
(0.0085 -0.0045 0.01)
(0.00875 -0.0045 0.01)
(0.009 -0.0045 0.01)
(0.00925 -0.0045 0.01)
(0.0095 -0.0045 0.01)
(0.00975 -0.0045 0.01)
(0.01 -0.0045 0.01)
(0.01025 -0.0045 0.01)
(0.0105 -0.0045 0.01)
(0.01075 -0.0045 0.01)
(0.011 -0.0045 0.01)
(0.01125 -0.0045 0.01)
(0.0115 -0.0045 0.01)
(0.01175 -0.0045 0.01)
(0.012 -0.0045 0.01)
(0.01225 -0.0045 0.01)
(0.0125 -0.0045 0.01)
(0.01275 -0.0045 0.01)
(0.013 -0.0045 0.01)
(0.01325 -0.0045 0.01)
(0.0135 -0.0045 0.01)
(0.01375 -0.0045 0.01)
(0.014 -0.0045 0.01)
(0.01425 -0.0045 0.01)
(0.0145 -0.0045 0.01)
(0.01475 -0.0045 0.01)
(0.015 -0.0045 0.01)
(0.01525 -0.0045 0.01)
(0.0155 -0.0045 0.01)
(0.01575 -0.0045 0.01)
(0.016 -0.0045 0.01)
(0.01625 -0.0045 0.01)
(0.0165 -0.0045 0.01)
(0.01675 -0.0045 0.01)
(0.017 -0.0045 0.01)
(0.01725 -0.0045 0.01)
(0.0175 -0.0045 0.01)
(0.01775 -0.0045 0.01)
(0.018 -0.0045 0.01)
(0.01825 -0.0045 0.01)
(0.0185 -0.0045 0.01)
(0.01875 -0.0045 0.01)
(0.019 -0.0045 0.01)
(0.01925 -0.0045 0.01)
(0.0195 -0.0045 0.01)
(0.01975 -0.0045 0.01)
(0.02 -0.0045 0.01)
(0 -0.004 0.01)
(0.00025 -0.004 0.01)
(0.0005 -0.004 0.01)
(0.00075 -0.004 0.01)
(0.001 -0.004 0.01)
(0.00125 -0.004 0.01)
(0.0015 -0.004 0.01)
(0.00175 -0.004 0.01)
(0.002 -0.004 0.01)
(0.00225 -0.004 0.01)
(0.0025 -0.004 0.01)
(0.00275 -0.004 0.01)
(0.003 -0.004 0.01)
(0.00325 -0.004 0.01)
(0.0035 -0.004 0.01)
(0.00375 -0.004 0.01)
(0.004 -0.004 0.01)
(0.00425 -0.004 0.01)
(0.0045 -0.004 0.01)
(0.00475 -0.004 0.01)
(0.005 -0.004 0.01)
(0.00525 -0.004 0.01)
(0.0055 -0.004 0.01)
(0.00575 -0.004 0.01)
(0.006 -0.004 0.01)
(0.00625 -0.004 0.01)
(0.0065 -0.004 0.01)
(0.00675 -0.004 0.01)
(0.007 -0.004 0.01)
(0.00725 -0.004 0.01)
(0.0075 -0.004 0.01)
(0.00775 -0.004 0.01)
(0.008 -0.004 0.01)
(0.00825 -0.004 0.01)
(0.0085 -0.004 0.01)
(0.00875 -0.004 0.01)
(0.009 -0.004 0.01)
(0.00925 -0.004 0.01)
(0.0095 -0.004 0.01)
(0.00975 -0.004 0.01)
(0.01 -0.004 0.01)
(0.01025 -0.004 0.01)
(0.0105 -0.004 0.01)
(0.01075 -0.004 0.01)
(0.011 -0.004 0.01)
(0.01125 -0.004 0.01)
(0.0115 -0.004 0.01)
(0.01175 -0.004 0.01)
(0.012 -0.004 0.01)
(0.01225 -0.004 0.01)
(0.0125 -0.004 0.01)
(0.01275 -0.004 0.01)
(0.013 -0.004 0.01)
(0.01325 -0.004 0.01)
(0.0135 -0.004 0.01)
(0.01375 -0.004 0.01)
(0.014 -0.004 0.01)
(0.01425 -0.004 0.01)
(0.0145 -0.004 0.01)
(0.01475 -0.004 0.01)
(0.015 -0.004 0.01)
(0.01525 -0.004 0.01)
(0.0155 -0.004 0.01)
(0.01575 -0.004 0.01)
(0.016 -0.004 0.01)
(0.01625 -0.004 0.01)
(0.0165 -0.004 0.01)
(0.01675 -0.004 0.01)
(0.017 -0.004 0.01)
(0.01725 -0.004 0.01)
(0.0175 -0.004 0.01)
(0.01775 -0.004 0.01)
(0.018 -0.004 0.01)
(0.01825 -0.004 0.01)
(0.0185 -0.004 0.01)
(0.01875 -0.004 0.01)
(0.019 -0.004 0.01)
(0.01925 -0.004 0.01)
(0.0195 -0.004 0.01)
(0.01975 -0.004 0.01)
(0.02 -0.004 0.01)
(0 -0.0035 0.01)
(0.00025 -0.0035 0.01)
(0.0005 -0.0035 0.01)
(0.00075 -0.0035 0.01)
(0.001 -0.0035 0.01)
(0.00125 -0.0035 0.01)
(0.0015 -0.0035 0.01)
(0.00175 -0.0035 0.01)
(0.002 -0.0035 0.01)
(0.00225 -0.0035 0.01)
(0.0025 -0.0035 0.01)
(0.00275 -0.0035 0.01)
(0.003 -0.0035 0.01)
(0.00325 -0.0035 0.01)
(0.0035 -0.0035 0.01)
(0.00375 -0.0035 0.01)
(0.004 -0.0035 0.01)
(0.00425 -0.0035 0.01)
(0.0045 -0.0035 0.01)
(0.00475 -0.0035 0.01)
(0.005 -0.0035 0.01)
(0.00525 -0.0035 0.01)
(0.0055 -0.0035 0.01)
(0.00575 -0.0035 0.01)
(0.006 -0.0035 0.01)
(0.00625 -0.0035 0.01)
(0.0065 -0.0035 0.01)
(0.00675 -0.0035 0.01)
(0.007 -0.0035 0.01)
(0.00725 -0.0035 0.01)
(0.0075 -0.0035 0.01)
(0.00775 -0.0035 0.01)
(0.008 -0.0035 0.01)
(0.00825 -0.0035 0.01)
(0.0085 -0.0035 0.01)
(0.00875 -0.0035 0.01)
(0.009 -0.0035 0.01)
(0.00925 -0.0035 0.01)
(0.0095 -0.0035 0.01)
(0.00975 -0.0035 0.01)
(0.01 -0.0035 0.01)
(0.01025 -0.0035 0.01)
(0.0105 -0.0035 0.01)
(0.01075 -0.0035 0.01)
(0.011 -0.0035 0.01)
(0.01125 -0.0035 0.01)
(0.0115 -0.0035 0.01)
(0.01175 -0.0035 0.01)
(0.012 -0.0035 0.01)
(0.01225 -0.0035 0.01)
(0.0125 -0.0035 0.01)
(0.01275 -0.0035 0.01)
(0.013 -0.0035 0.01)
(0.01325 -0.0035 0.01)
(0.0135 -0.0035 0.01)
(0.01375 -0.0035 0.01)
(0.014 -0.0035 0.01)
(0.01425 -0.0035 0.01)
(0.0145 -0.0035 0.01)
(0.01475 -0.0035 0.01)
(0.015 -0.0035 0.01)
(0.01525 -0.0035 0.01)
(0.0155 -0.0035 0.01)
(0.01575 -0.0035 0.01)
(0.016 -0.0035 0.01)
(0.01625 -0.0035 0.01)
(0.0165 -0.0035 0.01)
(0.01675 -0.0035 0.01)
(0.017 -0.0035 0.01)
(0.01725 -0.0035 0.01)
(0.0175 -0.0035 0.01)
(0.01775 -0.0035 0.01)
(0.018 -0.0035 0.01)
(0.01825 -0.0035 0.01)
(0.0185 -0.0035 0.01)
(0.01875 -0.0035 0.01)
(0.019 -0.0035 0.01)
(0.01925 -0.0035 0.01)
(0.0195 -0.0035 0.01)
(0.01975 -0.0035 0.01)
(0.02 -0.0035 0.01)
(0 -0.003 0.01)
(0.00025 -0.003 0.01)
(0.0005 -0.003 0.01)
(0.00075 -0.003 0.01)
(0.001 -0.003 0.01)
(0.00125 -0.003 0.01)
(0.0015 -0.003 0.01)
(0.00175 -0.003 0.01)
(0.002 -0.003 0.01)
(0.00225 -0.003 0.01)
(0.0025 -0.003 0.01)
(0.00275 -0.003 0.01)
(0.003 -0.003 0.01)
(0.00325 -0.003 0.01)
(0.0035 -0.003 0.01)
(0.00375 -0.003 0.01)
(0.004 -0.003 0.01)
(0.00425 -0.003 0.01)
(0.0045 -0.003 0.01)
(0.00475 -0.003 0.01)
(0.005 -0.003 0.01)
(0.00525 -0.003 0.01)
(0.0055 -0.003 0.01)
(0.00575 -0.003 0.01)
(0.006 -0.003 0.01)
(0.00625 -0.003 0.01)
(0.0065 -0.003 0.01)
(0.00675 -0.003 0.01)
(0.007 -0.003 0.01)
(0.00725 -0.003 0.01)
(0.0075 -0.003 0.01)
(0.00775 -0.003 0.01)
(0.008 -0.003 0.01)
(0.00825 -0.003 0.01)
(0.0085 -0.003 0.01)
(0.00875 -0.003 0.01)
(0.009 -0.003 0.01)
(0.00925 -0.003 0.01)
(0.0095 -0.003 0.01)
(0.00975 -0.003 0.01)
(0.01 -0.003 0.01)
(0.01025 -0.003 0.01)
(0.0105 -0.003 0.01)
(0.01075 -0.003 0.01)
(0.011 -0.003 0.01)
(0.01125 -0.003 0.01)
(0.0115 -0.003 0.01)
(0.01175 -0.003 0.01)
(0.012 -0.003 0.01)
(0.01225 -0.003 0.01)
(0.0125 -0.003 0.01)
(0.01275 -0.003 0.01)
(0.013 -0.003 0.01)
(0.01325 -0.003 0.01)
(0.0135 -0.003 0.01)
(0.01375 -0.003 0.01)
(0.014 -0.003 0.01)
(0.01425 -0.003 0.01)
(0.0145 -0.003 0.01)
(0.01475 -0.003 0.01)
(0.015 -0.003 0.01)
(0.01525 -0.003 0.01)
(0.0155 -0.003 0.01)
(0.01575 -0.003 0.01)
(0.016 -0.003 0.01)
(0.01625 -0.003 0.01)
(0.0165 -0.003 0.01)
(0.01675 -0.003 0.01)
(0.017 -0.003 0.01)
(0.01725 -0.003 0.01)
(0.0175 -0.003 0.01)
(0.01775 -0.003 0.01)
(0.018 -0.003 0.01)
(0.01825 -0.003 0.01)
(0.0185 -0.003 0.01)
(0.01875 -0.003 0.01)
(0.019 -0.003 0.01)
(0.01925 -0.003 0.01)
(0.0195 -0.003 0.01)
(0.01975 -0.003 0.01)
(0.02 -0.003 0.01)
(0 -0.0025 0.01)
(0.00025 -0.0025 0.01)
(0.0005 -0.0025 0.01)
(0.00075 -0.0025 0.01)
(0.001 -0.0025 0.01)
(0.00125 -0.0025 0.01)
(0.0015 -0.0025 0.01)
(0.00175 -0.0025 0.01)
(0.002 -0.0025 0.01)
(0.00225 -0.0025 0.01)
(0.0025 -0.0025 0.01)
(0.00275 -0.0025 0.01)
(0.003 -0.0025 0.01)
(0.00325 -0.0025 0.01)
(0.0035 -0.0025 0.01)
(0.00375 -0.0025 0.01)
(0.004 -0.0025 0.01)
(0.00425 -0.0025 0.01)
(0.0045 -0.0025 0.01)
(0.00475 -0.0025 0.01)
(0.005 -0.0025 0.01)
(0.00525 -0.0025 0.01)
(0.0055 -0.0025 0.01)
(0.00575 -0.0025 0.01)
(0.006 -0.0025 0.01)
(0.00625 -0.0025 0.01)
(0.0065 -0.0025 0.01)
(0.00675 -0.0025 0.01)
(0.007 -0.0025 0.01)
(0.00725 -0.0025 0.01)
(0.0075 -0.0025 0.01)
(0.00775 -0.0025 0.01)
(0.008 -0.0025 0.01)
(0.00825 -0.0025 0.01)
(0.0085 -0.0025 0.01)
(0.00875 -0.0025 0.01)
(0.009 -0.0025 0.01)
(0.00925 -0.0025 0.01)
(0.0095 -0.0025 0.01)
(0.00975 -0.0025 0.01)
(0.01 -0.0025 0.01)
(0.01025 -0.0025 0.01)
(0.0105 -0.0025 0.01)
(0.01075 -0.0025 0.01)
(0.011 -0.0025 0.01)
(0.01125 -0.0025 0.01)
(0.0115 -0.0025 0.01)
(0.01175 -0.0025 0.01)
(0.012 -0.0025 0.01)
(0.01225 -0.0025 0.01)
(0.0125 -0.0025 0.01)
(0.01275 -0.0025 0.01)
(0.013 -0.0025 0.01)
(0.01325 -0.0025 0.01)
(0.0135 -0.0025 0.01)
(0.01375 -0.0025 0.01)
(0.014 -0.0025 0.01)
(0.01425 -0.0025 0.01)
(0.0145 -0.0025 0.01)
(0.01475 -0.0025 0.01)
(0.015 -0.0025 0.01)
(0.01525 -0.0025 0.01)
(0.0155 -0.0025 0.01)
(0.01575 -0.0025 0.01)
(0.016 -0.0025 0.01)
(0.01625 -0.0025 0.01)
(0.0165 -0.0025 0.01)
(0.01675 -0.0025 0.01)
(0.017 -0.0025 0.01)
(0.01725 -0.0025 0.01)
(0.0175 -0.0025 0.01)
(0.01775 -0.0025 0.01)
(0.018 -0.0025 0.01)
(0.01825 -0.0025 0.01)
(0.0185 -0.0025 0.01)
(0.01875 -0.0025 0.01)
(0.019 -0.0025 0.01)
(0.01925 -0.0025 0.01)
(0.0195 -0.0025 0.01)
(0.01975 -0.0025 0.01)
(0.02 -0.0025 0.01)
(0 -0.002 0.01)
(0.00025 -0.002 0.01)
(0.0005 -0.002 0.01)
(0.00075 -0.002 0.01)
(0.001 -0.002 0.01)
(0.00125 -0.002 0.01)
(0.0015 -0.002 0.01)
(0.00175 -0.002 0.01)
(0.002 -0.002 0.01)
(0.00225 -0.002 0.01)
(0.0025 -0.002 0.01)
(0.00275 -0.002 0.01)
(0.003 -0.002 0.01)
(0.00325 -0.002 0.01)
(0.0035 -0.002 0.01)
(0.00375 -0.002 0.01)
(0.004 -0.002 0.01)
(0.00425 -0.002 0.01)
(0.0045 -0.002 0.01)
(0.00475 -0.002 0.01)
(0.005 -0.002 0.01)
(0.00525 -0.002 0.01)
(0.0055 -0.002 0.01)
(0.00575 -0.002 0.01)
(0.006 -0.002 0.01)
(0.00625 -0.002 0.01)
(0.0065 -0.002 0.01)
(0.00675 -0.002 0.01)
(0.007 -0.002 0.01)
(0.00725 -0.002 0.01)
(0.0075 -0.002 0.01)
(0.00775 -0.002 0.01)
(0.008 -0.002 0.01)
(0.00825 -0.002 0.01)
(0.0085 -0.002 0.01)
(0.00875 -0.002 0.01)
(0.009 -0.002 0.01)
(0.00925 -0.002 0.01)
(0.0095 -0.002 0.01)
(0.00975 -0.002 0.01)
(0.01 -0.002 0.01)
(0.01025 -0.002 0.01)
(0.0105 -0.002 0.01)
(0.01075 -0.002 0.01)
(0.011 -0.002 0.01)
(0.01125 -0.002 0.01)
(0.0115 -0.002 0.01)
(0.01175 -0.002 0.01)
(0.012 -0.002 0.01)
(0.01225 -0.002 0.01)
(0.0125 -0.002 0.01)
(0.01275 -0.002 0.01)
(0.013 -0.002 0.01)
(0.01325 -0.002 0.01)
(0.0135 -0.002 0.01)
(0.01375 -0.002 0.01)
(0.014 -0.002 0.01)
(0.01425 -0.002 0.01)
(0.0145 -0.002 0.01)
(0.01475 -0.002 0.01)
(0.015 -0.002 0.01)
(0.01525 -0.002 0.01)
(0.0155 -0.002 0.01)
(0.01575 -0.002 0.01)
(0.016 -0.002 0.01)
(0.01625 -0.002 0.01)
(0.0165 -0.002 0.01)
(0.01675 -0.002 0.01)
(0.017 -0.002 0.01)
(0.01725 -0.002 0.01)
(0.0175 -0.002 0.01)
(0.01775 -0.002 0.01)
(0.018 -0.002 0.01)
(0.01825 -0.002 0.01)
(0.0185 -0.002 0.01)
(0.01875 -0.002 0.01)
(0.019 -0.002 0.01)
(0.01925 -0.002 0.01)
(0.0195 -0.002 0.01)
(0.01975 -0.002 0.01)
(0.02 -0.002 0.01)
(0 -0.0015 0.01)
(0.00025 -0.0015 0.01)
(0.0005 -0.0015 0.01)
(0.00075 -0.0015 0.01)
(0.001 -0.0015 0.01)
(0.00125 -0.0015 0.01)
(0.0015 -0.0015 0.01)
(0.00175 -0.0015 0.01)
(0.002 -0.0015 0.01)
(0.00225 -0.0015 0.01)
(0.0025 -0.0015 0.01)
(0.00275 -0.0015 0.01)
(0.003 -0.0015 0.01)
(0.00325 -0.0015 0.01)
(0.0035 -0.0015 0.01)
(0.00375 -0.0015 0.01)
(0.004 -0.0015 0.01)
(0.00425 -0.0015 0.01)
(0.0045 -0.0015 0.01)
(0.00475 -0.0015 0.01)
(0.005 -0.0015 0.01)
(0.00525 -0.0015 0.01)
(0.0055 -0.0015 0.01)
(0.00575 -0.0015 0.01)
(0.006 -0.0015 0.01)
(0.00625 -0.0015 0.01)
(0.0065 -0.0015 0.01)
(0.00675 -0.0015 0.01)
(0.007 -0.0015 0.01)
(0.00725 -0.0015 0.01)
(0.0075 -0.0015 0.01)
(0.00775 -0.0015 0.01)
(0.008 -0.0015 0.01)
(0.00825 -0.0015 0.01)
(0.0085 -0.0015 0.01)
(0.00875 -0.0015 0.01)
(0.009 -0.0015 0.01)
(0.00925 -0.0015 0.01)
(0.0095 -0.0015 0.01)
(0.00975 -0.0015 0.01)
(0.01 -0.0015 0.01)
(0.01025 -0.0015 0.01)
(0.0105 -0.0015 0.01)
(0.01075 -0.0015 0.01)
(0.011 -0.0015 0.01)
(0.01125 -0.0015 0.01)
(0.0115 -0.0015 0.01)
(0.01175 -0.0015 0.01)
(0.012 -0.0015 0.01)
(0.01225 -0.0015 0.01)
(0.0125 -0.0015 0.01)
(0.01275 -0.0015 0.01)
(0.013 -0.0015 0.01)
(0.01325 -0.0015 0.01)
(0.0135 -0.0015 0.01)
(0.01375 -0.0015 0.01)
(0.014 -0.0015 0.01)
(0.01425 -0.0015 0.01)
(0.0145 -0.0015 0.01)
(0.01475 -0.0015 0.01)
(0.015 -0.0015 0.01)
(0.01525 -0.0015 0.01)
(0.0155 -0.0015 0.01)
(0.01575 -0.0015 0.01)
(0.016 -0.0015 0.01)
(0.01625 -0.0015 0.01)
(0.0165 -0.0015 0.01)
(0.01675 -0.0015 0.01)
(0.017 -0.0015 0.01)
(0.01725 -0.0015 0.01)
(0.0175 -0.0015 0.01)
(0.01775 -0.0015 0.01)
(0.018 -0.0015 0.01)
(0.01825 -0.0015 0.01)
(0.0185 -0.0015 0.01)
(0.01875 -0.0015 0.01)
(0.019 -0.0015 0.01)
(0.01925 -0.0015 0.01)
(0.0195 -0.0015 0.01)
(0.01975 -0.0015 0.01)
(0.02 -0.0015 0.01)
(0 -0.001 0.01)
(0.00025 -0.001 0.01)
(0.0005 -0.001 0.01)
(0.00075 -0.001 0.01)
(0.001 -0.001 0.01)
(0.00125 -0.001 0.01)
(0.0015 -0.001 0.01)
(0.00175 -0.001 0.01)
(0.002 -0.001 0.01)
(0.00225 -0.001 0.01)
(0.0025 -0.001 0.01)
(0.00275 -0.001 0.01)
(0.003 -0.001 0.01)
(0.00325 -0.001 0.01)
(0.0035 -0.001 0.01)
(0.00375 -0.001 0.01)
(0.004 -0.001 0.01)
(0.00425 -0.001 0.01)
(0.0045 -0.001 0.01)
(0.00475 -0.001 0.01)
(0.005 -0.001 0.01)
(0.00525 -0.001 0.01)
(0.0055 -0.001 0.01)
(0.00575 -0.001 0.01)
(0.006 -0.001 0.01)
(0.00625 -0.001 0.01)
(0.0065 -0.001 0.01)
(0.00675 -0.001 0.01)
(0.007 -0.001 0.01)
(0.00725 -0.001 0.01)
(0.0075 -0.001 0.01)
(0.00775 -0.001 0.01)
(0.008 -0.001 0.01)
(0.00825 -0.001 0.01)
(0.0085 -0.001 0.01)
(0.00875 -0.001 0.01)
(0.009 -0.001 0.01)
(0.00925 -0.001 0.01)
(0.0095 -0.001 0.01)
(0.00975 -0.001 0.01)
(0.01 -0.001 0.01)
(0.01025 -0.001 0.01)
(0.0105 -0.001 0.01)
(0.01075 -0.001 0.01)
(0.011 -0.001 0.01)
(0.01125 -0.001 0.01)
(0.0115 -0.001 0.01)
(0.01175 -0.001 0.01)
(0.012 -0.001 0.01)
(0.01225 -0.001 0.01)
(0.0125 -0.001 0.01)
(0.01275 -0.001 0.01)
(0.013 -0.001 0.01)
(0.01325 -0.001 0.01)
(0.0135 -0.001 0.01)
(0.01375 -0.001 0.01)
(0.014 -0.001 0.01)
(0.01425 -0.001 0.01)
(0.0145 -0.001 0.01)
(0.01475 -0.001 0.01)
(0.015 -0.001 0.01)
(0.01525 -0.001 0.01)
(0.0155 -0.001 0.01)
(0.01575 -0.001 0.01)
(0.016 -0.001 0.01)
(0.01625 -0.001 0.01)
(0.0165 -0.001 0.01)
(0.01675 -0.001 0.01)
(0.017 -0.001 0.01)
(0.01725 -0.001 0.01)
(0.0175 -0.001 0.01)
(0.01775 -0.001 0.01)
(0.018 -0.001 0.01)
(0.01825 -0.001 0.01)
(0.0185 -0.001 0.01)
(0.01875 -0.001 0.01)
(0.019 -0.001 0.01)
(0.01925 -0.001 0.01)
(0.0195 -0.001 0.01)
(0.01975 -0.001 0.01)
(0.02 -0.001 0.01)
(0 -0.0005 0.01)
(0.00025 -0.0005 0.01)
(0.0005 -0.0005 0.01)
(0.00075 -0.0005 0.01)
(0.001 -0.0005 0.01)
(0.00125 -0.0005 0.01)
(0.0015 -0.0005 0.01)
(0.00175 -0.0005 0.01)
(0.002 -0.0005 0.01)
(0.00225 -0.0005 0.01)
(0.0025 -0.0005 0.01)
(0.00275 -0.0005 0.01)
(0.003 -0.0005 0.01)
(0.00325 -0.0005 0.01)
(0.0035 -0.0005 0.01)
(0.00375 -0.0005 0.01)
(0.004 -0.0005 0.01)
(0.00425 -0.0005 0.01)
(0.0045 -0.0005 0.01)
(0.00475 -0.0005 0.01)
(0.005 -0.0005 0.01)
(0.00525 -0.0005 0.01)
(0.0055 -0.0005 0.01)
(0.00575 -0.0005 0.01)
(0.006 -0.0005 0.01)
(0.00625 -0.0005 0.01)
(0.0065 -0.0005 0.01)
(0.00675 -0.0005 0.01)
(0.007 -0.0005 0.01)
(0.00725 -0.0005 0.01)
(0.0075 -0.0005 0.01)
(0.00775 -0.0005 0.01)
(0.008 -0.0005 0.01)
(0.00825 -0.0005 0.01)
(0.0085 -0.0005 0.01)
(0.00875 -0.0005 0.01)
(0.009 -0.0005 0.01)
(0.00925 -0.0005 0.01)
(0.0095 -0.0005 0.01)
(0.00975 -0.0005 0.01)
(0.01 -0.0005 0.01)
(0.01025 -0.0005 0.01)
(0.0105 -0.0005 0.01)
(0.01075 -0.0005 0.01)
(0.011 -0.0005 0.01)
(0.01125 -0.0005 0.01)
(0.0115 -0.0005 0.01)
(0.01175 -0.0005 0.01)
(0.012 -0.0005 0.01)
(0.01225 -0.0005 0.01)
(0.0125 -0.0005 0.01)
(0.01275 -0.0005 0.01)
(0.013 -0.0005 0.01)
(0.01325 -0.0005 0.01)
(0.0135 -0.0005 0.01)
(0.01375 -0.0005 0.01)
(0.014 -0.0005 0.01)
(0.01425 -0.0005 0.01)
(0.0145 -0.0005 0.01)
(0.01475 -0.0005 0.01)
(0.015 -0.0005 0.01)
(0.01525 -0.0005 0.01)
(0.0155 -0.0005 0.01)
(0.01575 -0.0005 0.01)
(0.016 -0.0005 0.01)
(0.01625 -0.0005 0.01)
(0.0165 -0.0005 0.01)
(0.01675 -0.0005 0.01)
(0.017 -0.0005 0.01)
(0.01725 -0.0005 0.01)
(0.0175 -0.0005 0.01)
(0.01775 -0.0005 0.01)
(0.018 -0.0005 0.01)
(0.01825 -0.0005 0.01)
(0.0185 -0.0005 0.01)
(0.01875 -0.0005 0.01)
(0.019 -0.0005 0.01)
(0.01925 -0.0005 0.01)
(0.0195 -0.0005 0.01)
(0.01975 -0.0005 0.01)
(0.02 -0.0005 0.01)
(0 0 0.01)
(0.00025 9.208490452e-20 0.01)
(0.0005 -8.67361738e-22 0.01)
(0.00075 9.121754278e-20 0.01)
(0.001 -1.734723476e-21 0.01)
(0.00125 9.035018104e-20 0.01)
(0.0015 -1.066854938e-19 0.01)
(0.00175 8.94828193e-20 0.01)
(0.002 -1.075528555e-19 0.01)
(0.00225 8.861545756e-20 0.01)
(0.0025 -1.084202172e-19 0.01)
(0.00275 -1.633531273e-20 0.01)
(0.003 -1.09287579e-19 0.01)
(0.00325 -1.720267447e-20 0.01)
(0.0035 -1.101549407e-19 0.01)
(0.00375 -1.807003621e-20 0.01)
(0.004 7.401486831e-20 0.01)
(0.00425 -1.893739795e-20 0.01)
(0.0045 7.314750657e-20 0.01)
(0.00475 -1.643650493e-19 0.01)
(0.005 7.228014483e-20 0.01)
(0.00525 1.643650493e-19 0.01)
(0.0055 7.141278309e-20 0.01)
(0.00575 1.893739795e-20 0.01)
(0.006 2.15105711e-19 0.01)
(0.00625 1.807003621e-20 0.01)
(0.0065 1.101549407e-19 0.01)
(0.00675 1.720267447e-20 0.01)
(0.007 -3.527271068e-20 0.01)
(0.00725 -1.282249769e-19 0.01)
(0.0075 -3.614007242e-20 0.01)
(0.00775 5.59448321e-20 0.01)
(0.008 -3.700743415e-20 0.01)
(0.00825 5.507747036e-20 0.01)
(0.0085 -3.787479589e-20 0.01)
(0.00875 5.421010862e-20 0.01)
(0.009 1.462950131e-19 0.01)
(0.00925 5.334274689e-20 0.01)
(0.0095 8.67361738e-22 0.01)
(0.00975 1.970356748e-19 0.01)
(0.01 0 0.01)
(0.01025 -5.247538515e-20 0.01)
(0.0105 -8.67361738e-22 0.01)
(0.01075 -5.334274689e-20 0.01)
(0.011 -1.734723476e-21 0.01)
(0.01125 -5.421010862e-20 0.01)
(0.0115 3.787479589e-20 0.01)
(0.01175 -5.507747036e-20 0.01)
(0.012 3.700743415e-20 0.01)
(0.01225 1.633531273e-20 0.01)
(0.0125 3.614007242e-20 0.01)
(0.01275 -1.633531273e-20 0.01)
(0.013 3.527271068e-20 0.01)
(0.01325 -1.720267447e-20 0.01)
(0.0135 3.440534894e-20 0.01)
(0.01375 -1.807003621e-20 0.01)
(0.014 1.734723476e-21 0.01)
(0.01425 -1.893739795e-20 0.01)
(0.0145 8.67361738e-22 0.01)
(0.01475 -1.980475968e-20 0.01)
(0.015 0 0.01)
(0.01525 1.980475968e-20 0.01)
(0.0155 -8.67361738e-22 0.01)
(0.01575 1.893739795e-20 0.01)
(0.016 -1.734723476e-21 0.01)
(0.01625 1.807003621e-20 0.01)
(0.0165 1.734723476e-21 0.01)
(0.01675 1.720267447e-20 0.01)
(0.017 8.67361738e-22 0.01)
(0.01725 1.633531273e-20 0.01)
(0.0175 0 0.01)
(0.01775 -1.633531273e-20 0.01)
(0.018 -8.67361738e-22 0.01)
(0.01825 8.67361738e-22 0.01)
(0.0185 -1.734723476e-21 0.01)
(0.01875 0 0.01)
(0.019 1.734723476e-21 0.01)
(0.01925 -8.67361738e-22 0.01)
(0.0195 8.67361738e-22 0.01)
(0.01975 -1.734723476e-21 0.01)
(0.02 0 0.01)
(0 0.0005 0.01)
(0.00025 0.0005 0.01)
(0.0005 0.0005 0.01)
(0.00075 0.0005 0.01)
(0.001 0.0005 0.01)
(0.00125 0.0005 0.01)
(0.0015 0.0005 0.01)
(0.00175 0.0005 0.01)
(0.002 0.0005 0.01)
(0.00225 0.0005 0.01)
(0.0025 0.0005 0.01)
(0.00275 0.0005 0.01)
(0.003 0.0005 0.01)
(0.00325 0.0005 0.01)
(0.0035 0.0005 0.01)
(0.00375 0.0005 0.01)
(0.004 0.0005 0.01)
(0.00425 0.0005 0.01)
(0.0045 0.0005 0.01)
(0.00475 0.0005 0.01)
(0.005 0.0005 0.01)
(0.00525 0.0005 0.01)
(0.0055 0.0005 0.01)
(0.00575 0.0005 0.01)
(0.006 0.0005 0.01)
(0.00625 0.0005 0.01)
(0.0065 0.0005 0.01)
(0.00675 0.0005 0.01)
(0.007 0.0005 0.01)
(0.00725 0.0005 0.01)
(0.0075 0.0005 0.01)
(0.00775 0.0005 0.01)
(0.008 0.0005 0.01)
(0.00825 0.0005 0.01)
(0.0085 0.0005 0.01)
(0.00875 0.0005 0.01)
(0.009 0.0005 0.01)
(0.00925 0.0005 0.01)
(0.0095 0.0005 0.01)
(0.00975 0.0005 0.01)
(0.01 0.0005 0.01)
(0.01025 0.0005 0.01)
(0.0105 0.0005 0.01)
(0.01075 0.0005 0.01)
(0.011 0.0005 0.01)
(0.01125 0.0005 0.01)
(0.0115 0.0005 0.01)
(0.01175 0.0005 0.01)
(0.012 0.0005 0.01)
(0.01225 0.0005 0.01)
(0.0125 0.0005 0.01)
(0.01275 0.0005 0.01)
(0.013 0.0005 0.01)
(0.01325 0.0005 0.01)
(0.0135 0.0005 0.01)
(0.01375 0.0005 0.01)
(0.014 0.0005 0.01)
(0.01425 0.0005 0.01)
(0.0145 0.0005 0.01)
(0.01475 0.0005 0.01)
(0.015 0.0005 0.01)
(0.01525 0.0005 0.01)
(0.0155 0.0005 0.01)
(0.01575 0.0005 0.01)
(0.016 0.0005 0.01)
(0.01625 0.0005 0.01)
(0.0165 0.0005 0.01)
(0.01675 0.0005 0.01)
(0.017 0.0005 0.01)
(0.01725 0.0005 0.01)
(0.0175 0.0005 0.01)
(0.01775 0.0005 0.01)
(0.018 0.0005 0.01)
(0.01825 0.0005 0.01)
(0.0185 0.0005 0.01)
(0.01875 0.0005 0.01)
(0.019 0.0005 0.01)
(0.01925 0.0005 0.01)
(0.0195 0.0005 0.01)
(0.01975 0.0005 0.01)
(0.02 0.0005 0.01)
(0 0.001 0.01)
(0.00025 0.001 0.01)
(0.0005 0.001 0.01)
(0.00075 0.001 0.01)
(0.001 0.001 0.01)
(0.00125 0.001 0.01)
(0.0015 0.001 0.01)
(0.00175 0.001 0.01)
(0.002 0.001 0.01)
(0.00225 0.001 0.01)
(0.0025 0.001 0.01)
(0.00275 0.001 0.01)
(0.003 0.001 0.01)
(0.00325 0.001 0.01)
(0.0035 0.001 0.01)
(0.00375 0.001 0.01)
(0.004 0.001 0.01)
(0.00425 0.001 0.01)
(0.0045 0.001 0.01)
(0.00475 0.001 0.01)
(0.005 0.001 0.01)
(0.00525 0.001 0.01)
(0.0055 0.001 0.01)
(0.00575 0.001 0.01)
(0.006 0.001 0.01)
(0.00625 0.001 0.01)
(0.0065 0.001 0.01)
(0.00675 0.001 0.01)
(0.007 0.001 0.01)
(0.00725 0.001 0.01)
(0.0075 0.001 0.01)
(0.00775 0.001 0.01)
(0.008 0.001 0.01)
(0.00825 0.001 0.01)
(0.0085 0.001 0.01)
(0.00875 0.001 0.01)
(0.009 0.001 0.01)
(0.00925 0.001 0.01)
(0.0095 0.001 0.01)
(0.00975 0.001 0.01)
(0.01 0.001 0.01)
(0.01025 0.001 0.01)
(0.0105 0.001 0.01)
(0.01075 0.001 0.01)
(0.011 0.001 0.01)
(0.01125 0.001 0.01)
(0.0115 0.001 0.01)
(0.01175 0.001 0.01)
(0.012 0.001 0.01)
(0.01225 0.001 0.01)
(0.0125 0.001 0.01)
(0.01275 0.001 0.01)
(0.013 0.001 0.01)
(0.01325 0.001 0.01)
(0.0135 0.001 0.01)
(0.01375 0.001 0.01)
(0.014 0.001 0.01)
(0.01425 0.001 0.01)
(0.0145 0.001 0.01)
(0.01475 0.001 0.01)
(0.015 0.001 0.01)
(0.01525 0.001 0.01)
(0.0155 0.001 0.01)
(0.01575 0.001 0.01)
(0.016 0.001 0.01)
(0.01625 0.001 0.01)
(0.0165 0.001 0.01)
(0.01675 0.001 0.01)
(0.017 0.001 0.01)
(0.01725 0.001 0.01)
(0.0175 0.001 0.01)
(0.01775 0.001 0.01)
(0.018 0.001 0.01)
(0.01825 0.001 0.01)
(0.0185 0.001 0.01)
(0.01875 0.001 0.01)
(0.019 0.001 0.01)
(0.01925 0.001 0.01)
(0.0195 0.001 0.01)
(0.01975 0.001 0.01)
(0.02 0.001 0.01)
(0 0.0015 0.01)
(0.00025 0.0015 0.01)
(0.0005 0.0015 0.01)
(0.00075 0.0015 0.01)
(0.001 0.0015 0.01)
(0.00125 0.0015 0.01)
(0.0015 0.0015 0.01)
(0.00175 0.0015 0.01)
(0.002 0.0015 0.01)
(0.00225 0.0015 0.01)
(0.0025 0.0015 0.01)
(0.00275 0.0015 0.01)
(0.003 0.0015 0.01)
(0.00325 0.0015 0.01)
(0.0035 0.0015 0.01)
(0.00375 0.0015 0.01)
(0.004 0.0015 0.01)
(0.00425 0.0015 0.01)
(0.0045 0.0015 0.01)
(0.00475 0.0015 0.01)
(0.005 0.0015 0.01)
(0.00525 0.0015 0.01)
(0.0055 0.0015 0.01)
(0.00575 0.0015 0.01)
(0.006 0.0015 0.01)
(0.00625 0.0015 0.01)
(0.0065 0.0015 0.01)
(0.00675 0.0015 0.01)
(0.007 0.0015 0.01)
(0.00725 0.0015 0.01)
(0.0075 0.0015 0.01)
(0.00775 0.0015 0.01)
(0.008 0.0015 0.01)
(0.00825 0.0015 0.01)
(0.0085 0.0015 0.01)
(0.00875 0.0015 0.01)
(0.009 0.0015 0.01)
(0.00925 0.0015 0.01)
(0.0095 0.0015 0.01)
(0.00975 0.0015 0.01)
(0.01 0.0015 0.01)
(0.01025 0.0015 0.01)
(0.0105 0.0015 0.01)
(0.01075 0.0015 0.01)
(0.011 0.0015 0.01)
(0.01125 0.0015 0.01)
(0.0115 0.0015 0.01)
(0.01175 0.0015 0.01)
(0.012 0.0015 0.01)
(0.01225 0.0015 0.01)
(0.0125 0.0015 0.01)
(0.01275 0.0015 0.01)
(0.013 0.0015 0.01)
(0.01325 0.0015 0.01)
(0.0135 0.0015 0.01)
(0.01375 0.0015 0.01)
(0.014 0.0015 0.01)
(0.01425 0.0015 0.01)
(0.0145 0.0015 0.01)
(0.01475 0.0015 0.01)
(0.015 0.0015 0.01)
(0.01525 0.0015 0.01)
(0.0155 0.0015 0.01)
(0.01575 0.0015 0.01)
(0.016 0.0015 0.01)
(0.01625 0.0015 0.01)
(0.0165 0.0015 0.01)
(0.01675 0.0015 0.01)
(0.017 0.0015 0.01)
(0.01725 0.0015 0.01)
(0.0175 0.0015 0.01)
(0.01775 0.0015 0.01)
(0.018 0.0015 0.01)
(0.01825 0.0015 0.01)
(0.0185 0.0015 0.01)
(0.01875 0.0015 0.01)
(0.019 0.0015 0.01)
(0.01925 0.0015 0.01)
(0.0195 0.0015 0.01)
(0.01975 0.0015 0.01)
(0.02 0.0015 0.01)
(0 0.002 0.01)
(0.00025 0.002 0.01)
(0.0005 0.002 0.01)
(0.00075 0.002 0.01)
(0.001 0.002 0.01)
(0.00125 0.002 0.01)
(0.0015 0.002 0.01)
(0.00175 0.002 0.01)
(0.002 0.002 0.01)
(0.00225 0.002 0.01)
(0.0025 0.002 0.01)
(0.00275 0.002 0.01)
(0.003 0.002 0.01)
(0.00325 0.002 0.01)
(0.0035 0.002 0.01)
(0.00375 0.002 0.01)
(0.004 0.002 0.01)
(0.00425 0.002 0.01)
(0.0045 0.002 0.01)
(0.00475 0.002 0.01)
(0.005 0.002 0.01)
(0.00525 0.002 0.01)
(0.0055 0.002 0.01)
(0.00575 0.002 0.01)
(0.006 0.002 0.01)
(0.00625 0.002 0.01)
(0.0065 0.002 0.01)
(0.00675 0.002 0.01)
(0.007 0.002 0.01)
(0.00725 0.002 0.01)
(0.0075 0.002 0.01)
(0.00775 0.002 0.01)
(0.008 0.002 0.01)
(0.00825 0.002 0.01)
(0.0085 0.002 0.01)
(0.00875 0.002 0.01)
(0.009 0.002 0.01)
(0.00925 0.002 0.01)
(0.0095 0.002 0.01)
(0.00975 0.002 0.01)
(0.01 0.002 0.01)
(0.01025 0.002 0.01)
(0.0105 0.002 0.01)
(0.01075 0.002 0.01)
(0.011 0.002 0.01)
(0.01125 0.002 0.01)
(0.0115 0.002 0.01)
(0.01175 0.002 0.01)
(0.012 0.002 0.01)
(0.01225 0.002 0.01)
(0.0125 0.002 0.01)
(0.01275 0.002 0.01)
(0.013 0.002 0.01)
(0.01325 0.002 0.01)
(0.0135 0.002 0.01)
(0.01375 0.002 0.01)
(0.014 0.002 0.01)
(0.01425 0.002 0.01)
(0.0145 0.002 0.01)
(0.01475 0.002 0.01)
(0.015 0.002 0.01)
(0.01525 0.002 0.01)
(0.0155 0.002 0.01)
(0.01575 0.002 0.01)
(0.016 0.002 0.01)
(0.01625 0.002 0.01)
(0.0165 0.002 0.01)
(0.01675 0.002 0.01)
(0.017 0.002 0.01)
(0.01725 0.002 0.01)
(0.0175 0.002 0.01)
(0.01775 0.002 0.01)
(0.018 0.002 0.01)
(0.01825 0.002 0.01)
(0.0185 0.002 0.01)
(0.01875 0.002 0.01)
(0.019 0.002 0.01)
(0.01925 0.002 0.01)
(0.0195 0.002 0.01)
(0.01975 0.002 0.01)
(0.02 0.002 0.01)
(0 0.0025 0.01)
(0.00025 0.0025 0.01)
(0.0005 0.0025 0.01)
(0.00075 0.0025 0.01)
(0.001 0.0025 0.01)
(0.00125 0.0025 0.01)
(0.0015 0.0025 0.01)
(0.00175 0.0025 0.01)
(0.002 0.0025 0.01)
(0.00225 0.0025 0.01)
(0.0025 0.0025 0.01)
(0.00275 0.0025 0.01)
(0.003 0.0025 0.01)
(0.00325 0.0025 0.01)
(0.0035 0.0025 0.01)
(0.00375 0.0025 0.01)
(0.004 0.0025 0.01)
(0.00425 0.0025 0.01)
(0.0045 0.0025 0.01)
(0.00475 0.0025 0.01)
(0.005 0.0025 0.01)
(0.00525 0.0025 0.01)
(0.0055 0.0025 0.01)
(0.00575 0.0025 0.01)
(0.006 0.0025 0.01)
(0.00625 0.0025 0.01)
(0.0065 0.0025 0.01)
(0.00675 0.0025 0.01)
(0.007 0.0025 0.01)
(0.00725 0.0025 0.01)
(0.0075 0.0025 0.01)
(0.00775 0.0025 0.01)
(0.008 0.0025 0.01)
(0.00825 0.0025 0.01)
(0.0085 0.0025 0.01)
(0.00875 0.0025 0.01)
(0.009 0.0025 0.01)
(0.00925 0.0025 0.01)
(0.0095 0.0025 0.01)
(0.00975 0.0025 0.01)
(0.01 0.0025 0.01)
(0.01025 0.0025 0.01)
(0.0105 0.0025 0.01)
(0.01075 0.0025 0.01)
(0.011 0.0025 0.01)
(0.01125 0.0025 0.01)
(0.0115 0.0025 0.01)
(0.01175 0.0025 0.01)
(0.012 0.0025 0.01)
(0.01225 0.0025 0.01)
(0.0125 0.0025 0.01)
(0.01275 0.0025 0.01)
(0.013 0.0025 0.01)
(0.01325 0.0025 0.01)
(0.0135 0.0025 0.01)
(0.01375 0.0025 0.01)
(0.014 0.0025 0.01)
(0.01425 0.0025 0.01)
(0.0145 0.0025 0.01)
(0.01475 0.0025 0.01)
(0.015 0.0025 0.01)
(0.01525 0.0025 0.01)
(0.0155 0.0025 0.01)
(0.01575 0.0025 0.01)
(0.016 0.0025 0.01)
(0.01625 0.0025 0.01)
(0.0165 0.0025 0.01)
(0.01675 0.0025 0.01)
(0.017 0.0025 0.01)
(0.01725 0.0025 0.01)
(0.0175 0.0025 0.01)
(0.01775 0.0025 0.01)
(0.018 0.0025 0.01)
(0.01825 0.0025 0.01)
(0.0185 0.0025 0.01)
(0.01875 0.0025 0.01)
(0.019 0.0025 0.01)
(0.01925 0.0025 0.01)
(0.0195 0.0025 0.01)
(0.01975 0.0025 0.01)
(0.02 0.0025 0.01)
(0 0.003 0.01)
(0.00025 0.003 0.01)
(0.0005 0.003 0.01)
(0.00075 0.003 0.01)
(0.001 0.003 0.01)
(0.00125 0.003 0.01)
(0.0015 0.003 0.01)
(0.00175 0.003 0.01)
(0.002 0.003 0.01)
(0.00225 0.003 0.01)
(0.0025 0.003 0.01)
(0.00275 0.003 0.01)
(0.003 0.003 0.01)
(0.00325 0.003 0.01)
(0.0035 0.003 0.01)
(0.00375 0.003 0.01)
(0.004 0.003 0.01)
(0.00425 0.003 0.01)
(0.0045 0.003 0.01)
(0.00475 0.003 0.01)
(0.005 0.003 0.01)
(0.00525 0.003 0.01)
(0.0055 0.003 0.01)
(0.00575 0.003 0.01)
(0.006 0.003 0.01)
(0.00625 0.003 0.01)
(0.0065 0.003 0.01)
(0.00675 0.003 0.01)
(0.007 0.003 0.01)
(0.00725 0.003 0.01)
(0.0075 0.003 0.01)
(0.00775 0.003 0.01)
(0.008 0.003 0.01)
(0.00825 0.003 0.01)
(0.0085 0.003 0.01)
(0.00875 0.003 0.01)
(0.009 0.003 0.01)
(0.00925 0.003 0.01)
(0.0095 0.003 0.01)
(0.00975 0.003 0.01)
(0.01 0.003 0.01)
(0.01025 0.003 0.01)
(0.0105 0.003 0.01)
(0.01075 0.003 0.01)
(0.011 0.003 0.01)
(0.01125 0.003 0.01)
(0.0115 0.003 0.01)
(0.01175 0.003 0.01)
(0.012 0.003 0.01)
(0.01225 0.003 0.01)
(0.0125 0.003 0.01)
(0.01275 0.003 0.01)
(0.013 0.003 0.01)
(0.01325 0.003 0.01)
(0.0135 0.003 0.01)
(0.01375 0.003 0.01)
(0.014 0.003 0.01)
(0.01425 0.003 0.01)
(0.0145 0.003 0.01)
(0.01475 0.003 0.01)
(0.015 0.003 0.01)
(0.01525 0.003 0.01)
(0.0155 0.003 0.01)
(0.01575 0.003 0.01)
(0.016 0.003 0.01)
(0.01625 0.003 0.01)
(0.0165 0.003 0.01)
(0.01675 0.003 0.01)
(0.017 0.003 0.01)
(0.01725 0.003 0.01)
(0.0175 0.003 0.01)
(0.01775 0.003 0.01)
(0.018 0.003 0.01)
(0.01825 0.003 0.01)
(0.0185 0.003 0.01)
(0.01875 0.003 0.01)
(0.019 0.003 0.01)
(0.01925 0.003 0.01)
(0.0195 0.003 0.01)
(0.01975 0.003 0.01)
(0.02 0.003 0.01)
(0 0.0035 0.01)
(0.00025 0.0035 0.01)
(0.0005 0.0035 0.01)
(0.00075 0.0035 0.01)
(0.001 0.0035 0.01)
(0.00125 0.0035 0.01)
(0.0015 0.0035 0.01)
(0.00175 0.0035 0.01)
(0.002 0.0035 0.01)
(0.00225 0.0035 0.01)
(0.0025 0.0035 0.01)
(0.00275 0.0035 0.01)
(0.003 0.0035 0.01)
(0.00325 0.0035 0.01)
(0.0035 0.0035 0.01)
(0.00375 0.0035 0.01)
(0.004 0.0035 0.01)
(0.00425 0.0035 0.01)
(0.0045 0.0035 0.01)
(0.00475 0.0035 0.01)
(0.005 0.0035 0.01)
(0.00525 0.0035 0.01)
(0.0055 0.0035 0.01)
(0.00575 0.0035 0.01)
(0.006 0.0035 0.01)
(0.00625 0.0035 0.01)
(0.0065 0.0035 0.01)
(0.00675 0.0035 0.01)
(0.007 0.0035 0.01)
(0.00725 0.0035 0.01)
(0.0075 0.0035 0.01)
(0.00775 0.0035 0.01)
(0.008 0.0035 0.01)
(0.00825 0.0035 0.01)
(0.0085 0.0035 0.01)
(0.00875 0.0035 0.01)
(0.009 0.0035 0.01)
(0.00925 0.0035 0.01)
(0.0095 0.0035 0.01)
(0.00975 0.0035 0.01)
(0.01 0.0035 0.01)
(0.01025 0.0035 0.01)
(0.0105 0.0035 0.01)
(0.01075 0.0035 0.01)
(0.011 0.0035 0.01)
(0.01125 0.0035 0.01)
(0.0115 0.0035 0.01)
(0.01175 0.0035 0.01)
(0.012 0.0035 0.01)
(0.01225 0.0035 0.01)
(0.0125 0.0035 0.01)
(0.01275 0.0035 0.01)
(0.013 0.0035 0.01)
(0.01325 0.0035 0.01)
(0.0135 0.0035 0.01)
(0.01375 0.0035 0.01)
(0.014 0.0035 0.01)
(0.01425 0.0035 0.01)
(0.0145 0.0035 0.01)
(0.01475 0.0035 0.01)
(0.015 0.0035 0.01)
(0.01525 0.0035 0.01)
(0.0155 0.0035 0.01)
(0.01575 0.0035 0.01)
(0.016 0.0035 0.01)
(0.01625 0.0035 0.01)
(0.0165 0.0035 0.01)
(0.01675 0.0035 0.01)
(0.017 0.0035 0.01)
(0.01725 0.0035 0.01)
(0.0175 0.0035 0.01)
(0.01775 0.0035 0.01)
(0.018 0.0035 0.01)
(0.01825 0.0035 0.01)
(0.0185 0.0035 0.01)
(0.01875 0.0035 0.01)
(0.019 0.0035 0.01)
(0.01925 0.0035 0.01)
(0.0195 0.0035 0.01)
(0.01975 0.0035 0.01)
(0.02 0.0035 0.01)
(0 0.004 0.01)
(0.00025 0.004 0.01)
(0.0005 0.004 0.01)
(0.00075 0.004 0.01)
(0.001 0.004 0.01)
(0.00125 0.004 0.01)
(0.0015 0.004 0.01)
(0.00175 0.004 0.01)
(0.002 0.004 0.01)
(0.00225 0.004 0.01)
(0.0025 0.004 0.01)
(0.00275 0.004 0.01)
(0.003 0.004 0.01)
(0.00325 0.004 0.01)
(0.0035 0.004 0.01)
(0.00375 0.004 0.01)
(0.004 0.004 0.01)
(0.00425 0.004 0.01)
(0.0045 0.004 0.01)
(0.00475 0.004 0.01)
(0.005 0.004 0.01)
(0.00525 0.004 0.01)
(0.0055 0.004 0.01)
(0.00575 0.004 0.01)
(0.006 0.004 0.01)
(0.00625 0.004 0.01)
(0.0065 0.004 0.01)
(0.00675 0.004 0.01)
(0.007 0.004 0.01)
(0.00725 0.004 0.01)
(0.0075 0.004 0.01)
(0.00775 0.004 0.01)
(0.008 0.004 0.01)
(0.00825 0.004 0.01)
(0.0085 0.004 0.01)
(0.00875 0.004 0.01)
(0.009 0.004 0.01)
(0.00925 0.004 0.01)
(0.0095 0.004 0.01)
(0.00975 0.004 0.01)
(0.01 0.004 0.01)
(0.01025 0.004 0.01)
(0.0105 0.004 0.01)
(0.01075 0.004 0.01)
(0.011 0.004 0.01)
(0.01125 0.004 0.01)
(0.0115 0.004 0.01)
(0.01175 0.004 0.01)
(0.012 0.004 0.01)
(0.01225 0.004 0.01)
(0.0125 0.004 0.01)
(0.01275 0.004 0.01)
(0.013 0.004 0.01)
(0.01325 0.004 0.01)
(0.0135 0.004 0.01)
(0.01375 0.004 0.01)
(0.014 0.004 0.01)
(0.01425 0.004 0.01)
(0.0145 0.004 0.01)
(0.01475 0.004 0.01)
(0.015 0.004 0.01)
(0.01525 0.004 0.01)
(0.0155 0.004 0.01)
(0.01575 0.004 0.01)
(0.016 0.004 0.01)
(0.01625 0.004 0.01)
(0.0165 0.004 0.01)
(0.01675 0.004 0.01)
(0.017 0.004 0.01)
(0.01725 0.004 0.01)
(0.0175 0.004 0.01)
(0.01775 0.004 0.01)
(0.018 0.004 0.01)
(0.01825 0.004 0.01)
(0.0185 0.004 0.01)
(0.01875 0.004 0.01)
(0.019 0.004 0.01)
(0.01925 0.004 0.01)
(0.0195 0.004 0.01)
(0.01975 0.004 0.01)
(0.02 0.004 0.01)
(0 0.0045 0.01)
(0.00025 0.0045 0.01)
(0.0005 0.0045 0.01)
(0.00075 0.0045 0.01)
(0.001 0.0045 0.01)
(0.00125 0.0045 0.01)
(0.0015 0.0045 0.01)
(0.00175 0.0045 0.01)
(0.002 0.0045 0.01)
(0.00225 0.0045 0.01)
(0.0025 0.0045 0.01)
(0.00275 0.0045 0.01)
(0.003 0.0045 0.01)
(0.00325 0.0045 0.01)
(0.0035 0.0045 0.01)
(0.00375 0.0045 0.01)
(0.004 0.0045 0.01)
(0.00425 0.0045 0.01)
(0.0045 0.0045 0.01)
(0.00475 0.0045 0.01)
(0.005 0.0045 0.01)
(0.00525 0.0045 0.01)
(0.0055 0.0045 0.01)
(0.00575 0.0045 0.01)
(0.006 0.0045 0.01)
(0.00625 0.0045 0.01)
(0.0065 0.0045 0.01)
(0.00675 0.0045 0.01)
(0.007 0.0045 0.01)
(0.00725 0.0045 0.01)
(0.0075 0.0045 0.01)
(0.00775 0.0045 0.01)
(0.008 0.0045 0.01)
(0.00825 0.0045 0.01)
(0.0085 0.0045 0.01)
(0.00875 0.0045 0.01)
(0.009 0.0045 0.01)
(0.00925 0.0045 0.01)
(0.0095 0.0045 0.01)
(0.00975 0.0045 0.01)
(0.01 0.0045 0.01)
(0.01025 0.0045 0.01)
(0.0105 0.0045 0.01)
(0.01075 0.0045 0.01)
(0.011 0.0045 0.01)
(0.01125 0.0045 0.01)
(0.0115 0.0045 0.01)
(0.01175 0.0045 0.01)
(0.012 0.0045 0.01)
(0.01225 0.0045 0.01)
(0.0125 0.0045 0.01)
(0.01275 0.0045 0.01)
(0.013 0.0045 0.01)
(0.01325 0.0045 0.01)
(0.0135 0.0045 0.01)
(0.01375 0.0045 0.01)
(0.014 0.0045 0.01)
(0.01425 0.0045 0.01)
(0.0145 0.0045 0.01)
(0.01475 0.0045 0.01)
(0.015 0.0045 0.01)
(0.01525 0.0045 0.01)
(0.0155 0.0045 0.01)
(0.01575 0.0045 0.01)
(0.016 0.0045 0.01)
(0.01625 0.0045 0.01)
(0.0165 0.0045 0.01)
(0.01675 0.0045 0.01)
(0.017 0.0045 0.01)
(0.01725 0.0045 0.01)
(0.0175 0.0045 0.01)
(0.01775 0.0045 0.01)
(0.018 0.0045 0.01)
(0.01825 0.0045 0.01)
(0.0185 0.0045 0.01)
(0.01875 0.0045 0.01)
(0.019 0.0045 0.01)
(0.01925 0.0045 0.01)
(0.0195 0.0045 0.01)
(0.01975 0.0045 0.01)
(0.02 0.0045 0.01)
(0 0.005 0.01)
(0.00025 0.005 0.01)
(0.0005 0.005 0.01)
(0.00075 0.005 0.01)
(0.001 0.005 0.01)
(0.00125 0.005 0.01)
(0.0015 0.005 0.01)
(0.00175 0.005 0.01)
(0.002 0.005 0.01)
(0.00225 0.005 0.01)
(0.0025 0.005 0.01)
(0.00275 0.005 0.01)
(0.003 0.005 0.01)
(0.00325 0.005 0.01)
(0.0035 0.005 0.01)
(0.00375 0.005 0.01)
(0.004 0.005 0.01)
(0.00425 0.005 0.01)
(0.0045 0.005 0.01)
(0.00475 0.005 0.01)
(0.005 0.005 0.01)
(0.00525 0.005 0.01)
(0.0055 0.005 0.01)
(0.00575 0.005 0.01)
(0.006 0.005 0.01)
(0.00625 0.005 0.01)
(0.0065 0.005 0.01)
(0.00675 0.005 0.01)
(0.007 0.005 0.01)
(0.00725 0.005 0.01)
(0.0075 0.005 0.01)
(0.00775 0.005 0.01)
(0.008 0.005 0.01)
(0.00825 0.005 0.01)
(0.0085 0.005 0.01)
(0.00875 0.005 0.01)
(0.009 0.005 0.01)
(0.00925 0.005 0.01)
(0.0095 0.005 0.01)
(0.00975 0.005 0.01)
(0.01 0.005 0.01)
(0.01025 0.005 0.01)
(0.0105 0.005 0.01)
(0.01075 0.005 0.01)
(0.011 0.005 0.01)
(0.01125 0.005 0.01)
(0.0115 0.005 0.01)
(0.01175 0.005 0.01)
(0.012 0.005 0.01)
(0.01225 0.005 0.01)
(0.0125 0.005 0.01)
(0.01275 0.005 0.01)
(0.013 0.005 0.01)
(0.01325 0.005 0.01)
(0.0135 0.005 0.01)
(0.01375 0.005 0.01)
(0.014 0.005 0.01)
(0.01425 0.005 0.01)
(0.0145 0.005 0.01)
(0.01475 0.005 0.01)
(0.015 0.005 0.01)
(0.01525 0.005 0.01)
(0.0155 0.005 0.01)
(0.01575 0.005 0.01)
(0.016 0.005 0.01)
(0.01625 0.005 0.01)
(0.0165 0.005 0.01)
(0.01675 0.005 0.01)
(0.017 0.005 0.01)
(0.01725 0.005 0.01)
(0.0175 0.005 0.01)
(0.01775 0.005 0.01)
(0.018 0.005 0.01)
(0.01825 0.005 0.01)
(0.0185 0.005 0.01)
(0.01875 0.005 0.01)
(0.019 0.005 0.01)
(0.01925 0.005 0.01)
(0.0195 0.005 0.01)
(0.01975 0.005 0.01)
(0.02 0.005 0.01)
(0 0.0055 0.01)
(0.00025 0.0055 0.01)
(0.0005 0.0055 0.01)
(0.00075 0.0055 0.01)
(0.001 0.0055 0.01)
(0.00125 0.0055 0.01)
(0.0015 0.0055 0.01)
(0.00175 0.0055 0.01)
(0.002 0.0055 0.01)
(0.00225 0.0055 0.01)
(0.0025 0.0055 0.01)
(0.00275 0.0055 0.01)
(0.003 0.0055 0.01)
(0.00325 0.0055 0.01)
(0.0035 0.0055 0.01)
(0.00375 0.0055 0.01)
(0.004 0.0055 0.01)
(0.00425 0.0055 0.01)
(0.0045 0.0055 0.01)
(0.00475 0.0055 0.01)
(0.005 0.0055 0.01)
(0.00525 0.0055 0.01)
(0.0055 0.0055 0.01)
(0.00575 0.0055 0.01)
(0.006 0.0055 0.01)
(0.00625 0.0055 0.01)
(0.0065 0.0055 0.01)
(0.00675 0.0055 0.01)
(0.007 0.0055 0.01)
(0.00725 0.0055 0.01)
(0.0075 0.0055 0.01)
(0.00775 0.0055 0.01)
(0.008 0.0055 0.01)
(0.00825 0.0055 0.01)
(0.0085 0.0055 0.01)
(0.00875 0.0055 0.01)
(0.009 0.0055 0.01)
(0.00925 0.0055 0.01)
(0.0095 0.0055 0.01)
(0.00975 0.0055 0.01)
(0.01 0.0055 0.01)
(0.01025 0.0055 0.01)
(0.0105 0.0055 0.01)
(0.01075 0.0055 0.01)
(0.011 0.0055 0.01)
(0.01125 0.0055 0.01)
(0.0115 0.0055 0.01)
(0.01175 0.0055 0.01)
(0.012 0.0055 0.01)
(0.01225 0.0055 0.01)
(0.0125 0.0055 0.01)
(0.01275 0.0055 0.01)
(0.013 0.0055 0.01)
(0.01325 0.0055 0.01)
(0.0135 0.0055 0.01)
(0.01375 0.0055 0.01)
(0.014 0.0055 0.01)
(0.01425 0.0055 0.01)
(0.0145 0.0055 0.01)
(0.01475 0.0055 0.01)
(0.015 0.0055 0.01)
(0.01525 0.0055 0.01)
(0.0155 0.0055 0.01)
(0.01575 0.0055 0.01)
(0.016 0.0055 0.01)
(0.01625 0.0055 0.01)
(0.0165 0.0055 0.01)
(0.01675 0.0055 0.01)
(0.017 0.0055 0.01)
(0.01725 0.0055 0.01)
(0.0175 0.0055 0.01)
(0.01775 0.0055 0.01)
(0.018 0.0055 0.01)
(0.01825 0.0055 0.01)
(0.0185 0.0055 0.01)
(0.01875 0.0055 0.01)
(0.019 0.0055 0.01)
(0.01925 0.0055 0.01)
(0.0195 0.0055 0.01)
(0.01975 0.0055 0.01)
(0.02 0.0055 0.01)
(0 0.006 0.01)
(0.00025 0.006 0.01)
(0.0005 0.006 0.01)
(0.00075 0.006 0.01)
(0.001 0.006 0.01)
(0.00125 0.006 0.01)
(0.0015 0.006 0.01)
(0.00175 0.006 0.01)
(0.002 0.006 0.01)
(0.00225 0.006 0.01)
(0.0025 0.006 0.01)
(0.00275 0.006 0.01)
(0.003 0.006 0.01)
(0.00325 0.006 0.01)
(0.0035 0.006 0.01)
(0.00375 0.006 0.01)
(0.004 0.006 0.01)
(0.00425 0.006 0.01)
(0.0045 0.006 0.01)
(0.00475 0.006 0.01)
(0.005 0.006 0.01)
(0.00525 0.006 0.01)
(0.0055 0.006 0.01)
(0.00575 0.006 0.01)
(0.006 0.006 0.01)
(0.00625 0.006 0.01)
(0.0065 0.006 0.01)
(0.00675 0.006 0.01)
(0.007 0.006 0.01)
(0.00725 0.006 0.01)
(0.0075 0.006 0.01)
(0.00775 0.006 0.01)
(0.008 0.006 0.01)
(0.00825 0.006 0.01)
(0.0085 0.006 0.01)
(0.00875 0.006 0.01)
(0.009 0.006 0.01)
(0.00925 0.006 0.01)
(0.0095 0.006 0.01)
(0.00975 0.006 0.01)
(0.01 0.006 0.01)
(0.01025 0.006 0.01)
(0.0105 0.006 0.01)
(0.01075 0.006 0.01)
(0.011 0.006 0.01)
(0.01125 0.006 0.01)
(0.0115 0.006 0.01)
(0.01175 0.006 0.01)
(0.012 0.006 0.01)
(0.01225 0.006 0.01)
(0.0125 0.006 0.01)
(0.01275 0.006 0.01)
(0.013 0.006 0.01)
(0.01325 0.006 0.01)
(0.0135 0.006 0.01)
(0.01375 0.006 0.01)
(0.014 0.006 0.01)
(0.01425 0.006 0.01)
(0.0145 0.006 0.01)
(0.01475 0.006 0.01)
(0.015 0.006 0.01)
(0.01525 0.006 0.01)
(0.0155 0.006 0.01)
(0.01575 0.006 0.01)
(0.016 0.006 0.01)
(0.01625 0.006 0.01)
(0.0165 0.006 0.01)
(0.01675 0.006 0.01)
(0.017 0.006 0.01)
(0.01725 0.006 0.01)
(0.0175 0.006 0.01)
(0.01775 0.006 0.01)
(0.018 0.006 0.01)
(0.01825 0.006 0.01)
(0.0185 0.006 0.01)
(0.01875 0.006 0.01)
(0.019 0.006 0.01)
(0.01925 0.006 0.01)
(0.0195 0.006 0.01)
(0.01975 0.006 0.01)
(0.02 0.006 0.01)
(0 0.0065 0.01)
(0.00025 0.0065 0.01)
(0.0005 0.0065 0.01)
(0.00075 0.0065 0.01)
(0.001 0.0065 0.01)
(0.00125 0.0065 0.01)
(0.0015 0.0065 0.01)
(0.00175 0.0065 0.01)
(0.002 0.0065 0.01)
(0.00225 0.0065 0.01)
(0.0025 0.0065 0.01)
(0.00275 0.0065 0.01)
(0.003 0.0065 0.01)
(0.00325 0.0065 0.01)
(0.0035 0.0065 0.01)
(0.00375 0.0065 0.01)
(0.004 0.0065 0.01)
(0.00425 0.0065 0.01)
(0.0045 0.0065 0.01)
(0.00475 0.0065 0.01)
(0.005 0.0065 0.01)
(0.00525 0.0065 0.01)
(0.0055 0.0065 0.01)
(0.00575 0.0065 0.01)
(0.006 0.0065 0.01)
(0.00625 0.0065 0.01)
(0.0065 0.0065 0.01)
(0.00675 0.0065 0.01)
(0.007 0.0065 0.01)
(0.00725 0.0065 0.01)
(0.0075 0.0065 0.01)
(0.00775 0.0065 0.01)
(0.008 0.0065 0.01)
(0.00825 0.0065 0.01)
(0.0085 0.0065 0.01)
(0.00875 0.0065 0.01)
(0.009 0.0065 0.01)
(0.00925 0.0065 0.01)
(0.0095 0.0065 0.01)
(0.00975 0.0065 0.01)
(0.01 0.0065 0.01)
(0.01025 0.0065 0.01)
(0.0105 0.0065 0.01)
(0.01075 0.0065 0.01)
(0.011 0.0065 0.01)
(0.01125 0.0065 0.01)
(0.0115 0.0065 0.01)
(0.01175 0.0065 0.01)
(0.012 0.0065 0.01)
(0.01225 0.0065 0.01)
(0.0125 0.0065 0.01)
(0.01275 0.0065 0.01)
(0.013 0.0065 0.01)
(0.01325 0.0065 0.01)
(0.0135 0.0065 0.01)
(0.01375 0.0065 0.01)
(0.014 0.0065 0.01)
(0.01425 0.0065 0.01)
(0.0145 0.0065 0.01)
(0.01475 0.0065 0.01)
(0.015 0.0065 0.01)
(0.01525 0.0065 0.01)
(0.0155 0.0065 0.01)
(0.01575 0.0065 0.01)
(0.016 0.0065 0.01)
(0.01625 0.0065 0.01)
(0.0165 0.0065 0.01)
(0.01675 0.0065 0.01)
(0.017 0.0065 0.01)
(0.01725 0.0065 0.01)
(0.0175 0.0065 0.01)
(0.01775 0.0065 0.01)
(0.018 0.0065 0.01)
(0.01825 0.0065 0.01)
(0.0185 0.0065 0.01)
(0.01875 0.0065 0.01)
(0.019 0.0065 0.01)
(0.01925 0.0065 0.01)
(0.0195 0.0065 0.01)
(0.01975 0.0065 0.01)
(0.02 0.0065 0.01)
(0 0.007 0.01)
(0.00025 0.007 0.01)
(0.0005 0.007 0.01)
(0.00075 0.007 0.01)
(0.001 0.007 0.01)
(0.00125 0.007 0.01)
(0.0015 0.007 0.01)
(0.00175 0.007 0.01)
(0.002 0.007 0.01)
(0.00225 0.007 0.01)
(0.0025 0.007 0.01)
(0.00275 0.007 0.01)
(0.003 0.007 0.01)
(0.00325 0.007 0.01)
(0.0035 0.007 0.01)
(0.00375 0.007 0.01)
(0.004 0.007 0.01)
(0.00425 0.007 0.01)
(0.0045 0.007 0.01)
(0.00475 0.007 0.01)
(0.005 0.007 0.01)
(0.00525 0.007 0.01)
(0.0055 0.007 0.01)
(0.00575 0.007 0.01)
(0.006 0.007 0.01)
(0.00625 0.007 0.01)
(0.0065 0.007 0.01)
(0.00675 0.007 0.01)
(0.007 0.007 0.01)
(0.00725 0.007 0.01)
(0.0075 0.007 0.01)
(0.00775 0.007 0.01)
(0.008 0.007 0.01)
(0.00825 0.007 0.01)
(0.0085 0.007 0.01)
(0.00875 0.007 0.01)
(0.009 0.007 0.01)
(0.00925 0.007 0.01)
(0.0095 0.007 0.01)
(0.00975 0.007 0.01)
(0.01 0.007 0.01)
(0.01025 0.007 0.01)
(0.0105 0.007 0.01)
(0.01075 0.007 0.01)
(0.011 0.007 0.01)
(0.01125 0.007 0.01)
(0.0115 0.007 0.01)
(0.01175 0.007 0.01)
(0.012 0.007 0.01)
(0.01225 0.007 0.01)
(0.0125 0.007 0.01)
(0.01275 0.007 0.01)
(0.013 0.007 0.01)
(0.01325 0.007 0.01)
(0.0135 0.007 0.01)
(0.01375 0.007 0.01)
(0.014 0.007 0.01)
(0.01425 0.007 0.01)
(0.0145 0.007 0.01)
(0.01475 0.007 0.01)
(0.015 0.007 0.01)
(0.01525 0.007 0.01)
(0.0155 0.007 0.01)
(0.01575 0.007 0.01)
(0.016 0.007 0.01)
(0.01625 0.007 0.01)
(0.0165 0.007 0.01)
(0.01675 0.007 0.01)
(0.017 0.007 0.01)
(0.01725 0.007 0.01)
(0.0175 0.007 0.01)
(0.01775 0.007 0.01)
(0.018 0.007 0.01)
(0.01825 0.007 0.01)
(0.0185 0.007 0.01)
(0.01875 0.007 0.01)
(0.019 0.007 0.01)
(0.01925 0.007 0.01)
(0.0195 0.007 0.01)
(0.01975 0.007 0.01)
(0.02 0.007 0.01)
(0 0.0075 0.01)
(0.00025 0.0075 0.01)
(0.0005 0.0075 0.01)
(0.00075 0.0075 0.01)
(0.001 0.0075 0.01)
(0.00125 0.0075 0.01)
(0.0015 0.0075 0.01)
(0.00175 0.0075 0.01)
(0.002 0.0075 0.01)
(0.00225 0.0075 0.01)
(0.0025 0.0075 0.01)
(0.00275 0.0075 0.01)
(0.003 0.0075 0.01)
(0.00325 0.0075 0.01)
(0.0035 0.0075 0.01)
(0.00375 0.0075 0.01)
(0.004 0.0075 0.01)
(0.00425 0.0075 0.01)
(0.0045 0.0075 0.01)
(0.00475 0.0075 0.01)
(0.005 0.0075 0.01)
(0.00525 0.0075 0.01)
(0.0055 0.0075 0.01)
(0.00575 0.0075 0.01)
(0.006 0.0075 0.01)
(0.00625 0.0075 0.01)
(0.0065 0.0075 0.01)
(0.00675 0.0075 0.01)
(0.007 0.0075 0.01)
(0.00725 0.0075 0.01)
(0.0075 0.0075 0.01)
(0.00775 0.0075 0.01)
(0.008 0.0075 0.01)
(0.00825 0.0075 0.01)
(0.0085 0.0075 0.01)
(0.00875 0.0075 0.01)
(0.009 0.0075 0.01)
(0.00925 0.0075 0.01)
(0.0095 0.0075 0.01)
(0.00975 0.0075 0.01)
(0.01 0.0075 0.01)
(0.01025 0.0075 0.01)
(0.0105 0.0075 0.01)
(0.01075 0.0075 0.01)
(0.011 0.0075 0.01)
(0.01125 0.0075 0.01)
(0.0115 0.0075 0.01)
(0.01175 0.0075 0.01)
(0.012 0.0075 0.01)
(0.01225 0.0075 0.01)
(0.0125 0.0075 0.01)
(0.01275 0.0075 0.01)
(0.013 0.0075 0.01)
(0.01325 0.0075 0.01)
(0.0135 0.0075 0.01)
(0.01375 0.0075 0.01)
(0.014 0.0075 0.01)
(0.01425 0.0075 0.01)
(0.0145 0.0075 0.01)
(0.01475 0.0075 0.01)
(0.015 0.0075 0.01)
(0.01525 0.0075 0.01)
(0.0155 0.0075 0.01)
(0.01575 0.0075 0.01)
(0.016 0.0075 0.01)
(0.01625 0.0075 0.01)
(0.0165 0.0075 0.01)
(0.01675 0.0075 0.01)
(0.017 0.0075 0.01)
(0.01725 0.0075 0.01)
(0.0175 0.0075 0.01)
(0.01775 0.0075 0.01)
(0.018 0.0075 0.01)
(0.01825 0.0075 0.01)
(0.0185 0.0075 0.01)
(0.01875 0.0075 0.01)
(0.019 0.0075 0.01)
(0.01925 0.0075 0.01)
(0.0195 0.0075 0.01)
(0.01975 0.0075 0.01)
(0.02 0.0075 0.01)
(0 0.008 0.01)
(0.00025 0.008 0.01)
(0.0005 0.008 0.01)
(0.00075 0.008 0.01)
(0.001 0.008 0.01)
(0.00125 0.008 0.01)
(0.0015 0.008 0.01)
(0.00175 0.008 0.01)
(0.002 0.008 0.01)
(0.00225 0.008 0.01)
(0.0025 0.008 0.01)
(0.00275 0.008 0.01)
(0.003 0.008 0.01)
(0.00325 0.008 0.01)
(0.0035 0.008 0.01)
(0.00375 0.008 0.01)
(0.004 0.008 0.01)
(0.00425 0.008 0.01)
(0.0045 0.008 0.01)
(0.00475 0.008 0.01)
(0.005 0.008 0.01)
(0.00525 0.008 0.01)
(0.0055 0.008 0.01)
(0.00575 0.008 0.01)
(0.006 0.008 0.01)
(0.00625 0.008 0.01)
(0.0065 0.008 0.01)
(0.00675 0.008 0.01)
(0.007 0.008 0.01)
(0.00725 0.008 0.01)
(0.0075 0.008 0.01)
(0.00775 0.008 0.01)
(0.008 0.008 0.01)
(0.00825 0.008 0.01)
(0.0085 0.008 0.01)
(0.00875 0.008 0.01)
(0.009 0.008 0.01)
(0.00925 0.008 0.01)
(0.0095 0.008 0.01)
(0.00975 0.008 0.01)
(0.01 0.008 0.01)
(0.01025 0.008 0.01)
(0.0105 0.008 0.01)
(0.01075 0.008 0.01)
(0.011 0.008 0.01)
(0.01125 0.008 0.01)
(0.0115 0.008 0.01)
(0.01175 0.008 0.01)
(0.012 0.008 0.01)
(0.01225 0.008 0.01)
(0.0125 0.008 0.01)
(0.01275 0.008 0.01)
(0.013 0.008 0.01)
(0.01325 0.008 0.01)
(0.0135 0.008 0.01)
(0.01375 0.008 0.01)
(0.014 0.008 0.01)
(0.01425 0.008 0.01)
(0.0145 0.008 0.01)
(0.01475 0.008 0.01)
(0.015 0.008 0.01)
(0.01525 0.008 0.01)
(0.0155 0.008 0.01)
(0.01575 0.008 0.01)
(0.016 0.008 0.01)
(0.01625 0.008 0.01)
(0.0165 0.008 0.01)
(0.01675 0.008 0.01)
(0.017 0.008 0.01)
(0.01725 0.008 0.01)
(0.0175 0.008 0.01)
(0.01775 0.008 0.01)
(0.018 0.008 0.01)
(0.01825 0.008 0.01)
(0.0185 0.008 0.01)
(0.01875 0.008 0.01)
(0.019 0.008 0.01)
(0.01925 0.008 0.01)
(0.0195 0.008 0.01)
(0.01975 0.008 0.01)
(0.02 0.008 0.01)
(0 0.0085 0.01)
(0.00025 0.0085 0.01)
(0.0005 0.0085 0.01)
(0.00075 0.0085 0.01)
(0.001 0.0085 0.01)
(0.00125 0.0085 0.01)
(0.0015 0.0085 0.01)
(0.00175 0.0085 0.01)
(0.002 0.0085 0.01)
(0.00225 0.0085 0.01)
(0.0025 0.0085 0.01)
(0.00275 0.0085 0.01)
(0.003 0.0085 0.01)
(0.00325 0.0085 0.01)
(0.0035 0.0085 0.01)
(0.00375 0.0085 0.01)
(0.004 0.0085 0.01)
(0.00425 0.0085 0.01)
(0.0045 0.0085 0.01)
(0.00475 0.0085 0.01)
(0.005 0.0085 0.01)
(0.00525 0.0085 0.01)
(0.0055 0.0085 0.01)
(0.00575 0.0085 0.01)
(0.006 0.0085 0.01)
(0.00625 0.0085 0.01)
(0.0065 0.0085 0.01)
(0.00675 0.0085 0.01)
(0.007 0.0085 0.01)
(0.00725 0.0085 0.01)
(0.0075 0.0085 0.01)
(0.00775 0.0085 0.01)
(0.008 0.0085 0.01)
(0.00825 0.0085 0.01)
(0.0085 0.0085 0.01)
(0.00875 0.0085 0.01)
(0.009 0.0085 0.01)
(0.00925 0.0085 0.01)
(0.0095 0.0085 0.01)
(0.00975 0.0085 0.01)
(0.01 0.0085 0.01)
(0.01025 0.0085 0.01)
(0.0105 0.0085 0.01)
(0.01075 0.0085 0.01)
(0.011 0.0085 0.01)
(0.01125 0.0085 0.01)
(0.0115 0.0085 0.01)
(0.01175 0.0085 0.01)
(0.012 0.0085 0.01)
(0.01225 0.0085 0.01)
(0.0125 0.0085 0.01)
(0.01275 0.0085 0.01)
(0.013 0.0085 0.01)
(0.01325 0.0085 0.01)
(0.0135 0.0085 0.01)
(0.01375 0.0085 0.01)
(0.014 0.0085 0.01)
(0.01425 0.0085 0.01)
(0.0145 0.0085 0.01)
(0.01475 0.0085 0.01)
(0.015 0.0085 0.01)
(0.01525 0.0085 0.01)
(0.0155 0.0085 0.01)
(0.01575 0.0085 0.01)
(0.016 0.0085 0.01)
(0.01625 0.0085 0.01)
(0.0165 0.0085 0.01)
(0.01675 0.0085 0.01)
(0.017 0.0085 0.01)
(0.01725 0.0085 0.01)
(0.0175 0.0085 0.01)
(0.01775 0.0085 0.01)
(0.018 0.0085 0.01)
(0.01825 0.0085 0.01)
(0.0185 0.0085 0.01)
(0.01875 0.0085 0.01)
(0.019 0.0085 0.01)
(0.01925 0.0085 0.01)
(0.0195 0.0085 0.01)
(0.01975 0.0085 0.01)
(0.02 0.0085 0.01)
(0 0.009 0.01)
(0.00025 0.009 0.01)
(0.0005 0.009 0.01)
(0.00075 0.009 0.01)
(0.001 0.009 0.01)
(0.00125 0.009 0.01)
(0.0015 0.009 0.01)
(0.00175 0.009 0.01)
(0.002 0.009 0.01)
(0.00225 0.009 0.01)
(0.0025 0.009 0.01)
(0.00275 0.009 0.01)
(0.003 0.009 0.01)
(0.00325 0.009 0.01)
(0.0035 0.009 0.01)
(0.00375 0.009 0.01)
(0.004 0.009 0.01)
(0.00425 0.009 0.01)
(0.0045 0.009 0.01)
(0.00475 0.009 0.01)
(0.005 0.009 0.01)
(0.00525 0.009 0.01)
(0.0055 0.009 0.01)
(0.00575 0.009 0.01)
(0.006 0.009 0.01)
(0.00625 0.009 0.01)
(0.0065 0.009 0.01)
(0.00675 0.009 0.01)
(0.007 0.009 0.01)
(0.00725 0.009 0.01)
(0.0075 0.009 0.01)
(0.00775 0.009 0.01)
(0.008 0.009 0.01)
(0.00825 0.009 0.01)
(0.0085 0.009 0.01)
(0.00875 0.009 0.01)
(0.009 0.009 0.01)
(0.00925 0.009 0.01)
(0.0095 0.009 0.01)
(0.00975 0.009 0.01)
(0.01 0.009 0.01)
(0.01025 0.009 0.01)
(0.0105 0.009 0.01)
(0.01075 0.009 0.01)
(0.011 0.009 0.01)
(0.01125 0.009 0.01)
(0.0115 0.009 0.01)
(0.01175 0.009 0.01)
(0.012 0.009 0.01)
(0.01225 0.009 0.01)
(0.0125 0.009 0.01)
(0.01275 0.009 0.01)
(0.013 0.009 0.01)
(0.01325 0.009 0.01)
(0.0135 0.009 0.01)
(0.01375 0.009 0.01)
(0.014 0.009 0.01)
(0.01425 0.009 0.01)
(0.0145 0.009 0.01)
(0.01475 0.009 0.01)
(0.015 0.009 0.01)
(0.01525 0.009 0.01)
(0.0155 0.009 0.01)
(0.01575 0.009 0.01)
(0.016 0.009 0.01)
(0.01625 0.009 0.01)
(0.0165 0.009 0.01)
(0.01675 0.009 0.01)
(0.017 0.009 0.01)
(0.01725 0.009 0.01)
(0.0175 0.009 0.01)
(0.01775 0.009 0.01)
(0.018 0.009 0.01)
(0.01825 0.009 0.01)
(0.0185 0.009 0.01)
(0.01875 0.009 0.01)
(0.019 0.009 0.01)
(0.01925 0.009 0.01)
(0.0195 0.009 0.01)
(0.01975 0.009 0.01)
(0.02 0.009 0.01)
(0 0.0095 0.01)
(0.00025 0.0095 0.01)
(0.0005 0.0095 0.01)
(0.00075 0.0095 0.01)
(0.001 0.0095 0.01)
(0.00125 0.0095 0.01)
(0.0015 0.0095 0.01)
(0.00175 0.0095 0.01)
(0.002 0.0095 0.01)
(0.00225 0.0095 0.01)
(0.0025 0.0095 0.01)
(0.00275 0.0095 0.01)
(0.003 0.0095 0.01)
(0.00325 0.0095 0.01)
(0.0035 0.0095 0.01)
(0.00375 0.0095 0.01)
(0.004 0.0095 0.01)
(0.00425 0.0095 0.01)
(0.0045 0.0095 0.01)
(0.00475 0.0095 0.01)
(0.005 0.0095 0.01)
(0.00525 0.0095 0.01)
(0.0055 0.0095 0.01)
(0.00575 0.0095 0.01)
(0.006 0.0095 0.01)
(0.00625 0.0095 0.01)
(0.0065 0.0095 0.01)
(0.00675 0.0095 0.01)
(0.007 0.0095 0.01)
(0.00725 0.0095 0.01)
(0.0075 0.0095 0.01)
(0.00775 0.0095 0.01)
(0.008 0.0095 0.01)
(0.00825 0.0095 0.01)
(0.0085 0.0095 0.01)
(0.00875 0.0095 0.01)
(0.009 0.0095 0.01)
(0.00925 0.0095 0.01)
(0.0095 0.0095 0.01)
(0.00975 0.0095 0.01)
(0.01 0.0095 0.01)
(0.01025 0.0095 0.01)
(0.0105 0.0095 0.01)
(0.01075 0.0095 0.01)
(0.011 0.0095 0.01)
(0.01125 0.0095 0.01)
(0.0115 0.0095 0.01)
(0.01175 0.0095 0.01)
(0.012 0.0095 0.01)
(0.01225 0.0095 0.01)
(0.0125 0.0095 0.01)
(0.01275 0.0095 0.01)
(0.013 0.0095 0.01)
(0.01325 0.0095 0.01)
(0.0135 0.0095 0.01)
(0.01375 0.0095 0.01)
(0.014 0.0095 0.01)
(0.01425 0.0095 0.01)
(0.0145 0.0095 0.01)
(0.01475 0.0095 0.01)
(0.015 0.0095 0.01)
(0.01525 0.0095 0.01)
(0.0155 0.0095 0.01)
(0.01575 0.0095 0.01)
(0.016 0.0095 0.01)
(0.01625 0.0095 0.01)
(0.0165 0.0095 0.01)
(0.01675 0.0095 0.01)
(0.017 0.0095 0.01)
(0.01725 0.0095 0.01)
(0.0175 0.0095 0.01)
(0.01775 0.0095 0.01)
(0.018 0.0095 0.01)
(0.01825 0.0095 0.01)
(0.0185 0.0095 0.01)
(0.01875 0.0095 0.01)
(0.019 0.0095 0.01)
(0.01925 0.0095 0.01)
(0.0195 0.0095 0.01)
(0.01975 0.0095 0.01)
(0.02 0.0095 0.01)
(0 0.01 0.01)
(0.00025 0.01 0.01)
(0.0005 0.01 0.01)
(0.00075 0.01 0.01)
(0.001 0.01 0.01)
(0.00125 0.01 0.01)
(0.0015 0.01 0.01)
(0.00175 0.01 0.01)
(0.002 0.01 0.01)
(0.00225 0.01 0.01)
(0.0025 0.01 0.01)
(0.00275 0.01 0.01)
(0.003 0.01 0.01)
(0.00325 0.01 0.01)
(0.0035 0.01 0.01)
(0.00375 0.01 0.01)
(0.004 0.01 0.01)
(0.00425 0.01 0.01)
(0.0045 0.01 0.01)
(0.00475 0.01 0.01)
(0.005 0.01 0.01)
(0.00525 0.01 0.01)
(0.0055 0.01 0.01)
(0.00575 0.01 0.01)
(0.006 0.01 0.01)
(0.00625 0.01 0.01)
(0.0065 0.01 0.01)
(0.00675 0.01 0.01)
(0.007 0.01 0.01)
(0.00725 0.01 0.01)
(0.0075 0.01 0.01)
(0.00775 0.01 0.01)
(0.008 0.01 0.01)
(0.00825 0.01 0.01)
(0.0085 0.01 0.01)
(0.00875 0.01 0.01)
(0.009 0.01 0.01)
(0.00925 0.01 0.01)
(0.0095 0.01 0.01)
(0.00975 0.01 0.01)
(0.01 0.01 0.01)
(0.01025 0.01 0.01)
(0.0105 0.01 0.01)
(0.01075 0.01 0.01)
(0.011 0.01 0.01)
(0.01125 0.01 0.01)
(0.0115 0.01 0.01)
(0.01175 0.01 0.01)
(0.012 0.01 0.01)
(0.01225 0.01 0.01)
(0.0125 0.01 0.01)
(0.01275 0.01 0.01)
(0.013 0.01 0.01)
(0.01325 0.01 0.01)
(0.0135 0.01 0.01)
(0.01375 0.01 0.01)
(0.014 0.01 0.01)
(0.01425 0.01 0.01)
(0.0145 0.01 0.01)
(0.01475 0.01 0.01)
(0.015 0.01 0.01)
(0.01525 0.01 0.01)
(0.0155 0.01 0.01)
(0.01575 0.01 0.01)
(0.016 0.01 0.01)
(0.01625 0.01 0.01)
(0.0165 0.01 0.01)
(0.01675 0.01 0.01)
(0.017 0.01 0.01)
(0.01725 0.01 0.01)
(0.0175 0.01 0.01)
(0.01775 0.01 0.01)
(0.018 0.01 0.01)
(0.01825 0.01 0.01)
(0.0185 0.01 0.01)
(0.01875 0.01 0.01)
(0.019 0.01 0.01)
(0.01925 0.01 0.01)
(0.0195 0.01 0.01)
(0.01975 0.01 0.01)
(0.02 0.01 0.01)
)


// ************************************************************************* //
