/*--------------------------------*- C++ -*----------------------------------*\
| =========                 |                                                 |
| \\      /  F ield         | OpenFOAM: The Open Source CFD Toolbox           |
|  \\    /   O peration     | Version:  2312                                  |
|   \\  /    A nd           | Website:  www.openfoam.com                      |
|    \\/     M anipulation  |                                                 |
\*---------------------------------------------------------------------------*/
FoamFile
{
    version     2.0;
    format      ascii;
    arch        "LSB;label=32;scalar=64";
    note        "nPoints:40602  nCells:20000  nFaces:80300  nInternalFaces:39700";
    class       labelList;
    location    "constant/polyMesh";
    object      neighbour;
}
// * * * * * * * * * * * * * * * * * * * * * * * * * * * * * * * * * * * * * //


39700
(
1
50
2
51
3
52
4
53
5
54
6
55
7
56
8
57
9
58
10
59
11
60
12
61
13
62
14
63
15
64
16
65
17
66
18
67
19
68
20
69
21
70
22
71
23
72
24
73
25
74
26
75
27
76
28
77
29
78
30
79
31
80
32
81
33
82
34
83
35
84
36
85
37
86
38
87
39
88
40
89
41
90
42
91
43
92
44
93
45
94
46
95
47
96
48
97
49
98
99
5000
51
100
52
101
53
102
54
103
55
104
56
105
57
106
58
107
59
108
60
109
61
110
62
111
63
112
64
113
65
114
66
115
67
116
68
117
69
118
70
119
71
120
72
121
73
122
74
123
75
124
76
125
77
126
78
127
79
128
80
129
81
130
82
131
83
132
84
133
85
134
86
135
87
136
88
137
89
138
90
139
91
140
92
141
93
142
94
143
95
144
96
145
97
146
98
147
99
148
149
5100
101
150
102
151
103
152
104
153
105
154
106
155
107
156
108
157
109
158
110
159
111
160
112
161
113
162
114
163
115
164
116
165
117
166
118
167
119
168
120
169
121
170
122
171
123
172
124
173
125
174
126
175
127
176
128
177
129
178
130
179
131
180
132
181
133
182
134
183
135
184
136
185
137
186
138
187
139
188
140
189
141
190
142
191
143
192
144
193
145
194
146
195
147
196
148
197
149
198
199
5200
151
200
152
201
153
202
154
203
155
204
156
205
157
206
158
207
159
208
160
209
161
210
162
211
163
212
164
213
165
214
166
215
167
216
168
217
169
218
170
219
171
220
172
221
173
222
174
223
175
224
176
225
177
226
178
227
179
228
180
229
181
230
182
231
183
232
184
233
185
234
186
235
187
236
188
237
189
238
190
239
191
240
192
241
193
242
194
243
195
244
196
245
197
246
198
247
199
248
249
5300
201
250
202
251
203
252
204
253
205
254
206
255
207
256
208
257
209
258
210
259
211
260
212
261
213
262
214
263
215
264
216
265
217
266
218
267
219
268
220
269
221
270
222
271
223
272
224
273
225
274
226
275
227
276
228
277
229
278
230
279
231
280
232
281
233
282
234
283
235
284
236
285
237
286
238
287
239
288
240
289
241
290
242
291
243
292
244
293
245
294
246
295
247
296
248
297
249
298
299
5400
251
300
252
301
253
302
254
303
255
304
256
305
257
306
258
307
259
308
260
309
261
310
262
311
263
312
264
313
265
314
266
315
267
316
268
317
269
318
270
319
271
320
272
321
273
322
274
323
275
324
276
325
277
326
278
327
279
328
280
329
281
330
282
331
283
332
284
333
285
334
286
335
287
336
288
337
289
338
290
339
291
340
292
341
293
342
294
343
295
344
296
345
297
346
298
347
299
348
349
5500
301
350
302
351
303
352
304
353
305
354
306
355
307
356
308
357
309
358
310
359
311
360
312
361
313
362
314
363
315
364
316
365
317
366
318
367
319
368
320
369
321
370
322
371
323
372
324
373
325
374
326
375
327
376
328
377
329
378
330
379
331
380
332
381
333
382
334
383
335
384
336
385
337
386
338
387
339
388
340
389
341
390
342
391
343
392
344
393
345
394
346
395
347
396
348
397
349
398
399
5600
351
400
352
401
353
402
354
403
355
404
356
405
357
406
358
407
359
408
360
409
361
410
362
411
363
412
364
413
365
414
366
415
367
416
368
417
369
418
370
419
371
420
372
421
373
422
374
423
375
424
376
425
377
426
378
427
379
428
380
429
381
430
382
431
383
432
384
433
385
434
386
435
387
436
388
437
389
438
390
439
391
440
392
441
393
442
394
443
395
444
396
445
397
446
398
447
399
448
449
5700
401
450
402
451
403
452
404
453
405
454
406
455
407
456
408
457
409
458
410
459
411
460
412
461
413
462
414
463
415
464
416
465
417
466
418
467
419
468
420
469
421
470
422
471
423
472
424
473
425
474
426
475
427
476
428
477
429
478
430
479
431
480
432
481
433
482
434
483
435
484
436
485
437
486
438
487
439
488
440
489
441
490
442
491
443
492
444
493
445
494
446
495
447
496
448
497
449
498
499
5800
451
500
452
501
453
502
454
503
455
504
456
505
457
506
458
507
459
508
460
509
461
510
462
511
463
512
464
513
465
514
466
515
467
516
468
517
469
518
470
519
471
520
472
521
473
522
474
523
475
524
476
525
477
526
478
527
479
528
480
529
481
530
482
531
483
532
484
533
485
534
486
535
487
536
488
537
489
538
490
539
491
540
492
541
493
542
494
543
495
544
496
545
497
546
498
547
499
548
549
5900
501
550
502
551
503
552
504
553
505
554
506
555
507
556
508
557
509
558
510
559
511
560
512
561
513
562
514
563
515
564
516
565
517
566
518
567
519
568
520
569
521
570
522
571
523
572
524
573
525
574
526
575
527
576
528
577
529
578
530
579
531
580
532
581
533
582
534
583
535
584
536
585
537
586
538
587
539
588
540
589
541
590
542
591
543
592
544
593
545
594
546
595
547
596
548
597
549
598
599
6000
551
600
552
601
553
602
554
603
555
604
556
605
557
606
558
607
559
608
560
609
561
610
562
611
563
612
564
613
565
614
566
615
567
616
568
617
569
618
570
619
571
620
572
621
573
622
574
623
575
624
576
625
577
626
578
627
579
628
580
629
581
630
582
631
583
632
584
633
585
634
586
635
587
636
588
637
589
638
590
639
591
640
592
641
593
642
594
643
595
644
596
645
597
646
598
647
599
648
649
6100
601
650
602
651
603
652
604
653
605
654
606
655
607
656
608
657
609
658
610
659
611
660
612
661
613
662
614
663
615
664
616
665
617
666
618
667
619
668
620
669
621
670
622
671
623
672
624
673
625
674
626
675
627
676
628
677
629
678
630
679
631
680
632
681
633
682
634
683
635
684
636
685
637
686
638
687
639
688
640
689
641
690
642
691
643
692
644
693
645
694
646
695
647
696
648
697
649
698
699
6200
651
700
652
701
653
702
654
703
655
704
656
705
657
706
658
707
659
708
660
709
661
710
662
711
663
712
664
713
665
714
666
715
667
716
668
717
669
718
670
719
671
720
672
721
673
722
674
723
675
724
676
725
677
726
678
727
679
728
680
729
681
730
682
731
683
732
684
733
685
734
686
735
687
736
688
737
689
738
690
739
691
740
692
741
693
742
694
743
695
744
696
745
697
746
698
747
699
748
749
6300
701
750
702
751
703
752
704
753
705
754
706
755
707
756
708
757
709
758
710
759
711
760
712
761
713
762
714
763
715
764
716
765
717
766
718
767
719
768
720
769
721
770
722
771
723
772
724
773
725
774
726
775
727
776
728
777
729
778
730
779
731
780
732
781
733
782
734
783
735
784
736
785
737
786
738
787
739
788
740
789
741
790
742
791
743
792
744
793
745
794
746
795
747
796
748
797
749
798
799
6400
751
800
752
801
753
802
754
803
755
804
756
805
757
806
758
807
759
808
760
809
761
810
762
811
763
812
764
813
765
814
766
815
767
816
768
817
769
818
770
819
771
820
772
821
773
822
774
823
775
824
776
825
777
826
778
827
779
828
780
829
781
830
782
831
783
832
784
833
785
834
786
835
787
836
788
837
789
838
790
839
791
840
792
841
793
842
794
843
795
844
796
845
797
846
798
847
799
848
849
6500
801
850
802
851
803
852
804
853
805
854
806
855
807
856
808
857
809
858
810
859
811
860
812
861
813
862
814
863
815
864
816
865
817
866
818
867
819
868
820
869
821
870
822
871
823
872
824
873
825
874
826
875
827
876
828
877
829
878
830
879
831
880
832
881
833
882
834
883
835
884
836
885
837
886
838
887
839
888
840
889
841
890
842
891
843
892
844
893
845
894
846
895
847
896
848
897
849
898
899
6600
851
900
852
901
853
902
854
903
855
904
856
905
857
906
858
907
859
908
860
909
861
910
862
911
863
912
864
913
865
914
866
915
867
916
868
917
869
918
870
919
871
920
872
921
873
922
874
923
875
924
876
925
877
926
878
927
879
928
880
929
881
930
882
931
883
932
884
933
885
934
886
935
887
936
888
937
889
938
890
939
891
940
892
941
893
942
894
943
895
944
896
945
897
946
898
947
899
948
949
6700
901
950
902
951
903
952
904
953
905
954
906
955
907
956
908
957
909
958
910
959
911
960
912
961
913
962
914
963
915
964
916
965
917
966
918
967
919
968
920
969
921
970
922
971
923
972
924
973
925
974
926
975
927
976
928
977
929
978
930
979
931
980
932
981
933
982
934
983
935
984
936
985
937
986
938
987
939
988
940
989
941
990
942
991
943
992
944
993
945
994
946
995
947
996
948
997
949
998
999
6800
951
1000
952
1001
953
1002
954
1003
955
1004
956
1005
957
1006
958
1007
959
1008
960
1009
961
1010
962
1011
963
1012
964
1013
965
1014
966
1015
967
1016
968
1017
969
1018
970
1019
971
1020
972
1021
973
1022
974
1023
975
1024
976
1025
977
1026
978
1027
979
1028
980
1029
981
1030
982
1031
983
1032
984
1033
985
1034
986
1035
987
1036
988
1037
989
1038
990
1039
991
1040
992
1041
993
1042
994
1043
995
1044
996
1045
997
1046
998
1047
999
1048
1049
6900
1001
1050
1002
1051
1003
1052
1004
1053
1005
1054
1006
1055
1007
1056
1008
1057
1009
1058
1010
1059
1011
1060
1012
1061
1013
1062
1014
1063
1015
1064
1016
1065
1017
1066
1018
1067
1019
1068
1020
1069
1021
1070
1022
1071
1023
1072
1024
1073
1025
1074
1026
1075
1027
1076
1028
1077
1029
1078
1030
1079
1031
1080
1032
1081
1033
1082
1034
1083
1035
1084
1036
1085
1037
1086
1038
1087
1039
1088
1040
1089
1041
1090
1042
1091
1043
1092
1044
1093
1045
1094
1046
1095
1047
1096
1048
1097
1049
1098
1099
7000
1051
1100
1052
1101
1053
1102
1054
1103
1055
1104
1056
1105
1057
1106
1058
1107
1059
1108
1060
1109
1061
1110
1062
1111
1063
1112
1064
1113
1065
1114
1066
1115
1067
1116
1068
1117
1069
1118
1070
1119
1071
1120
1072
1121
1073
1122
1074
1123
1075
1124
1076
1125
1077
1126
1078
1127
1079
1128
1080
1129
1081
1130
1082
1131
1083
1132
1084
1133
1085
1134
1086
1135
1087
1136
1088
1137
1089
1138
1090
1139
1091
1140
1092
1141
1093
1142
1094
1143
1095
1144
1096
1145
1097
1146
1098
1147
1099
1148
1149
7100
1101
1150
1102
1151
1103
1152
1104
1153
1105
1154
1106
1155
1107
1156
1108
1157
1109
1158
1110
1159
1111
1160
1112
1161
1113
1162
1114
1163
1115
1164
1116
1165
1117
1166
1118
1167
1119
1168
1120
1169
1121
1170
1122
1171
1123
1172
1124
1173
1125
1174
1126
1175
1127
1176
1128
1177
1129
1178
1130
1179
1131
1180
1132
1181
1133
1182
1134
1183
1135
1184
1136
1185
1137
1186
1138
1187
1139
1188
1140
1189
1141
1190
1142
1191
1143
1192
1144
1193
1145
1194
1146
1195
1147
1196
1148
1197
1149
1198
1199
7200
1151
1200
1152
1201
1153
1202
1154
1203
1155
1204
1156
1205
1157
1206
1158
1207
1159
1208
1160
1209
1161
1210
1162
1211
1163
1212
1164
1213
1165
1214
1166
1215
1167
1216
1168
1217
1169
1218
1170
1219
1171
1220
1172
1221
1173
1222
1174
1223
1175
1224
1176
1225
1177
1226
1178
1227
1179
1228
1180
1229
1181
1230
1182
1231
1183
1232
1184
1233
1185
1234
1186
1235
1187
1236
1188
1237
1189
1238
1190
1239
1191
1240
1192
1241
1193
1242
1194
1243
1195
1244
1196
1245
1197
1246
1198
1247
1199
1248
1249
7300
1201
1250
1202
1251
1203
1252
1204
1253
1205
1254
1206
1255
1207
1256
1208
1257
1209
1258
1210
1259
1211
1260
1212
1261
1213
1262
1214
1263
1215
1264
1216
1265
1217
1266
1218
1267
1219
1268
1220
1269
1221
1270
1222
1271
1223
1272
1224
1273
1225
1274
1226
1275
1227
1276
1228
1277
1229
1278
1230
1279
1231
1280
1232
1281
1233
1282
1234
1283
1235
1284
1236
1285
1237
1286
1238
1287
1239
1288
1240
1289
1241
1290
1242
1291
1243
1292
1244
1293
1245
1294
1246
1295
1247
1296
1248
1297
1249
1298
1299
7400
1251
1300
1252
1301
1253
1302
1254
1303
1255
1304
1256
1305
1257
1306
1258
1307
1259
1308
1260
1309
1261
1310
1262
1311
1263
1312
1264
1313
1265
1314
1266
1315
1267
1316
1268
1317
1269
1318
1270
1319
1271
1320
1272
1321
1273
1322
1274
1323
1275
1324
1276
1325
1277
1326
1278
1327
1279
1328
1280
1329
1281
1330
1282
1331
1283
1332
1284
1333
1285
1334
1286
1335
1287
1336
1288
1337
1289
1338
1290
1339
1291
1340
1292
1341
1293
1342
1294
1343
1295
1344
1296
1345
1297
1346
1298
1347
1299
1348
1349
7500
1301
1350
1302
1351
1303
1352
1304
1353
1305
1354
1306
1355
1307
1356
1308
1357
1309
1358
1310
1359
1311
1360
1312
1361
1313
1362
1314
1363
1315
1364
1316
1365
1317
1366
1318
1367
1319
1368
1320
1369
1321
1370
1322
1371
1323
1372
1324
1373
1325
1374
1326
1375
1327
1376
1328
1377
1329
1378
1330
1379
1331
1380
1332
1381
1333
1382
1334
1383
1335
1384
1336
1385
1337
1386
1338
1387
1339
1388
1340
1389
1341
1390
1342
1391
1343
1392
1344
1393
1345
1394
1346
1395
1347
1396
1348
1397
1349
1398
1399
7600
1351
1400
1352
1401
1353
1402
1354
1403
1355
1404
1356
1405
1357
1406
1358
1407
1359
1408
1360
1409
1361
1410
1362
1411
1363
1412
1364
1413
1365
1414
1366
1415
1367
1416
1368
1417
1369
1418
1370
1419
1371
1420
1372
1421
1373
1422
1374
1423
1375
1424
1376
1425
1377
1426
1378
1427
1379
1428
1380
1429
1381
1430
1382
1431
1383
1432
1384
1433
1385
1434
1386
1435
1387
1436
1388
1437
1389
1438
1390
1439
1391
1440
1392
1441
1393
1442
1394
1443
1395
1444
1396
1445
1397
1446
1398
1447
1399
1448
1449
7700
1401
1450
1402
1451
1403
1452
1404
1453
1405
1454
1406
1455
1407
1456
1408
1457
1409
1458
1410
1459
1411
1460
1412
1461
1413
1462
1414
1463
1415
1464
1416
1465
1417
1466
1418
1467
1419
1468
1420
1469
1421
1470
1422
1471
1423
1472
1424
1473
1425
1474
1426
1475
1427
1476
1428
1477
1429
1478
1430
1479
1431
1480
1432
1481
1433
1482
1434
1483
1435
1484
1436
1485
1437
1486
1438
1487
1439
1488
1440
1489
1441
1490
1442
1491
1443
1492
1444
1493
1445
1494
1446
1495
1447
1496
1448
1497
1449
1498
1499
7800
1451
1500
1452
1501
1453
1502
1454
1503
1455
1504
1456
1505
1457
1506
1458
1507
1459
1508
1460
1509
1461
1510
1462
1511
1463
1512
1464
1513
1465
1514
1466
1515
1467
1516
1468
1517
1469
1518
1470
1519
1471
1520
1472
1521
1473
1522
1474
1523
1475
1524
1476
1525
1477
1526
1478
1527
1479
1528
1480
1529
1481
1530
1482
1531
1483
1532
1484
1533
1485
1534
1486
1535
1487
1536
1488
1537
1489
1538
1490
1539
1491
1540
1492
1541
1493
1542
1494
1543
1495
1544
1496
1545
1497
1546
1498
1547
1499
1548
1549
7900
1501
1550
1502
1551
1503
1552
1504
1553
1505
1554
1506
1555
1507
1556
1508
1557
1509
1558
1510
1559
1511
1560
1512
1561
1513
1562
1514
1563
1515
1564
1516
1565
1517
1566
1518
1567
1519
1568
1520
1569
1521
1570
1522
1571
1523
1572
1524
1573
1525
1574
1526
1575
1527
1576
1528
1577
1529
1578
1530
1579
1531
1580
1532
1581
1533
1582
1534
1583
1535
1584
1536
1585
1537
1586
1538
1587
1539
1588
1540
1589
1541
1590
1542
1591
1543
1592
1544
1593
1545
1594
1546
1595
1547
1596
1548
1597
1549
1598
1599
8000
1551
1600
1552
1601
1553
1602
1554
1603
1555
1604
1556
1605
1557
1606
1558
1607
1559
1608
1560
1609
1561
1610
1562
1611
1563
1612
1564
1613
1565
1614
1566
1615
1567
1616
1568
1617
1569
1618
1570
1619
1571
1620
1572
1621
1573
1622
1574
1623
1575
1624
1576
1625
1577
1626
1578
1627
1579
1628
1580
1629
1581
1630
1582
1631
1583
1632
1584
1633
1585
1634
1586
1635
1587
1636
1588
1637
1589
1638
1590
1639
1591
1640
1592
1641
1593
1642
1594
1643
1595
1644
1596
1645
1597
1646
1598
1647
1599
1648
1649
8100
1601
1650
1602
1651
1603
1652
1604
1653
1605
1654
1606
1655
1607
1656
1608
1657
1609
1658
1610
1659
1611
1660
1612
1661
1613
1662
1614
1663
1615
1664
1616
1665
1617
1666
1618
1667
1619
1668
1620
1669
1621
1670
1622
1671
1623
1672
1624
1673
1625
1674
1626
1675
1627
1676
1628
1677
1629
1678
1630
1679
1631
1680
1632
1681
1633
1682
1634
1683
1635
1684
1636
1685
1637
1686
1638
1687
1639
1688
1640
1689
1641
1690
1642
1691
1643
1692
1644
1693
1645
1694
1646
1695
1647
1696
1648
1697
1649
1698
1699
8200
1651
1700
1652
1701
1653
1702
1654
1703
1655
1704
1656
1705
1657
1706
1658
1707
1659
1708
1660
1709
1661
1710
1662
1711
1663
1712
1664
1713
1665
1714
1666
1715
1667
1716
1668
1717
1669
1718
1670
1719
1671
1720
1672
1721
1673
1722
1674
1723
1675
1724
1676
1725
1677
1726
1678
1727
1679
1728
1680
1729
1681
1730
1682
1731
1683
1732
1684
1733
1685
1734
1686
1735
1687
1736
1688
1737
1689
1738
1690
1739
1691
1740
1692
1741
1693
1742
1694
1743
1695
1744
1696
1745
1697
1746
1698
1747
1699
1748
1749
8300
1701
1750
1702
1751
1703
1752
1704
1753
1705
1754
1706
1755
1707
1756
1708
1757
1709
1758
1710
1759
1711
1760
1712
1761
1713
1762
1714
1763
1715
1764
1716
1765
1717
1766
1718
1767
1719
1768
1720
1769
1721
1770
1722
1771
1723
1772
1724
1773
1725
1774
1726
1775
1727
1776
1728
1777
1729
1778
1730
1779
1731
1780
1732
1781
1733
1782
1734
1783
1735
1784
1736
1785
1737
1786
1738
1787
1739
1788
1740
1789
1741
1790
1742
1791
1743
1792
1744
1793
1745
1794
1746
1795
1747
1796
1748
1797
1749
1798
1799
8400
1751
1800
1752
1801
1753
1802
1754
1803
1755
1804
1756
1805
1757
1806
1758
1807
1759
1808
1760
1809
1761
1810
1762
1811
1763
1812
1764
1813
1765
1814
1766
1815
1767
1816
1768
1817
1769
1818
1770
1819
1771
1820
1772
1821
1773
1822
1774
1823
1775
1824
1776
1825
1777
1826
1778
1827
1779
1828
1780
1829
1781
1830
1782
1831
1783
1832
1784
1833
1785
1834
1786
1835
1787
1836
1788
1837
1789
1838
1790
1839
1791
1840
1792
1841
1793
1842
1794
1843
1795
1844
1796
1845
1797
1846
1798
1847
1799
1848
1849
8500
1801
1850
1802
1851
1803
1852
1804
1853
1805
1854
1806
1855
1807
1856
1808
1857
1809
1858
1810
1859
1811
1860
1812
1861
1813
1862
1814
1863
1815
1864
1816
1865
1817
1866
1818
1867
1819
1868
1820
1869
1821
1870
1822
1871
1823
1872
1824
1873
1825
1874
1826
1875
1827
1876
1828
1877
1829
1878
1830
1879
1831
1880
1832
1881
1833
1882
1834
1883
1835
1884
1836
1885
1837
1886
1838
1887
1839
1888
1840
1889
1841
1890
1842
1891
1843
1892
1844
1893
1845
1894
1846
1895
1847
1896
1848
1897
1849
1898
1899
8600
1851
1900
1852
1901
1853
1902
1854
1903
1855
1904
1856
1905
1857
1906
1858
1907
1859
1908
1860
1909
1861
1910
1862
1911
1863
1912
1864
1913
1865
1914
1866
1915
1867
1916
1868
1917
1869
1918
1870
1919
1871
1920
1872
1921
1873
1922
1874
1923
1875
1924
1876
1925
1877
1926
1878
1927
1879
1928
1880
1929
1881
1930
1882
1931
1883
1932
1884
1933
1885
1934
1886
1935
1887
1936
1888
1937
1889
1938
1890
1939
1891
1940
1892
1941
1893
1942
1894
1943
1895
1944
1896
1945
1897
1946
1898
1947
1899
1948
1949
8700
1901
1950
1902
1951
1903
1952
1904
1953
1905
1954
1906
1955
1907
1956
1908
1957
1909
1958
1910
1959
1911
1960
1912
1961
1913
1962
1914
1963
1915
1964
1916
1965
1917
1966
1918
1967
1919
1968
1920
1969
1921
1970
1922
1971
1923
1972
1924
1973
1925
1974
1926
1975
1927
1976
1928
1977
1929
1978
1930
1979
1931
1980
1932
1981
1933
1982
1934
1983
1935
1984
1936
1985
1937
1986
1938
1987
1939
1988
1940
1989
1941
1990
1942
1991
1943
1992
1944
1993
1945
1994
1946
1995
1947
1996
1948
1997
1949
1998
1999
8800
1951
2000
1952
2001
1953
2002
1954
2003
1955
2004
1956
2005
1957
2006
1958
2007
1959
2008
1960
2009
1961
2010
1962
2011
1963
2012
1964
2013
1965
2014
1966
2015
1967
2016
1968
2017
1969
2018
1970
2019
1971
2020
1972
2021
1973
2022
1974
2023
1975
2024
1976
2025
1977
2026
1978
2027
1979
2028
1980
2029
1981
2030
1982
2031
1983
2032
1984
2033
1985
2034
1986
2035
1987
2036
1988
2037
1989
2038
1990
2039
1991
2040
1992
2041
1993
2042
1994
2043
1995
2044
1996
2045
1997
2046
1998
2047
1999
2048
2049
8900
2001
2050
2002
2051
2003
2052
2004
2053
2005
2054
2006
2055
2007
2056
2008
2057
2009
2058
2010
2059
2011
2060
2012
2061
2013
2062
2014
2063
2015
2064
2016
2065
2017
2066
2018
2067
2019
2068
2020
2069
2021
2070
2022
2071
2023
2072
2024
2073
2025
2074
2026
2075
2027
2076
2028
2077
2029
2078
2030
2079
2031
2080
2032
2081
2033
2082
2034
2083
2035
2084
2036
2085
2037
2086
2038
2087
2039
2088
2040
2089
2041
2090
2042
2091
2043
2092
2044
2093
2045
2094
2046
2095
2047
2096
2048
2097
2049
2098
2099
9000
2051
2100
2052
2101
2053
2102
2054
2103
2055
2104
2056
2105
2057
2106
2058
2107
2059
2108
2060
2109
2061
2110
2062
2111
2063
2112
2064
2113
2065
2114
2066
2115
2067
2116
2068
2117
2069
2118
2070
2119
2071
2120
2072
2121
2073
2122
2074
2123
2075
2124
2076
2125
2077
2126
2078
2127
2079
2128
2080
2129
2081
2130
2082
2131
2083
2132
2084
2133
2085
2134
2086
2135
2087
2136
2088
2137
2089
2138
2090
2139
2091
2140
2092
2141
2093
2142
2094
2143
2095
2144
2096
2145
2097
2146
2098
2147
2099
2148
2149
9100
2101
2150
2102
2151
2103
2152
2104
2153
2105
2154
2106
2155
2107
2156
2108
2157
2109
2158
2110
2159
2111
2160
2112
2161
2113
2162
2114
2163
2115
2164
2116
2165
2117
2166
2118
2167
2119
2168
2120
2169
2121
2170
2122
2171
2123
2172
2124
2173
2125
2174
2126
2175
2127
2176
2128
2177
2129
2178
2130
2179
2131
2180
2132
2181
2133
2182
2134
2183
2135
2184
2136
2185
2137
2186
2138
2187
2139
2188
2140
2189
2141
2190
2142
2191
2143
2192
2144
2193
2145
2194
2146
2195
2147
2196
2148
2197
2149
2198
2199
9200
2151
2200
2152
2201
2153
2202
2154
2203
2155
2204
2156
2205
2157
2206
2158
2207
2159
2208
2160
2209
2161
2210
2162
2211
2163
2212
2164
2213
2165
2214
2166
2215
2167
2216
2168
2217
2169
2218
2170
2219
2171
2220
2172
2221
2173
2222
2174
2223
2175
2224
2176
2225
2177
2226
2178
2227
2179
2228
2180
2229
2181
2230
2182
2231
2183
2232
2184
2233
2185
2234
2186
2235
2187
2236
2188
2237
2189
2238
2190
2239
2191
2240
2192
2241
2193
2242
2194
2243
2195
2244
2196
2245
2197
2246
2198
2247
2199
2248
2249
9300
2201
2250
2202
2251
2203
2252
2204
2253
2205
2254
2206
2255
2207
2256
2208
2257
2209
2258
2210
2259
2211
2260
2212
2261
2213
2262
2214
2263
2215
2264
2216
2265
2217
2266
2218
2267
2219
2268
2220
2269
2221
2270
2222
2271
2223
2272
2224
2273
2225
2274
2226
2275
2227
2276
2228
2277
2229
2278
2230
2279
2231
2280
2232
2281
2233
2282
2234
2283
2235
2284
2236
2285
2237
2286
2238
2287
2239
2288
2240
2289
2241
2290
2242
2291
2243
2292
2244
2293
2245
2294
2246
2295
2247
2296
2248
2297
2249
2298
2299
9400
2251
2300
2252
2301
2253
2302
2254
2303
2255
2304
2256
2305
2257
2306
2258
2307
2259
2308
2260
2309
2261
2310
2262
2311
2263
2312
2264
2313
2265
2314
2266
2315
2267
2316
2268
2317
2269
2318
2270
2319
2271
2320
2272
2321
2273
2322
2274
2323
2275
2324
2276
2325
2277
2326
2278
2327
2279
2328
2280
2329
2281
2330
2282
2331
2283
2332
2284
2333
2285
2334
2286
2335
2287
2336
2288
2337
2289
2338
2290
2339
2291
2340
2292
2341
2293
2342
2294
2343
2295
2344
2296
2345
2297
2346
2298
2347
2299
2348
2349
9500
2301
2350
2302
2351
2303
2352
2304
2353
2305
2354
2306
2355
2307
2356
2308
2357
2309
2358
2310
2359
2311
2360
2312
2361
2313
2362
2314
2363
2315
2364
2316
2365
2317
2366
2318
2367
2319
2368
2320
2369
2321
2370
2322
2371
2323
2372
2324
2373
2325
2374
2326
2375
2327
2376
2328
2377
2329
2378
2330
2379
2331
2380
2332
2381
2333
2382
2334
2383
2335
2384
2336
2385
2337
2386
2338
2387
2339
2388
2340
2389
2341
2390
2342
2391
2343
2392
2344
2393
2345
2394
2346
2395
2347
2396
2348
2397
2349
2398
2399
9600
2351
2400
2352
2401
2353
2402
2354
2403
2355
2404
2356
2405
2357
2406
2358
2407
2359
2408
2360
2409
2361
2410
2362
2411
2363
2412
2364
2413
2365
2414
2366
2415
2367
2416
2368
2417
2369
2418
2370
2419
2371
2420
2372
2421
2373
2422
2374
2423
2375
2424
2376
2425
2377
2426
2378
2427
2379
2428
2380
2429
2381
2430
2382
2431
2383
2432
2384
2433
2385
2434
2386
2435
2387
2436
2388
2437
2389
2438
2390
2439
2391
2440
2392
2441
2393
2442
2394
2443
2395
2444
2396
2445
2397
2446
2398
2447
2399
2448
2449
9700
2401
2450
2402
2451
2403
2452
2404
2453
2405
2454
2406
2455
2407
2456
2408
2457
2409
2458
2410
2459
2411
2460
2412
2461
2413
2462
2414
2463
2415
2464
2416
2465
2417
2466
2418
2467
2419
2468
2420
2469
2421
2470
2422
2471
2423
2472
2424
2473
2425
2474
2426
2475
2427
2476
2428
2477
2429
2478
2430
2479
2431
2480
2432
2481
2433
2482
2434
2483
2435
2484
2436
2485
2437
2486
2438
2487
2439
2488
2440
2489
2441
2490
2442
2491
2443
2492
2444
2493
2445
2494
2446
2495
2447
2496
2448
2497
2449
2498
2499
9800
2451
2500
2452
2501
2453
2502
2454
2503
2455
2504
2456
2505
2457
2506
2458
2507
2459
2508
2460
2509
2461
2510
2462
2511
2463
2512
2464
2513
2465
2514
2466
2515
2467
2516
2468
2517
2469
2518
2470
2519
2471
2520
2472
2521
2473
2522
2474
2523
2475
2524
2476
2525
2477
2526
2478
2527
2479
2528
2480
2529
2481
2530
2482
2531
2483
2532
2484
2533
2485
2534
2486
2535
2487
2536
2488
2537
2489
2538
2490
2539
2491
2540
2492
2541
2493
2542
2494
2543
2495
2544
2496
2545
2497
2546
2498
2547
2499
2548
2549
9900
2501
2550
2502
2551
2503
2552
2504
2553
2505
2554
2506
2555
2507
2556
2508
2557
2509
2558
2510
2559
2511
2560
2512
2561
2513
2562
2514
2563
2515
2564
2516
2565
2517
2566
2518
2567
2519
2568
2520
2569
2521
2570
2522
2571
2523
2572
2524
2573
2525
2574
2526
2575
2527
2576
2528
2577
2529
2578
2530
2579
2531
2580
2532
2581
2533
2582
2534
2583
2535
2584
2536
2585
2537
2586
2538
2587
2539
2588
2540
2589
2541
2590
2542
2591
2543
2592
2544
2593
2545
2594
2546
2595
2547
2596
2548
2597
2549
2598
2599
10000
2551
2600
2552
2601
2553
2602
2554
2603
2555
2604
2556
2605
2557
2606
2558
2607
2559
2608
2560
2609
2561
2610
2562
2611
2563
2612
2564
2613
2565
2614
2566
2615
2567
2616
2568
2617
2569
2618
2570
2619
2571
2620
2572
2621
2573
2622
2574
2623
2575
2624
2576
2625
2577
2626
2578
2627
2579
2628
2580
2629
2581
2630
2582
2631
2583
2632
2584
2633
2585
2634
2586
2635
2587
2636
2588
2637
2589
2638
2590
2639
2591
2640
2592
2641
2593
2642
2594
2643
2595
2644
2596
2645
2597
2646
2598
2647
2599
2648
2649
10100
2601
2650
2602
2651
2603
2652
2604
2653
2605
2654
2606
2655
2607
2656
2608
2657
2609
2658
2610
2659
2611
2660
2612
2661
2613
2662
2614
2663
2615
2664
2616
2665
2617
2666
2618
2667
2619
2668
2620
2669
2621
2670
2622
2671
2623
2672
2624
2673
2625
2674
2626
2675
2627
2676
2628
2677
2629
2678
2630
2679
2631
2680
2632
2681
2633
2682
2634
2683
2635
2684
2636
2685
2637
2686
2638
2687
2639
2688
2640
2689
2641
2690
2642
2691
2643
2692
2644
2693
2645
2694
2646
2695
2647
2696
2648
2697
2649
2698
2699
10200
2651
2700
2652
2701
2653
2702
2654
2703
2655
2704
2656
2705
2657
2706
2658
2707
2659
2708
2660
2709
2661
2710
2662
2711
2663
2712
2664
2713
2665
2714
2666
2715
2667
2716
2668
2717
2669
2718
2670
2719
2671
2720
2672
2721
2673
2722
2674
2723
2675
2724
2676
2725
2677
2726
2678
2727
2679
2728
2680
2729
2681
2730
2682
2731
2683
2732
2684
2733
2685
2734
2686
2735
2687
2736
2688
2737
2689
2738
2690
2739
2691
2740
2692
2741
2693
2742
2694
2743
2695
2744
2696
2745
2697
2746
2698
2747
2699
2748
2749
10300
2701
2750
2702
2751
2703
2752
2704
2753
2705
2754
2706
2755
2707
2756
2708
2757
2709
2758
2710
2759
2711
2760
2712
2761
2713
2762
2714
2763
2715
2764
2716
2765
2717
2766
2718
2767
2719
2768
2720
2769
2721
2770
2722
2771
2723
2772
2724
2773
2725
2774
2726
2775
2727
2776
2728
2777
2729
2778
2730
2779
2731
2780
2732
2781
2733
2782
2734
2783
2735
2784
2736
2785
2737
2786
2738
2787
2739
2788
2740
2789
2741
2790
2742
2791
2743
2792
2744
2793
2745
2794
2746
2795
2747
2796
2748
2797
2749
2798
2799
10400
2751
2800
2752
2801
2753
2802
2754
2803
2755
2804
2756
2805
2757
2806
2758
2807
2759
2808
2760
2809
2761
2810
2762
2811
2763
2812
2764
2813
2765
2814
2766
2815
2767
2816
2768
2817
2769
2818
2770
2819
2771
2820
2772
2821
2773
2822
2774
2823
2775
2824
2776
2825
2777
2826
2778
2827
2779
2828
2780
2829
2781
2830
2782
2831
2783
2832
2784
2833
2785
2834
2786
2835
2787
2836
2788
2837
2789
2838
2790
2839
2791
2840
2792
2841
2793
2842
2794
2843
2795
2844
2796
2845
2797
2846
2798
2847
2799
2848
2849
10500
2801
2850
2802
2851
2803
2852
2804
2853
2805
2854
2806
2855
2807
2856
2808
2857
2809
2858
2810
2859
2811
2860
2812
2861
2813
2862
2814
2863
2815
2864
2816
2865
2817
2866
2818
2867
2819
2868
2820
2869
2821
2870
2822
2871
2823
2872
2824
2873
2825
2874
2826
2875
2827
2876
2828
2877
2829
2878
2830
2879
2831
2880
2832
2881
2833
2882
2834
2883
2835
2884
2836
2885
2837
2886
2838
2887
2839
2888
2840
2889
2841
2890
2842
2891
2843
2892
2844
2893
2845
2894
2846
2895
2847
2896
2848
2897
2849
2898
2899
10600
2851
2900
2852
2901
2853
2902
2854
2903
2855
2904
2856
2905
2857
2906
2858
2907
2859
2908
2860
2909
2861
2910
2862
2911
2863
2912
2864
2913
2865
2914
2866
2915
2867
2916
2868
2917
2869
2918
2870
2919
2871
2920
2872
2921
2873
2922
2874
2923
2875
2924
2876
2925
2877
2926
2878
2927
2879
2928
2880
2929
2881
2930
2882
2931
2883
2932
2884
2933
2885
2934
2886
2935
2887
2936
2888
2937
2889
2938
2890
2939
2891
2940
2892
2941
2893
2942
2894
2943
2895
2944
2896
2945
2897
2946
2898
2947
2899
2948
2949
10700
2901
2950
2902
2951
2903
2952
2904
2953
2905
2954
2906
2955
2907
2956
2908
2957
2909
2958
2910
2959
2911
2960
2912
2961
2913
2962
2914
2963
2915
2964
2916
2965
2917
2966
2918
2967
2919
2968
2920
2969
2921
2970
2922
2971
2923
2972
2924
2973
2925
2974
2926
2975
2927
2976
2928
2977
2929
2978
2930
2979
2931
2980
2932
2981
2933
2982
2934
2983
2935
2984
2936
2985
2937
2986
2938
2987
2939
2988
2940
2989
2941
2990
2942
2991
2943
2992
2944
2993
2945
2994
2946
2995
2947
2996
2948
2997
2949
2998
2999
10800
2951
3000
2952
3001
2953
3002
2954
3003
2955
3004
2956
3005
2957
3006
2958
3007
2959
3008
2960
3009
2961
3010
2962
3011
2963
3012
2964
3013
2965
3014
2966
3015
2967
3016
2968
3017
2969
3018
2970
3019
2971
3020
2972
3021
2973
3022
2974
3023
2975
3024
2976
3025
2977
3026
2978
3027
2979
3028
2980
3029
2981
3030
2982
3031
2983
3032
2984
3033
2985
3034
2986
3035
2987
3036
2988
3037
2989
3038
2990
3039
2991
3040
2992
3041
2993
3042
2994
3043
2995
3044
2996
3045
2997
3046
2998
3047
2999
3048
3049
10900
3001
3050
3002
3051
3003
3052
3004
3053
3005
3054
3006
3055
3007
3056
3008
3057
3009
3058
3010
3059
3011
3060
3012
3061
3013
3062
3014
3063
3015
3064
3016
3065
3017
3066
3018
3067
3019
3068
3020
3069
3021
3070
3022
3071
3023
3072
3024
3073
3025
3074
3026
3075
3027
3076
3028
3077
3029
3078
3030
3079
3031
3080
3032
3081
3033
3082
3034
3083
3035
3084
3036
3085
3037
3086
3038
3087
3039
3088
3040
3089
3041
3090
3042
3091
3043
3092
3044
3093
3045
3094
3046
3095
3047
3096
3048
3097
3049
3098
3099
11000
3051
3100
3052
3101
3053
3102
3054
3103
3055
3104
3056
3105
3057
3106
3058
3107
3059
3108
3060
3109
3061
3110
3062
3111
3063
3112
3064
3113
3065
3114
3066
3115
3067
3116
3068
3117
3069
3118
3070
3119
3071
3120
3072
3121
3073
3122
3074
3123
3075
3124
3076
3125
3077
3126
3078
3127
3079
3128
3080
3129
3081
3130
3082
3131
3083
3132
3084
3133
3085
3134
3086
3135
3087
3136
3088
3137
3089
3138
3090
3139
3091
3140
3092
3141
3093
3142
3094
3143
3095
3144
3096
3145
3097
3146
3098
3147
3099
3148
3149
11100
3101
3150
3102
3151
3103
3152
3104
3153
3105
3154
3106
3155
3107
3156
3108
3157
3109
3158
3110
3159
3111
3160
3112
3161
3113
3162
3114
3163
3115
3164
3116
3165
3117
3166
3118
3167
3119
3168
3120
3169
3121
3170
3122
3171
3123
3172
3124
3173
3125
3174
3126
3175
3127
3176
3128
3177
3129
3178
3130
3179
3131
3180
3132
3181
3133
3182
3134
3183
3135
3184
3136
3185
3137
3186
3138
3187
3139
3188
3140
3189
3141
3190
3142
3191
3143
3192
3144
3193
3145
3194
3146
3195
3147
3196
3148
3197
3149
3198
3199
11200
3151
3200
3152
3201
3153
3202
3154
3203
3155
3204
3156
3205
3157
3206
3158
3207
3159
3208
3160
3209
3161
3210
3162
3211
3163
3212
3164
3213
3165
3214
3166
3215
3167
3216
3168
3217
3169
3218
3170
3219
3171
3220
3172
3221
3173
3222
3174
3223
3175
3224
3176
3225
3177
3226
3178
3227
3179
3228
3180
3229
3181
3230
3182
3231
3183
3232
3184
3233
3185
3234
3186
3235
3187
3236
3188
3237
3189
3238
3190
3239
3191
3240
3192
3241
3193
3242
3194
3243
3195
3244
3196
3245
3197
3246
3198
3247
3199
3248
3249
11300
3201
3250
3202
3251
3203
3252
3204
3253
3205
3254
3206
3255
3207
3256
3208
3257
3209
3258
3210
3259
3211
3260
3212
3261
3213
3262
3214
3263
3215
3264
3216
3265
3217
3266
3218
3267
3219
3268
3220
3269
3221
3270
3222
3271
3223
3272
3224
3273
3225
3274
3226
3275
3227
3276
3228
3277
3229
3278
3230
3279
3231
3280
3232
3281
3233
3282
3234
3283
3235
3284
3236
3285
3237
3286
3238
3287
3239
3288
3240
3289
3241
3290
3242
3291
3243
3292
3244
3293
3245
3294
3246
3295
3247
3296
3248
3297
3249
3298
3299
11400
3251
3300
3252
3301
3253
3302
3254
3303
3255
3304
3256
3305
3257
3306
3258
3307
3259
3308
3260
3309
3261
3310
3262
3311
3263
3312
3264
3313
3265
3314
3266
3315
3267
3316
3268
3317
3269
3318
3270
3319
3271
3320
3272
3321
3273
3322
3274
3323
3275
3324
3276
3325
3277
3326
3278
3327
3279
3328
3280
3329
3281
3330
3282
3331
3283
3332
3284
3333
3285
3334
3286
3335
3287
3336
3288
3337
3289
3338
3290
3339
3291
3340
3292
3341
3293
3342
3294
3343
3295
3344
3296
3345
3297
3346
3298
3347
3299
3348
3349
11500
3301
3350
3302
3351
3303
3352
3304
3353
3305
3354
3306
3355
3307
3356
3308
3357
3309
3358
3310
3359
3311
3360
3312
3361
3313
3362
3314
3363
3315
3364
3316
3365
3317
3366
3318
3367
3319
3368
3320
3369
3321
3370
3322
3371
3323
3372
3324
3373
3325
3374
3326
3375
3327
3376
3328
3377
3329
3378
3330
3379
3331
3380
3332
3381
3333
3382
3334
3383
3335
3384
3336
3385
3337
3386
3338
3387
3339
3388
3340
3389
3341
3390
3342
3391
3343
3392
3344
3393
3345
3394
3346
3395
3347
3396
3348
3397
3349
3398
3399
11600
3351
3400
3352
3401
3353
3402
3354
3403
3355
3404
3356
3405
3357
3406
3358
3407
3359
3408
3360
3409
3361
3410
3362
3411
3363
3412
3364
3413
3365
3414
3366
3415
3367
3416
3368
3417
3369
3418
3370
3419
3371
3420
3372
3421
3373
3422
3374
3423
3375
3424
3376
3425
3377
3426
3378
3427
3379
3428
3380
3429
3381
3430
3382
3431
3383
3432
3384
3433
3385
3434
3386
3435
3387
3436
3388
3437
3389
3438
3390
3439
3391
3440
3392
3441
3393
3442
3394
3443
3395
3444
3396
3445
3397
3446
3398
3447
3399
3448
3449
11700
3401
3450
3402
3451
3403
3452
3404
3453
3405
3454
3406
3455
3407
3456
3408
3457
3409
3458
3410
3459
3411
3460
3412
3461
3413
3462
3414
3463
3415
3464
3416
3465
3417
3466
3418
3467
3419
3468
3420
3469
3421
3470
3422
3471
3423
3472
3424
3473
3425
3474
3426
3475
3427
3476
3428
3477
3429
3478
3430
3479
3431
3480
3432
3481
3433
3482
3434
3483
3435
3484
3436
3485
3437
3486
3438
3487
3439
3488
3440
3489
3441
3490
3442
3491
3443
3492
3444
3493
3445
3494
3446
3495
3447
3496
3448
3497
3449
3498
3499
11800
3451
3500
3452
3501
3453
3502
3454
3503
3455
3504
3456
3505
3457
3506
3458
3507
3459
3508
3460
3509
3461
3510
3462
3511
3463
3512
3464
3513
3465
3514
3466
3515
3467
3516
3468
3517
3469
3518
3470
3519
3471
3520
3472
3521
3473
3522
3474
3523
3475
3524
3476
3525
3477
3526
3478
3527
3479
3528
3480
3529
3481
3530
3482
3531
3483
3532
3484
3533
3485
3534
3486
3535
3487
3536
3488
3537
3489
3538
3490
3539
3491
3540
3492
3541
3493
3542
3494
3543
3495
3544
3496
3545
3497
3546
3498
3547
3499
3548
3549
11900
3501
3550
3502
3551
3503
3552
3504
3553
3505
3554
3506
3555
3507
3556
3508
3557
3509
3558
3510
3559
3511
3560
3512
3561
3513
3562
3514
3563
3515
3564
3516
3565
3517
3566
3518
3567
3519
3568
3520
3569
3521
3570
3522
3571
3523
3572
3524
3573
3525
3574
3526
3575
3527
3576
3528
3577
3529
3578
3530
3579
3531
3580
3532
3581
3533
3582
3534
3583
3535
3584
3536
3585
3537
3586
3538
3587
3539
3588
3540
3589
3541
3590
3542
3591
3543
3592
3544
3593
3545
3594
3546
3595
3547
3596
3548
3597
3549
3598
3599
12000
3551
3600
3552
3601
3553
3602
3554
3603
3555
3604
3556
3605
3557
3606
3558
3607
3559
3608
3560
3609
3561
3610
3562
3611
3563
3612
3564
3613
3565
3614
3566
3615
3567
3616
3568
3617
3569
3618
3570
3619
3571
3620
3572
3621
3573
3622
3574
3623
3575
3624
3576
3625
3577
3626
3578
3627
3579
3628
3580
3629
3581
3630
3582
3631
3583
3632
3584
3633
3585
3634
3586
3635
3587
3636
3588
3637
3589
3638
3590
3639
3591
3640
3592
3641
3593
3642
3594
3643
3595
3644
3596
3645
3597
3646
3598
3647
3599
3648
3649
12100
3601
3650
3602
3651
3603
3652
3604
3653
3605
3654
3606
3655
3607
3656
3608
3657
3609
3658
3610
3659
3611
3660
3612
3661
3613
3662
3614
3663
3615
3664
3616
3665
3617
3666
3618
3667
3619
3668
3620
3669
3621
3670
3622
3671
3623
3672
3624
3673
3625
3674
3626
3675
3627
3676
3628
3677
3629
3678
3630
3679
3631
3680
3632
3681
3633
3682
3634
3683
3635
3684
3636
3685
3637
3686
3638
3687
3639
3688
3640
3689
3641
3690
3642
3691
3643
3692
3644
3693
3645
3694
3646
3695
3647
3696
3648
3697
3649
3698
3699
12200
3651
3700
3652
3701
3653
3702
3654
3703
3655
3704
3656
3705
3657
3706
3658
3707
3659
3708
3660
3709
3661
3710
3662
3711
3663
3712
3664
3713
3665
3714
3666
3715
3667
3716
3668
3717
3669
3718
3670
3719
3671
3720
3672
3721
3673
3722
3674
3723
3675
3724
3676
3725
3677
3726
3678
3727
3679
3728
3680
3729
3681
3730
3682
3731
3683
3732
3684
3733
3685
3734
3686
3735
3687
3736
3688
3737
3689
3738
3690
3739
3691
3740
3692
3741
3693
3742
3694
3743
3695
3744
3696
3745
3697
3746
3698
3747
3699
3748
3749
12300
3701
3750
3702
3751
3703
3752
3704
3753
3705
3754
3706
3755
3707
3756
3708
3757
3709
3758
3710
3759
3711
3760
3712
3761
3713
3762
3714
3763
3715
3764
3716
3765
3717
3766
3718
3767
3719
3768
3720
3769
3721
3770
3722
3771
3723
3772
3724
3773
3725
3774
3726
3775
3727
3776
3728
3777
3729
3778
3730
3779
3731
3780
3732
3781
3733
3782
3734
3783
3735
3784
3736
3785
3737
3786
3738
3787
3739
3788
3740
3789
3741
3790
3742
3791
3743
3792
3744
3793
3745
3794
3746
3795
3747
3796
3748
3797
3749
3798
3799
12400
3751
3800
3752
3801
3753
3802
3754
3803
3755
3804
3756
3805
3757
3806
3758
3807
3759
3808
3760
3809
3761
3810
3762
3811
3763
3812
3764
3813
3765
3814
3766
3815
3767
3816
3768
3817
3769
3818
3770
3819
3771
3820
3772
3821
3773
3822
3774
3823
3775
3824
3776
3825
3777
3826
3778
3827
3779
3828
3780
3829
3781
3830
3782
3831
3783
3832
3784
3833
3785
3834
3786
3835
3787
3836
3788
3837
3789
3838
3790
3839
3791
3840
3792
3841
3793
3842
3794
3843
3795
3844
3796
3845
3797
3846
3798
3847
3799
3848
3849
12500
3801
3850
3802
3851
3803
3852
3804
3853
3805
3854
3806
3855
3807
3856
3808
3857
3809
3858
3810
3859
3811
3860
3812
3861
3813
3862
3814
3863
3815
3864
3816
3865
3817
3866
3818
3867
3819
3868
3820
3869
3821
3870
3822
3871
3823
3872
3824
3873
3825
3874
3826
3875
3827
3876
3828
3877
3829
3878
3830
3879
3831
3880
3832
3881
3833
3882
3834
3883
3835
3884
3836
3885
3837
3886
3838
3887
3839
3888
3840
3889
3841
3890
3842
3891
3843
3892
3844
3893
3845
3894
3846
3895
3847
3896
3848
3897
3849
3898
3899
12600
3851
3900
3852
3901
3853
3902
3854
3903
3855
3904
3856
3905
3857
3906
3858
3907
3859
3908
3860
3909
3861
3910
3862
3911
3863
3912
3864
3913
3865
3914
3866
3915
3867
3916
3868
3917
3869
3918
3870
3919
3871
3920
3872
3921
3873
3922
3874
3923
3875
3924
3876
3925
3877
3926
3878
3927
3879
3928
3880
3929
3881
3930
3882
3931
3883
3932
3884
3933
3885
3934
3886
3935
3887
3936
3888
3937
3889
3938
3890
3939
3891
3940
3892
3941
3893
3942
3894
3943
3895
3944
3896
3945
3897
3946
3898
3947
3899
3948
3949
12700
3901
3950
3902
3951
3903
3952
3904
3953
3905
3954
3906
3955
3907
3956
3908
3957
3909
3958
3910
3959
3911
3960
3912
3961
3913
3962
3914
3963
3915
3964
3916
3965
3917
3966
3918
3967
3919
3968
3920
3969
3921
3970
3922
3971
3923
3972
3924
3973
3925
3974
3926
3975
3927
3976
3928
3977
3929
3978
3930
3979
3931
3980
3932
3981
3933
3982
3934
3983
3935
3984
3936
3985
3937
3986
3938
3987
3939
3988
3940
3989
3941
3990
3942
3991
3943
3992
3944
3993
3945
3994
3946
3995
3947
3996
3948
3997
3949
3998
3999
12800
3951
4000
3952
4001
3953
4002
3954
4003
3955
4004
3956
4005
3957
4006
3958
4007
3959
4008
3960
4009
3961
4010
3962
4011
3963
4012
3964
4013
3965
4014
3966
4015
3967
4016
3968
4017
3969
4018
3970
4019
3971
4020
3972
4021
3973
4022
3974
4023
3975
4024
3976
4025
3977
4026
3978
4027
3979
4028
3980
4029
3981
4030
3982
4031
3983
4032
3984
4033
3985
4034
3986
4035
3987
4036
3988
4037
3989
4038
3990
4039
3991
4040
3992
4041
3993
4042
3994
4043
3995
4044
3996
4045
3997
4046
3998
4047
3999
4048
4049
12900
4001
4050
4002
4051
4003
4052
4004
4053
4005
4054
4006
4055
4007
4056
4008
4057
4009
4058
4010
4059
4011
4060
4012
4061
4013
4062
4014
4063
4015
4064
4016
4065
4017
4066
4018
4067
4019
4068
4020
4069
4021
4070
4022
4071
4023
4072
4024
4073
4025
4074
4026
4075
4027
4076
4028
4077
4029
4078
4030
4079
4031
4080
4032
4081
4033
4082
4034
4083
4035
4084
4036
4085
4037
4086
4038
4087
4039
4088
4040
4089
4041
4090
4042
4091
4043
4092
4044
4093
4045
4094
4046
4095
4047
4096
4048
4097
4049
4098
4099
13000
4051
4100
4052
4101
4053
4102
4054
4103
4055
4104
4056
4105
4057
4106
4058
4107
4059
4108
4060
4109
4061
4110
4062
4111
4063
4112
4064
4113
4065
4114
4066
4115
4067
4116
4068
4117
4069
4118
4070
4119
4071
4120
4072
4121
4073
4122
4074
4123
4075
4124
4076
4125
4077
4126
4078
4127
4079
4128
4080
4129
4081
4130
4082
4131
4083
4132
4084
4133
4085
4134
4086
4135
4087
4136
4088
4137
4089
4138
4090
4139
4091
4140
4092
4141
4093
4142
4094
4143
4095
4144
4096
4145
4097
4146
4098
4147
4099
4148
4149
13100
4101
4150
4102
4151
4103
4152
4104
4153
4105
4154
4106
4155
4107
4156
4108
4157
4109
4158
4110
4159
4111
4160
4112
4161
4113
4162
4114
4163
4115
4164
4116
4165
4117
4166
4118
4167
4119
4168
4120
4169
4121
4170
4122
4171
4123
4172
4124
4173
4125
4174
4126
4175
4127
4176
4128
4177
4129
4178
4130
4179
4131
4180
4132
4181
4133
4182
4134
4183
4135
4184
4136
4185
4137
4186
4138
4187
4139
4188
4140
4189
4141
4190
4142
4191
4143
4192
4144
4193
4145
4194
4146
4195
4147
4196
4148
4197
4149
4198
4199
13200
4151
4200
4152
4201
4153
4202
4154
4203
4155
4204
4156
4205
4157
4206
4158
4207
4159
4208
4160
4209
4161
4210
4162
4211
4163
4212
4164
4213
4165
4214
4166
4215
4167
4216
4168
4217
4169
4218
4170
4219
4171
4220
4172
4221
4173
4222
4174
4223
4175
4224
4176
4225
4177
4226
4178
4227
4179
4228
4180
4229
4181
4230
4182
4231
4183
4232
4184
4233
4185
4234
4186
4235
4187
4236
4188
4237
4189
4238
4190
4239
4191
4240
4192
4241
4193
4242
4194
4243
4195
4244
4196
4245
4197
4246
4198
4247
4199
4248
4249
13300
4201
4250
4202
4251
4203
4252
4204
4253
4205
4254
4206
4255
4207
4256
4208
4257
4209
4258
4210
4259
4211
4260
4212
4261
4213
4262
4214
4263
4215
4264
4216
4265
4217
4266
4218
4267
4219
4268
4220
4269
4221
4270
4222
4271
4223
4272
4224
4273
4225
4274
4226
4275
4227
4276
4228
4277
4229
4278
4230
4279
4231
4280
4232
4281
4233
4282
4234
4283
4235
4284
4236
4285
4237
4286
4238
4287
4239
4288
4240
4289
4241
4290
4242
4291
4243
4292
4244
4293
4245
4294
4246
4295
4247
4296
4248
4297
4249
4298
4299
13400
4251
4300
4252
4301
4253
4302
4254
4303
4255
4304
4256
4305
4257
4306
4258
4307
4259
4308
4260
4309
4261
4310
4262
4311
4263
4312
4264
4313
4265
4314
4266
4315
4267
4316
4268
4317
4269
4318
4270
4319
4271
4320
4272
4321
4273
4322
4274
4323
4275
4324
4276
4325
4277
4326
4278
4327
4279
4328
4280
4329
4281
4330
4282
4331
4283
4332
4284
4333
4285
4334
4286
4335
4287
4336
4288
4337
4289
4338
4290
4339
4291
4340
4292
4341
4293
4342
4294
4343
4295
4344
4296
4345
4297
4346
4298
4347
4299
4348
4349
13500
4301
4350
4302
4351
4303
4352
4304
4353
4305
4354
4306
4355
4307
4356
4308
4357
4309
4358
4310
4359
4311
4360
4312
4361
4313
4362
4314
4363
4315
4364
4316
4365
4317
4366
4318
4367
4319
4368
4320
4369
4321
4370
4322
4371
4323
4372
4324
4373
4325
4374
4326
4375
4327
4376
4328
4377
4329
4378
4330
4379
4331
4380
4332
4381
4333
4382
4334
4383
4335
4384
4336
4385
4337
4386
4338
4387
4339
4388
4340
4389
4341
4390
4342
4391
4343
4392
4344
4393
4345
4394
4346
4395
4347
4396
4348
4397
4349
4398
4399
13600
4351
4400
4352
4401
4353
4402
4354
4403
4355
4404
4356
4405
4357
4406
4358
4407
4359
4408
4360
4409
4361
4410
4362
4411
4363
4412
4364
4413
4365
4414
4366
4415
4367
4416
4368
4417
4369
4418
4370
4419
4371
4420
4372
4421
4373
4422
4374
4423
4375
4424
4376
4425
4377
4426
4378
4427
4379
4428
4380
4429
4381
4430
4382
4431
4383
4432
4384
4433
4385
4434
4386
4435
4387
4436
4388
4437
4389
4438
4390
4439
4391
4440
4392
4441
4393
4442
4394
4443
4395
4444
4396
4445
4397
4446
4398
4447
4399
4448
4449
13700
4401
4450
4402
4451
4403
4452
4404
4453
4405
4454
4406
4455
4407
4456
4408
4457
4409
4458
4410
4459
4411
4460
4412
4461
4413
4462
4414
4463
4415
4464
4416
4465
4417
4466
4418
4467
4419
4468
4420
4469
4421
4470
4422
4471
4423
4472
4424
4473
4425
4474
4426
4475
4427
4476
4428
4477
4429
4478
4430
4479
4431
4480
4432
4481
4433
4482
4434
4483
4435
4484
4436
4485
4437
4486
4438
4487
4439
4488
4440
4489
4441
4490
4442
4491
4443
4492
4444
4493
4445
4494
4446
4495
4447
4496
4448
4497
4449
4498
4499
13800
4451
4500
4452
4501
4453
4502
4454
4503
4455
4504
4456
4505
4457
4506
4458
4507
4459
4508
4460
4509
4461
4510
4462
4511
4463
4512
4464
4513
4465
4514
4466
4515
4467
4516
4468
4517
4469
4518
4470
4519
4471
4520
4472
4521
4473
4522
4474
4523
4475
4524
4476
4525
4477
4526
4478
4527
4479
4528
4480
4529
4481
4530
4482
4531
4483
4532
4484
4533
4485
4534
4486
4535
4487
4536
4488
4537
4489
4538
4490
4539
4491
4540
4492
4541
4493
4542
4494
4543
4495
4544
4496
4545
4497
4546
4498
4547
4499
4548
4549
13900
4501
4550
4502
4551
4503
4552
4504
4553
4505
4554
4506
4555
4507
4556
4508
4557
4509
4558
4510
4559
4511
4560
4512
4561
4513
4562
4514
4563
4515
4564
4516
4565
4517
4566
4518
4567
4519
4568
4520
4569
4521
4570
4522
4571
4523
4572
4524
4573
4525
4574
4526
4575
4527
4576
4528
4577
4529
4578
4530
4579
4531
4580
4532
4581
4533
4582
4534
4583
4535
4584
4536
4585
4537
4586
4538
4587
4539
4588
4540
4589
4541
4590
4542
4591
4543
4592
4544
4593
4545
4594
4546
4595
4547
4596
4548
4597
4549
4598
4599
14000
4551
4600
4552
4601
4553
4602
4554
4603
4555
4604
4556
4605
4557
4606
4558
4607
4559
4608
4560
4609
4561
4610
4562
4611
4563
4612
4564
4613
4565
4614
4566
4615
4567
4616
4568
4617
4569
4618
4570
4619
4571
4620
4572
4621
4573
4622
4574
4623
4575
4624
4576
4625
4577
4626
4578
4627
4579
4628
4580
4629
4581
4630
4582
4631
4583
4632
4584
4633
4585
4634
4586
4635
4587
4636
4588
4637
4589
4638
4590
4639
4591
4640
4592
4641
4593
4642
4594
4643
4595
4644
4596
4645
4597
4646
4598
4647
4599
4648
4649
14100
4601
4650
4602
4651
4603
4652
4604
4653
4605
4654
4606
4655
4607
4656
4608
4657
4609
4658
4610
4659
4611
4660
4612
4661
4613
4662
4614
4663
4615
4664
4616
4665
4617
4666
4618
4667
4619
4668
4620
4669
4621
4670
4622
4671
4623
4672
4624
4673
4625
4674
4626
4675
4627
4676
4628
4677
4629
4678
4630
4679
4631
4680
4632
4681
4633
4682
4634
4683
4635
4684
4636
4685
4637
4686
4638
4687
4639
4688
4640
4689
4641
4690
4642
4691
4643
4692
4644
4693
4645
4694
4646
4695
4647
4696
4648
4697
4649
4698
4699
14200
4651
4700
4652
4701
4653
4702
4654
4703
4655
4704
4656
4705
4657
4706
4658
4707
4659
4708
4660
4709
4661
4710
4662
4711
4663
4712
4664
4713
4665
4714
4666
4715
4667
4716
4668
4717
4669
4718
4670
4719
4671
4720
4672
4721
4673
4722
4674
4723
4675
4724
4676
4725
4677
4726
4678
4727
4679
4728
4680
4729
4681
4730
4682
4731
4683
4732
4684
4733
4685
4734
4686
4735
4687
4736
4688
4737
4689
4738
4690
4739
4691
4740
4692
4741
4693
4742
4694
4743
4695
4744
4696
4745
4697
4746
4698
4747
4699
4748
4749
14300
4701
4750
4702
4751
4703
4752
4704
4753
4705
4754
4706
4755
4707
4756
4708
4757
4709
4758
4710
4759
4711
4760
4712
4761
4713
4762
4714
4763
4715
4764
4716
4765
4717
4766
4718
4767
4719
4768
4720
4769
4721
4770
4722
4771
4723
4772
4724
4773
4725
4774
4726
4775
4727
4776
4728
4777
4729
4778
4730
4779
4731
4780
4732
4781
4733
4782
4734
4783
4735
4784
4736
4785
4737
4786
4738
4787
4739
4788
4740
4789
4741
4790
4742
4791
4743
4792
4744
4793
4745
4794
4746
4795
4747
4796
4748
4797
4749
4798
4799
14400
4751
4800
4752
4801
4753
4802
4754
4803
4755
4804
4756
4805
4757
4806
4758
4807
4759
4808
4760
4809
4761
4810
4762
4811
4763
4812
4764
4813
4765
4814
4766
4815
4767
4816
4768
4817
4769
4818
4770
4819
4771
4820
4772
4821
4773
4822
4774
4823
4775
4824
4776
4825
4777
4826
4778
4827
4779
4828
4780
4829
4781
4830
4782
4831
4783
4832
4784
4833
4785
4834
4786
4835
4787
4836
4788
4837
4789
4838
4790
4839
4791
4840
4792
4841
4793
4842
4794
4843
4795
4844
4796
4845
4797
4846
4798
4847
4799
4848
4849
14500
4801
4850
4802
4851
4803
4852
4804
4853
4805
4854
4806
4855
4807
4856
4808
4857
4809
4858
4810
4859
4811
4860
4812
4861
4813
4862
4814
4863
4815
4864
4816
4865
4817
4866
4818
4867
4819
4868
4820
4869
4821
4870
4822
4871
4823
4872
4824
4873
4825
4874
4826
4875
4827
4876
4828
4877
4829
4878
4830
4879
4831
4880
4832
4881
4833
4882
4834
4883
4835
4884
4836
4885
4837
4886
4838
4887
4839
4888
4840
4889
4841
4890
4842
4891
4843
4892
4844
4893
4845
4894
4846
4895
4847
4896
4848
4897
4849
4898
4899
14600
4851
4900
4852
4901
4853
4902
4854
4903
4855
4904
4856
4905
4857
4906
4858
4907
4859
4908
4860
4909
4861
4910
4862
4911
4863
4912
4864
4913
4865
4914
4866
4915
4867
4916
4868
4917
4869
4918
4870
4919
4871
4920
4872
4921
4873
4922
4874
4923
4875
4924
4876
4925
4877
4926
4878
4927
4879
4928
4880
4929
4881
4930
4882
4931
4883
4932
4884
4933
4885
4934
4886
4935
4887
4936
4888
4937
4889
4938
4890
4939
4891
4940
4892
4941
4893
4942
4894
4943
4895
4944
4896
4945
4897
4946
4898
4947
4899
4948
4949
14700
4901
4950
4902
4951
4903
4952
4904
4953
4905
4954
4906
4955
4907
4956
4908
4957
4909
4958
4910
4959
4911
4960
4912
4961
4913
4962
4914
4963
4915
4964
4916
4965
4917
4966
4918
4967
4919
4968
4920
4969
4921
4970
4922
4971
4923
4972
4924
4973
4925
4974
4926
4975
4927
4976
4928
4977
4929
4978
4930
4979
4931
4980
4932
4981
4933
4982
4934
4983
4935
4984
4936
4985
4937
4986
4938
4987
4939
4988
4940
4989
4941
4990
4942
4991
4943
4992
4944
4993
4945
4994
4946
4995
4947
4996
4948
4997
4949
4998
4999
14800
4951
4952
4953
4954
4955
4956
4957
4958
4959
4960
4961
4962
4963
4964
4965
4966
4967
4968
4969
4970
4971
4972
4973
4974
4975
4976
4977
4978
4979
4980
4981
4982
4983
4984
4985
4986
4987
4988
4989
4990
4991
4992
4993
4994
4995
4996
4997
4998
4999
14900
5001
5100
5002
5101
5003
5102
5004
5103
5005
5104
5006
5105
5007
5106
5008
5107
5009
5108
5010
5109
5011
5110
5012
5111
5013
5112
5014
5113
5015
5114
5016
5115
5017
5116
5018
5117
5019
5118
5020
5119
5021
5120
5022
5121
5023
5122
5024
5123
5025
5124
5026
5125
5027
5126
5028
5127
5029
5128
5030
5129
5031
5130
5032
5131
5033
5132
5034
5133
5035
5134
5036
5135
5037
5136
5038
5137
5039
5138
5040
5139
5041
5140
5042
5141
5043
5142
5044
5143
5045
5144
5046
5145
5047
5146
5048
5147
5049
5148
5050
5149
5051
5150
5052
5151
5053
5152
5054
5153
5055
5154
5056
5155
5057
5156
5058
5157
5059
5158
5060
5159
5061
5160
5062
5161
5063
5162
5064
5163
5065
5164
5066
5165
5067
5166
5068
5167
5069
5168
5070
5169
5071
5170
5072
5171
5073
5172
5074
5173
5075
5174
5076
5175
5077
5176
5078
5177
5079
5178
5080
5179
5081
5180
5082
5181
5083
5182
5084
5183
5085
5184
5086
5185
5087
5186
5088
5187
5089
5188
5090
5189
5091
5190
5092
5191
5093
5192
5094
5193
5095
5194
5096
5195
5097
5196
5098
5197
5099
5198
5199
15000
5101
5200
5102
5201
5103
5202
5104
5203
5105
5204
5106
5205
5107
5206
5108
5207
5109
5208
5110
5209
5111
5210
5112
5211
5113
5212
5114
5213
5115
5214
5116
5215
5117
5216
5118
5217
5119
5218
5120
5219
5121
5220
5122
5221
5123
5222
5124
5223
5125
5224
5126
5225
5127
5226
5128
5227
5129
5228
5130
5229
5131
5230
5132
5231
5133
5232
5134
5233
5135
5234
5136
5235
5137
5236
5138
5237
5139
5238
5140
5239
5141
5240
5142
5241
5143
5242
5144
5243
5145
5244
5146
5245
5147
5246
5148
5247
5149
5248
5150
5249
5151
5250
5152
5251
5153
5252
5154
5253
5155
5254
5156
5255
5157
5256
5158
5257
5159
5258
5160
5259
5161
5260
5162
5261
5163
5262
5164
5263
5165
5264
5166
5265
5167
5266
5168
5267
5169
5268
5170
5269
5171
5270
5172
5271
5173
5272
5174
5273
5175
5274
5176
5275
5177
5276
5178
5277
5179
5278
5180
5279
5181
5280
5182
5281
5183
5282
5184
5283
5185
5284
5186
5285
5187
5286
5188
5287
5189
5288
5190
5289
5191
5290
5192
5291
5193
5292
5194
5293
5195
5294
5196
5295
5197
5296
5198
5297
5199
5298
5299
15050
5201
5300
5202
5301
5203
5302
5204
5303
5205
5304
5206
5305
5207
5306
5208
5307
5209
5308
5210
5309
5211
5310
5212
5311
5213
5312
5214
5313
5215
5314
5216
5315
5217
5316
5218
5317
5219
5318
5220
5319
5221
5320
5222
5321
5223
5322
5224
5323
5225
5324
5226
5325
5227
5326
5228
5327
5229
5328
5230
5329
5231
5330
5232
5331
5233
5332
5234
5333
5235
5334
5236
5335
5237
5336
5238
5337
5239
5338
5240
5339
5241
5340
5242
5341
5243
5342
5244
5343
5245
5344
5246
5345
5247
5346
5248
5347
5249
5348
5250
5349
5251
5350
5252
5351
5253
5352
5254
5353
5255
5354
5256
5355
5257
5356
5258
5357
5259
5358
5260
5359
5261
5360
5262
5361
5263
5362
5264
5363
5265
5364
5266
5365
5267
5366
5268
5367
5269
5368
5270
5369
5271
5370
5272
5371
5273
5372
5274
5373
5275
5374
5276
5375
5277
5376
5278
5377
5279
5378
5280
5379
5281
5380
5282
5381
5283
5382
5284
5383
5285
5384
5286
5385
5287
5386
5288
5387
5289
5388
5290
5389
5291
5390
5292
5391
5293
5392
5294
5393
5295
5394
5296
5395
5297
5396
5298
5397
5299
5398
5399
15100
5301
5400
5302
5401
5303
5402
5304
5403
5305
5404
5306
5405
5307
5406
5308
5407
5309
5408
5310
5409
5311
5410
5312
5411
5313
5412
5314
5413
5315
5414
5316
5415
5317
5416
5318
5417
5319
5418
5320
5419
5321
5420
5322
5421
5323
5422
5324
5423
5325
5424
5326
5425
5327
5426
5328
5427
5329
5428
5330
5429
5331
5430
5332
5431
5333
5432
5334
5433
5335
5434
5336
5435
5337
5436
5338
5437
5339
5438
5340
5439
5341
5440
5342
5441
5343
5442
5344
5443
5345
5444
5346
5445
5347
5446
5348
5447
5349
5448
5350
5449
5351
5450
5352
5451
5353
5452
5354
5453
5355
5454
5356
5455
5357
5456
5358
5457
5359
5458
5360
5459
5361
5460
5362
5461
5363
5462
5364
5463
5365
5464
5366
5465
5367
5466
5368
5467
5369
5468
5370
5469
5371
5470
5372
5471
5373
5472
5374
5473
5375
5474
5376
5475
5377
5476
5378
5477
5379
5478
5380
5479
5381
5480
5382
5481
5383
5482
5384
5483
5385
5484
5386
5485
5387
5486
5388
5487
5389
5488
5390
5489
5391
5490
5392
5491
5393
5492
5394
5493
5395
5494
5396
5495
5397
5496
5398
5497
5399
5498
5499
15150
5401
5500
5402
5501
5403
5502
5404
5503
5405
5504
5406
5505
5407
5506
5408
5507
5409
5508
5410
5509
5411
5510
5412
5511
5413
5512
5414
5513
5415
5514
5416
5515
5417
5516
5418
5517
5419
5518
5420
5519
5421
5520
5422
5521
5423
5522
5424
5523
5425
5524
5426
5525
5427
5526
5428
5527
5429
5528
5430
5529
5431
5530
5432
5531
5433
5532
5434
5533
5435
5534
5436
5535
5437
5536
5438
5537
5439
5538
5440
5539
5441
5540
5442
5541
5443
5542
5444
5543
5445
5544
5446
5545
5447
5546
5448
5547
5449
5548
5450
5549
5451
5550
5452
5551
5453
5552
5454
5553
5455
5554
5456
5555
5457
5556
5458
5557
5459
5558
5460
5559
5461
5560
5462
5561
5463
5562
5464
5563
5465
5564
5466
5565
5467
5566
5468
5567
5469
5568
5470
5569
5471
5570
5472
5571
5473
5572
5474
5573
5475
5574
5476
5575
5477
5576
5478
5577
5479
5578
5480
5579
5481
5580
5482
5581
5483
5582
5484
5583
5485
5584
5486
5585
5487
5586
5488
5587
5489
5588
5490
5589
5491
5590
5492
5591
5493
5592
5494
5593
5495
5594
5496
5595
5497
5596
5498
5597
5499
5598
5599
15200
5501
5600
5502
5601
5503
5602
5504
5603
5505
5604
5506
5605
5507
5606
5508
5607
5509
5608
5510
5609
5511
5610
5512
5611
5513
5612
5514
5613
5515
5614
5516
5615
5517
5616
5518
5617
5519
5618
5520
5619
5521
5620
5522
5621
5523
5622
5524
5623
5525
5624
5526
5625
5527
5626
5528
5627
5529
5628
5530
5629
5531
5630
5532
5631
5533
5632
5534
5633
5535
5634
5536
5635
5537
5636
5538
5637
5539
5638
5540
5639
5541
5640
5542
5641
5543
5642
5544
5643
5545
5644
5546
5645
5547
5646
5548
5647
5549
5648
5550
5649
5551
5650
5552
5651
5553
5652
5554
5653
5555
5654
5556
5655
5557
5656
5558
5657
5559
5658
5560
5659
5561
5660
5562
5661
5563
5662
5564
5663
5565
5664
5566
5665
5567
5666
5568
5667
5569
5668
5570
5669
5571
5670
5572
5671
5573
5672
5574
5673
5575
5674
5576
5675
5577
5676
5578
5677
5579
5678
5580
5679
5581
5680
5582
5681
5583
5682
5584
5683
5585
5684
5586
5685
5587
5686
5588
5687
5589
5688
5590
5689
5591
5690
5592
5691
5593
5692
5594
5693
5595
5694
5596
5695
5597
5696
5598
5697
5599
5698
5699
15250
5601
5700
5602
5701
5603
5702
5604
5703
5605
5704
5606
5705
5607
5706
5608
5707
5609
5708
5610
5709
5611
5710
5612
5711
5613
5712
5614
5713
5615
5714
5616
5715
5617
5716
5618
5717
5619
5718
5620
5719
5621
5720
5622
5721
5623
5722
5624
5723
5625
5724
5626
5725
5627
5726
5628
5727
5629
5728
5630
5729
5631
5730
5632
5731
5633
5732
5634
5733
5635
5734
5636
5735
5637
5736
5638
5737
5639
5738
5640
5739
5641
5740
5642
5741
5643
5742
5644
5743
5645
5744
5646
5745
5647
5746
5648
5747
5649
5748
5650
5749
5651
5750
5652
5751
5653
5752
5654
5753
5655
5754
5656
5755
5657
5756
5658
5757
5659
5758
5660
5759
5661
5760
5662
5761
5663
5762
5664
5763
5665
5764
5666
5765
5667
5766
5668
5767
5669
5768
5670
5769
5671
5770
5672
5771
5673
5772
5674
5773
5675
5774
5676
5775
5677
5776
5678
5777
5679
5778
5680
5779
5681
5780
5682
5781
5683
5782
5684
5783
5685
5784
5686
5785
5687
5786
5688
5787
5689
5788
5690
5789
5691
5790
5692
5791
5693
5792
5694
5793
5695
5794
5696
5795
5697
5796
5698
5797
5699
5798
5799
15300
5701
5800
5702
5801
5703
5802
5704
5803
5705
5804
5706
5805
5707
5806
5708
5807
5709
5808
5710
5809
5711
5810
5712
5811
5713
5812
5714
5813
5715
5814
5716
5815
5717
5816
5718
5817
5719
5818
5720
5819
5721
5820
5722
5821
5723
5822
5724
5823
5725
5824
5726
5825
5727
5826
5728
5827
5729
5828
5730
5829
5731
5830
5732
5831
5733
5832
5734
5833
5735
5834
5736
5835
5737
5836
5738
5837
5739
5838
5740
5839
5741
5840
5742
5841
5743
5842
5744
5843
5745
5844
5746
5845
5747
5846
5748
5847
5749
5848
5750
5849
5751
5850
5752
5851
5753
5852
5754
5853
5755
5854
5756
5855
5757
5856
5758
5857
5759
5858
5760
5859
5761
5860
5762
5861
5763
5862
5764
5863
5765
5864
5766
5865
5767
5866
5768
5867
5769
5868
5770
5869
5771
5870
5772
5871
5773
5872
5774
5873
5775
5874
5776
5875
5777
5876
5778
5877
5779
5878
5780
5879
5781
5880
5782
5881
5783
5882
5784
5883
5785
5884
5786
5885
5787
5886
5788
5887
5789
5888
5790
5889
5791
5890
5792
5891
5793
5892
5794
5893
5795
5894
5796
5895
5797
5896
5798
5897
5799
5898
5899
15350
5801
5900
5802
5901
5803
5902
5804
5903
5805
5904
5806
5905
5807
5906
5808
5907
5809
5908
5810
5909
5811
5910
5812
5911
5813
5912
5814
5913
5815
5914
5816
5915
5817
5916
5818
5917
5819
5918
5820
5919
5821
5920
5822
5921
5823
5922
5824
5923
5825
5924
5826
5925
5827
5926
5828
5927
5829
5928
5830
5929
5831
5930
5832
5931
5833
5932
5834
5933
5835
5934
5836
5935
5837
5936
5838
5937
5839
5938
5840
5939
5841
5940
5842
5941
5843
5942
5844
5943
5845
5944
5846
5945
5847
5946
5848
5947
5849
5948
5850
5949
5851
5950
5852
5951
5853
5952
5854
5953
5855
5954
5856
5955
5857
5956
5858
5957
5859
5958
5860
5959
5861
5960
5862
5961
5863
5962
5864
5963
5865
5964
5866
5965
5867
5966
5868
5967
5869
5968
5870
5969
5871
5970
5872
5971
5873
5972
5874
5973
5875
5974
5876
5975
5877
5976
5878
5977
5879
5978
5880
5979
5881
5980
5882
5981
5883
5982
5884
5983
5885
5984
5886
5985
5887
5986
5888
5987
5889
5988
5890
5989
5891
5990
5892
5991
5893
5992
5894
5993
5895
5994
5896
5995
5897
5996
5898
5997
5899
5998
5999
15400
5901
6000
5902
6001
5903
6002
5904
6003
5905
6004
5906
6005
5907
6006
5908
6007
5909
6008
5910
6009
5911
6010
5912
6011
5913
6012
5914
6013
5915
6014
5916
6015
5917
6016
5918
6017
5919
6018
5920
6019
5921
6020
5922
6021
5923
6022
5924
6023
5925
6024
5926
6025
5927
6026
5928
6027
5929
6028
5930
6029
5931
6030
5932
6031
5933
6032
5934
6033
5935
6034
5936
6035
5937
6036
5938
6037
5939
6038
5940
6039
5941
6040
5942
6041
5943
6042
5944
6043
5945
6044
5946
6045
5947
6046
5948
6047
5949
6048
5950
6049
5951
6050
5952
6051
5953
6052
5954
6053
5955
6054
5956
6055
5957
6056
5958
6057
5959
6058
5960
6059
5961
6060
5962
6061
5963
6062
5964
6063
5965
6064
5966
6065
5967
6066
5968
6067
5969
6068
5970
6069
5971
6070
5972
6071
5973
6072
5974
6073
5975
6074
5976
6075
5977
6076
5978
6077
5979
6078
5980
6079
5981
6080
5982
6081
5983
6082
5984
6083
5985
6084
5986
6085
5987
6086
5988
6087
5989
6088
5990
6089
5991
6090
5992
6091
5993
6092
5994
6093
5995
6094
5996
6095
5997
6096
5998
6097
5999
6098
6099
15450
6001
6100
6002
6101
6003
6102
6004
6103
6005
6104
6006
6105
6007
6106
6008
6107
6009
6108
6010
6109
6011
6110
6012
6111
6013
6112
6014
6113
6015
6114
6016
6115
6017
6116
6018
6117
6019
6118
6020
6119
6021
6120
6022
6121
6023
6122
6024
6123
6025
6124
6026
6125
6027
6126
6028
6127
6029
6128
6030
6129
6031
6130
6032
6131
6033
6132
6034
6133
6035
6134
6036
6135
6037
6136
6038
6137
6039
6138
6040
6139
6041
6140
6042
6141
6043
6142
6044
6143
6045
6144
6046
6145
6047
6146
6048
6147
6049
6148
6050
6149
6051
6150
6052
6151
6053
6152
6054
6153
6055
6154
6056
6155
6057
6156
6058
6157
6059
6158
6060
6159
6061
6160
6062
6161
6063
6162
6064
6163
6065
6164
6066
6165
6067
6166
6068
6167
6069
6168
6070
6169
6071
6170
6072
6171
6073
6172
6074
6173
6075
6174
6076
6175
6077
6176
6078
6177
6079
6178
6080
6179
6081
6180
6082
6181
6083
6182
6084
6183
6085
6184
6086
6185
6087
6186
6088
6187
6089
6188
6090
6189
6091
6190
6092
6191
6093
6192
6094
6193
6095
6194
6096
6195
6097
6196
6098
6197
6099
6198
6199
15500
6101
6200
6102
6201
6103
6202
6104
6203
6105
6204
6106
6205
6107
6206
6108
6207
6109
6208
6110
6209
6111
6210
6112
6211
6113
6212
6114
6213
6115
6214
6116
6215
6117
6216
6118
6217
6119
6218
6120
6219
6121
6220
6122
6221
6123
6222
6124
6223
6125
6224
6126
6225
6127
6226
6128
6227
6129
6228
6130
6229
6131
6230
6132
6231
6133
6232
6134
6233
6135
6234
6136
6235
6137
6236
6138
6237
6139
6238
6140
6239
6141
6240
6142
6241
6143
6242
6144
6243
6145
6244
6146
6245
6147
6246
6148
6247
6149
6248
6150
6249
6151
6250
6152
6251
6153
6252
6154
6253
6155
6254
6156
6255
6157
6256
6158
6257
6159
6258
6160
6259
6161
6260
6162
6261
6163
6262
6164
6263
6165
6264
6166
6265
6167
6266
6168
6267
6169
6268
6170
6269
6171
6270
6172
6271
6173
6272
6174
6273
6175
6274
6176
6275
6177
6276
6178
6277
6179
6278
6180
6279
6181
6280
6182
6281
6183
6282
6184
6283
6185
6284
6186
6285
6187
6286
6188
6287
6189
6288
6190
6289
6191
6290
6192
6291
6193
6292
6194
6293
6195
6294
6196
6295
6197
6296
6198
6297
6199
6298
6299
15550
6201
6300
6202
6301
6203
6302
6204
6303
6205
6304
6206
6305
6207
6306
6208
6307
6209
6308
6210
6309
6211
6310
6212
6311
6213
6312
6214
6313
6215
6314
6216
6315
6217
6316
6218
6317
6219
6318
6220
6319
6221
6320
6222
6321
6223
6322
6224
6323
6225
6324
6226
6325
6227
6326
6228
6327
6229
6328
6230
6329
6231
6330
6232
6331
6233
6332
6234
6333
6235
6334
6236
6335
6237
6336
6238
6337
6239
6338
6240
6339
6241
6340
6242
6341
6243
6342
6244
6343
6245
6344
6246
6345
6247
6346
6248
6347
6249
6348
6250
6349
6251
6350
6252
6351
6253
6352
6254
6353
6255
6354
6256
6355
6257
6356
6258
6357
6259
6358
6260
6359
6261
6360
6262
6361
6263
6362
6264
6363
6265
6364
6266
6365
6267
6366
6268
6367
6269
6368
6270
6369
6271
6370
6272
6371
6273
6372
6274
6373
6275
6374
6276
6375
6277
6376
6278
6377
6279
6378
6280
6379
6281
6380
6282
6381
6283
6382
6284
6383
6285
6384
6286
6385
6287
6386
6288
6387
6289
6388
6290
6389
6291
6390
6292
6391
6293
6392
6294
6393
6295
6394
6296
6395
6297
6396
6298
6397
6299
6398
6399
15600
6301
6400
6302
6401
6303
6402
6304
6403
6305
6404
6306
6405
6307
6406
6308
6407
6309
6408
6310
6409
6311
6410
6312
6411
6313
6412
6314
6413
6315
6414
6316
6415
6317
6416
6318
6417
6319
6418
6320
6419
6321
6420
6322
6421
6323
6422
6324
6423
6325
6424
6326
6425
6327
6426
6328
6427
6329
6428
6330
6429
6331
6430
6332
6431
6333
6432
6334
6433
6335
6434
6336
6435
6337
6436
6338
6437
6339
6438
6340
6439
6341
6440
6342
6441
6343
6442
6344
6443
6345
6444
6346
6445
6347
6446
6348
6447
6349
6448
6350
6449
6351
6450
6352
6451
6353
6452
6354
6453
6355
6454
6356
6455
6357
6456
6358
6457
6359
6458
6360
6459
6361
6460
6362
6461
6363
6462
6364
6463
6365
6464
6366
6465
6367
6466
6368
6467
6369
6468
6370
6469
6371
6470
6372
6471
6373
6472
6374
6473
6375
6474
6376
6475
6377
6476
6378
6477
6379
6478
6380
6479
6381
6480
6382
6481
6383
6482
6384
6483
6385
6484
6386
6485
6387
6486
6388
6487
6389
6488
6390
6489
6391
6490
6392
6491
6393
6492
6394
6493
6395
6494
6396
6495
6397
6496
6398
6497
6399
6498
6499
15650
6401
6500
6402
6501
6403
6502
6404
6503
6405
6504
6406
6505
6407
6506
6408
6507
6409
6508
6410
6509
6411
6510
6412
6511
6413
6512
6414
6513
6415
6514
6416
6515
6417
6516
6418
6517
6419
6518
6420
6519
6421
6520
6422
6521
6423
6522
6424
6523
6425
6524
6426
6525
6427
6526
6428
6527
6429
6528
6430
6529
6431
6530
6432
6531
6433
6532
6434
6533
6435
6534
6436
6535
6437
6536
6438
6537
6439
6538
6440
6539
6441
6540
6442
6541
6443
6542
6444
6543
6445
6544
6446
6545
6447
6546
6448
6547
6449
6548
6450
6549
6451
6550
6452
6551
6453
6552
6454
6553
6455
6554
6456
6555
6457
6556
6458
6557
6459
6558
6460
6559
6461
6560
6462
6561
6463
6562
6464
6563
6465
6564
6466
6565
6467
6566
6468
6567
6469
6568
6470
6569
6471
6570
6472
6571
6473
6572
6474
6573
6475
6574
6476
6575
6477
6576
6478
6577
6479
6578
6480
6579
6481
6580
6482
6581
6483
6582
6484
6583
6485
6584
6486
6585
6487
6586
6488
6587
6489
6588
6490
6589
6491
6590
6492
6591
6493
6592
6494
6593
6495
6594
6496
6595
6497
6596
6498
6597
6499
6598
6599
15700
6501
6600
6502
6601
6503
6602
6504
6603
6505
6604
6506
6605
6507
6606
6508
6607
6509
6608
6510
6609
6511
6610
6512
6611
6513
6612
6514
6613
6515
6614
6516
6615
6517
6616
6518
6617
6519
6618
6520
6619
6521
6620
6522
6621
6523
6622
6524
6623
6525
6624
6526
6625
6527
6626
6528
6627
6529
6628
6530
6629
6531
6630
6532
6631
6533
6632
6534
6633
6535
6634
6536
6635
6537
6636
6538
6637
6539
6638
6540
6639
6541
6640
6542
6641
6543
6642
6544
6643
6545
6644
6546
6645
6547
6646
6548
6647
6549
6648
6550
6649
6551
6650
6552
6651
6553
6652
6554
6653
6555
6654
6556
6655
6557
6656
6558
6657
6559
6658
6560
6659
6561
6660
6562
6661
6563
6662
6564
6663
6565
6664
6566
6665
6567
6666
6568
6667
6569
6668
6570
6669
6571
6670
6572
6671
6573
6672
6574
6673
6575
6674
6576
6675
6577
6676
6578
6677
6579
6678
6580
6679
6581
6680
6582
6681
6583
6682
6584
6683
6585
6684
6586
6685
6587
6686
6588
6687
6589
6688
6590
6689
6591
6690
6592
6691
6593
6692
6594
6693
6595
6694
6596
6695
6597
6696
6598
6697
6599
6698
6699
15750
6601
6700
6602
6701
6603
6702
6604
6703
6605
6704
6606
6705
6607
6706
6608
6707
6609
6708
6610
6709
6611
6710
6612
6711
6613
6712
6614
6713
6615
6714
6616
6715
6617
6716
6618
6717
6619
6718
6620
6719
6621
6720
6622
6721
6623
6722
6624
6723
6625
6724
6626
6725
6627
6726
6628
6727
6629
6728
6630
6729
6631
6730
6632
6731
6633
6732
6634
6733
6635
6734
6636
6735
6637
6736
6638
6737
6639
6738
6640
6739
6641
6740
6642
6741
6643
6742
6644
6743
6645
6744
6646
6745
6647
6746
6648
6747
6649
6748
6650
6749
6651
6750
6652
6751
6653
6752
6654
6753
6655
6754
6656
6755
6657
6756
6658
6757
6659
6758
6660
6759
6661
6760
6662
6761
6663
6762
6664
6763
6665
6764
6666
6765
6667
6766
6668
6767
6669
6768
6670
6769
6671
6770
6672
6771
6673
6772
6674
6773
6675
6774
6676
6775
6677
6776
6678
6777
6679
6778
6680
6779
6681
6780
6682
6781
6683
6782
6684
6783
6685
6784
6686
6785
6687
6786
6688
6787
6689
6788
6690
6789
6691
6790
6692
6791
6693
6792
6694
6793
6695
6794
6696
6795
6697
6796
6698
6797
6699
6798
6799
15800
6701
6800
6702
6801
6703
6802
6704
6803
6705
6804
6706
6805
6707
6806
6708
6807
6709
6808
6710
6809
6711
6810
6712
6811
6713
6812
6714
6813
6715
6814
6716
6815
6717
6816
6718
6817
6719
6818
6720
6819
6721
6820
6722
6821
6723
6822
6724
6823
6725
6824
6726
6825
6727
6826
6728
6827
6729
6828
6730
6829
6731
6830
6732
6831
6733
6832
6734
6833
6735
6834
6736
6835
6737
6836
6738
6837
6739
6838
6740
6839
6741
6840
6742
6841
6743
6842
6744
6843
6745
6844
6746
6845
6747
6846
6748
6847
6749
6848
6750
6849
6751
6850
6752
6851
6753
6852
6754
6853
6755
6854
6756
6855
6757
6856
6758
6857
6759
6858
6760
6859
6761
6860
6762
6861
6763
6862
6764
6863
6765
6864
6766
6865
6767
6866
6768
6867
6769
6868
6770
6869
6771
6870
6772
6871
6773
6872
6774
6873
6775
6874
6776
6875
6777
6876
6778
6877
6779
6878
6780
6879
6781
6880
6782
6881
6783
6882
6784
6883
6785
6884
6786
6885
6787
6886
6788
6887
6789
6888
6790
6889
6791
6890
6792
6891
6793
6892
6794
6893
6795
6894
6796
6895
6797
6896
6798
6897
6799
6898
6899
15850
6801
6900
6802
6901
6803
6902
6804
6903
6805
6904
6806
6905
6807
6906
6808
6907
6809
6908
6810
6909
6811
6910
6812
6911
6813
6912
6814
6913
6815
6914
6816
6915
6817
6916
6818
6917
6819
6918
6820
6919
6821
6920
6822
6921
6823
6922
6824
6923
6825
6924
6826
6925
6827
6926
6828
6927
6829
6928
6830
6929
6831
6930
6832
6931
6833
6932
6834
6933
6835
6934
6836
6935
6837
6936
6838
6937
6839
6938
6840
6939
6841
6940
6842
6941
6843
6942
6844
6943
6845
6944
6846
6945
6847
6946
6848
6947
6849
6948
6850
6949
6851
6950
6852
6951
6853
6952
6854
6953
6855
6954
6856
6955
6857
6956
6858
6957
6859
6958
6860
6959
6861
6960
6862
6961
6863
6962
6864
6963
6865
6964
6866
6965
6867
6966
6868
6967
6869
6968
6870
6969
6871
6970
6872
6971
6873
6972
6874
6973
6875
6974
6876
6975
6877
6976
6878
6977
6879
6978
6880
6979
6881
6980
6882
6981
6883
6982
6884
6983
6885
6984
6886
6985
6887
6986
6888
6987
6889
6988
6890
6989
6891
6990
6892
6991
6893
6992
6894
6993
6895
6994
6896
6995
6897
6996
6898
6997
6899
6998
6999
15900
6901
7000
6902
7001
6903
7002
6904
7003
6905
7004
6906
7005
6907
7006
6908
7007
6909
7008
6910
7009
6911
7010
6912
7011
6913
7012
6914
7013
6915
7014
6916
7015
6917
7016
6918
7017
6919
7018
6920
7019
6921
7020
6922
7021
6923
7022
6924
7023
6925
7024
6926
7025
6927
7026
6928
7027
6929
7028
6930
7029
6931
7030
6932
7031
6933
7032
6934
7033
6935
7034
6936
7035
6937
7036
6938
7037
6939
7038
6940
7039
6941
7040
6942
7041
6943
7042
6944
7043
6945
7044
6946
7045
6947
7046
6948
7047
6949
7048
6950
7049
6951
7050
6952
7051
6953
7052
6954
7053
6955
7054
6956
7055
6957
7056
6958
7057
6959
7058
6960
7059
6961
7060
6962
7061
6963
7062
6964
7063
6965
7064
6966
7065
6967
7066
6968
7067
6969
7068
6970
7069
6971
7070
6972
7071
6973
7072
6974
7073
6975
7074
6976
7075
6977
7076
6978
7077
6979
7078
6980
7079
6981
7080
6982
7081
6983
7082
6984
7083
6985
7084
6986
7085
6987
7086
6988
7087
6989
7088
6990
7089
6991
7090
6992
7091
6993
7092
6994
7093
6995
7094
6996
7095
6997
7096
6998
7097
6999
7098
7099
15950
7001
7100
7002
7101
7003
7102
7004
7103
7005
7104
7006
7105
7007
7106
7008
7107
7009
7108
7010
7109
7011
7110
7012
7111
7013
7112
7014
7113
7015
7114
7016
7115
7017
7116
7018
7117
7019
7118
7020
7119
7021
7120
7022
7121
7023
7122
7024
7123
7025
7124
7026
7125
7027
7126
7028
7127
7029
7128
7030
7129
7031
7130
7032
7131
7033
7132
7034
7133
7035
7134
7036
7135
7037
7136
7038
7137
7039
7138
7040
7139
7041
7140
7042
7141
7043
7142
7044
7143
7045
7144
7046
7145
7047
7146
7048
7147
7049
7148
7050
7149
7051
7150
7052
7151
7053
7152
7054
7153
7055
7154
7056
7155
7057
7156
7058
7157
7059
7158
7060
7159
7061
7160
7062
7161
7063
7162
7064
7163
7065
7164
7066
7165
7067
7166
7068
7167
7069
7168
7070
7169
7071
7170
7072
7171
7073
7172
7074
7173
7075
7174
7076
7175
7077
7176
7078
7177
7079
7178
7080
7179
7081
7180
7082
7181
7083
7182
7084
7183
7085
7184
7086
7185
7087
7186
7088
7187
7089
7188
7090
7189
7091
7190
7092
7191
7093
7192
7094
7193
7095
7194
7096
7195
7097
7196
7098
7197
7099
7198
7199
16000
7101
7200
7102
7201
7103
7202
7104
7203
7105
7204
7106
7205
7107
7206
7108
7207
7109
7208
7110
7209
7111
7210
7112
7211
7113
7212
7114
7213
7115
7214
7116
7215
7117
7216
7118
7217
7119
7218
7120
7219
7121
7220
7122
7221
7123
7222
7124
7223
7125
7224
7126
7225
7127
7226
7128
7227
7129
7228
7130
7229
7131
7230
7132
7231
7133
7232
7134
7233
7135
7234
7136
7235
7137
7236
7138
7237
7139
7238
7140
7239
7141
7240
7142
7241
7143
7242
7144
7243
7145
7244
7146
7245
7147
7246
7148
7247
7149
7248
7150
7249
7151
7250
7152
7251
7153
7252
7154
7253
7155
7254
7156
7255
7157
7256
7158
7257
7159
7258
7160
7259
7161
7260
7162
7261
7163
7262
7164
7263
7165
7264
7166
7265
7167
7266
7168
7267
7169
7268
7170
7269
7171
7270
7172
7271
7173
7272
7174
7273
7175
7274
7176
7275
7177
7276
7178
7277
7179
7278
7180
7279
7181
7280
7182
7281
7183
7282
7184
7283
7185
7284
7186
7285
7187
7286
7188
7287
7189
7288
7190
7289
7191
7290
7192
7291
7193
7292
7194
7293
7195
7294
7196
7295
7197
7296
7198
7297
7199
7298
7299
16050
7201
7300
7202
7301
7203
7302
7204
7303
7205
7304
7206
7305
7207
7306
7208
7307
7209
7308
7210
7309
7211
7310
7212
7311
7213
7312
7214
7313
7215
7314
7216
7315
7217
7316
7218
7317
7219
7318
7220
7319
7221
7320
7222
7321
7223
7322
7224
7323
7225
7324
7226
7325
7227
7326
7228
7327
7229
7328
7230
7329
7231
7330
7232
7331
7233
7332
7234
7333
7235
7334
7236
7335
7237
7336
7238
7337
7239
7338
7240
7339
7241
7340
7242
7341
7243
7342
7244
7343
7245
7344
7246
7345
7247
7346
7248
7347
7249
7348
7250
7349
7251
7350
7252
7351
7253
7352
7254
7353
7255
7354
7256
7355
7257
7356
7258
7357
7259
7358
7260
7359
7261
7360
7262
7361
7263
7362
7264
7363
7265
7364
7266
7365
7267
7366
7268
7367
7269
7368
7270
7369
7271
7370
7272
7371
7273
7372
7274
7373
7275
7374
7276
7375
7277
7376
7278
7377
7279
7378
7280
7379
7281
7380
7282
7381
7283
7382
7284
7383
7285
7384
7286
7385
7287
7386
7288
7387
7289
7388
7290
7389
7291
7390
7292
7391
7293
7392
7294
7393
7295
7394
7296
7395
7297
7396
7298
7397
7299
7398
7399
16100
7301
7400
7302
7401
7303
7402
7304
7403
7305
7404
7306
7405
7307
7406
7308
7407
7309
7408
7310
7409
7311
7410
7312
7411
7313
7412
7314
7413
7315
7414
7316
7415
7317
7416
7318
7417
7319
7418
7320
7419
7321
7420
7322
7421
7323
7422
7324
7423
7325
7424
7326
7425
7327
7426
7328
7427
7329
7428
7330
7429
7331
7430
7332
7431
7333
7432
7334
7433
7335
7434
7336
7435
7337
7436
7338
7437
7339
7438
7340
7439
7341
7440
7342
7441
7343
7442
7344
7443
7345
7444
7346
7445
7347
7446
7348
7447
7349
7448
7350
7449
7351
7450
7352
7451
7353
7452
7354
7453
7355
7454
7356
7455
7357
7456
7358
7457
7359
7458
7360
7459
7361
7460
7362
7461
7363
7462
7364
7463
7365
7464
7366
7465
7367
7466
7368
7467
7369
7468
7370
7469
7371
7470
7372
7471
7373
7472
7374
7473
7375
7474
7376
7475
7377
7476
7378
7477
7379
7478
7380
7479
7381
7480
7382
7481
7383
7482
7384
7483
7385
7484
7386
7485
7387
7486
7388
7487
7389
7488
7390
7489
7391
7490
7392
7491
7393
7492
7394
7493
7395
7494
7396
7495
7397
7496
7398
7497
7399
7498
7499
16150
7401
7500
7402
7501
7403
7502
7404
7503
7405
7504
7406
7505
7407
7506
7408
7507
7409
7508
7410
7509
7411
7510
7412
7511
7413
7512
7414
7513
7415
7514
7416
7515
7417
7516
7418
7517
7419
7518
7420
7519
7421
7520
7422
7521
7423
7522
7424
7523
7425
7524
7426
7525
7427
7526
7428
7527
7429
7528
7430
7529
7431
7530
7432
7531
7433
7532
7434
7533
7435
7534
7436
7535
7437
7536
7438
7537
7439
7538
7440
7539
7441
7540
7442
7541
7443
7542
7444
7543
7445
7544
7446
7545
7447
7546
7448
7547
7449
7548
7450
7549
7451
7550
7452
7551
7453
7552
7454
7553
7455
7554
7456
7555
7457
7556
7458
7557
7459
7558
7460
7559
7461
7560
7462
7561
7463
7562
7464
7563
7465
7564
7466
7565
7467
7566
7468
7567
7469
7568
7470
7569
7471
7570
7472
7571
7473
7572
7474
7573
7475
7574
7476
7575
7477
7576
7478
7577
7479
7578
7480
7579
7481
7580
7482
7581
7483
7582
7484
7583
7485
7584
7486
7585
7487
7586
7488
7587
7489
7588
7490
7589
7491
7590
7492
7591
7493
7592
7494
7593
7495
7594
7496
7595
7497
7596
7498
7597
7499
7598
7599
16200
7501
7600
7502
7601
7503
7602
7504
7603
7505
7604
7506
7605
7507
7606
7508
7607
7509
7608
7510
7609
7511
7610
7512
7611
7513
7612
7514
7613
7515
7614
7516
7615
7517
7616
7518
7617
7519
7618
7520
7619
7521
7620
7522
7621
7523
7622
7524
7623
7525
7624
7526
7625
7527
7626
7528
7627
7529
7628
7530
7629
7531
7630
7532
7631
7533
7632
7534
7633
7535
7634
7536
7635
7537
7636
7538
7637
7539
7638
7540
7639
7541
7640
7542
7641
7543
7642
7544
7643
7545
7644
7546
7645
7547
7646
7548
7647
7549
7648
7550
7649
7551
7650
7552
7651
7553
7652
7554
7653
7555
7654
7556
7655
7557
7656
7558
7657
7559
7658
7560
7659
7561
7660
7562
7661
7563
7662
7564
7663
7565
7664
7566
7665
7567
7666
7568
7667
7569
7668
7570
7669
7571
7670
7572
7671
7573
7672
7574
7673
7575
7674
7576
7675
7577
7676
7578
7677
7579
7678
7580
7679
7581
7680
7582
7681
7583
7682
7584
7683
7585
7684
7586
7685
7587
7686
7588
7687
7589
7688
7590
7689
7591
7690
7592
7691
7593
7692
7594
7693
7595
7694
7596
7695
7597
7696
7598
7697
7599
7698
7699
16250
7601
7700
7602
7701
7603
7702
7604
7703
7605
7704
7606
7705
7607
7706
7608
7707
7609
7708
7610
7709
7611
7710
7612
7711
7613
7712
7614
7713
7615
7714
7616
7715
7617
7716
7618
7717
7619
7718
7620
7719
7621
7720
7622
7721
7623
7722
7624
7723
7625
7724
7626
7725
7627
7726
7628
7727
7629
7728
7630
7729
7631
7730
7632
7731
7633
7732
7634
7733
7635
7734
7636
7735
7637
7736
7638
7737
7639
7738
7640
7739
7641
7740
7642
7741
7643
7742
7644
7743
7645
7744
7646
7745
7647
7746
7648
7747
7649
7748
7650
7749
7651
7750
7652
7751
7653
7752
7654
7753
7655
7754
7656
7755
7657
7756
7658
7757
7659
7758
7660
7759
7661
7760
7662
7761
7663
7762
7664
7763
7665
7764
7666
7765
7667
7766
7668
7767
7669
7768
7670
7769
7671
7770
7672
7771
7673
7772
7674
7773
7675
7774
7676
7775
7677
7776
7678
7777
7679
7778
7680
7779
7681
7780
7682
7781
7683
7782
7684
7783
7685
7784
7686
7785
7687
7786
7688
7787
7689
7788
7690
7789
7691
7790
7692
7791
7693
7792
7694
7793
7695
7794
7696
7795
7697
7796
7698
7797
7699
7798
7799
16300
7701
7800
7702
7801
7703
7802
7704
7803
7705
7804
7706
7805
7707
7806
7708
7807
7709
7808
7710
7809
7711
7810
7712
7811
7713
7812
7714
7813
7715
7814
7716
7815
7717
7816
7718
7817
7719
7818
7720
7819
7721
7820
7722
7821
7723
7822
7724
7823
7725
7824
7726
7825
7727
7826
7728
7827
7729
7828
7730
7829
7731
7830
7732
7831
7733
7832
7734
7833
7735
7834
7736
7835
7737
7836
7738
7837
7739
7838
7740
7839
7741
7840
7742
7841
7743
7842
7744
7843
7745
7844
7746
7845
7747
7846
7748
7847
7749
7848
7750
7849
7751
7850
7752
7851
7753
7852
7754
7853
7755
7854
7756
7855
7757
7856
7758
7857
7759
7858
7760
7859
7761
7860
7762
7861
7763
7862
7764
7863
7765
7864
7766
7865
7767
7866
7768
7867
7769
7868
7770
7869
7771
7870
7772
7871
7773
7872
7774
7873
7775
7874
7776
7875
7777
7876
7778
7877
7779
7878
7780
7879
7781
7880
7782
7881
7783
7882
7784
7883
7785
7884
7786
7885
7787
7886
7788
7887
7789
7888
7790
7889
7791
7890
7792
7891
7793
7892
7794
7893
7795
7894
7796
7895
7797
7896
7798
7897
7799
7898
7899
16350
7801
7900
7802
7901
7803
7902
7804
7903
7805
7904
7806
7905
7807
7906
7808
7907
7809
7908
7810
7909
7811
7910
7812
7911
7813
7912
7814
7913
7815
7914
7816
7915
7817
7916
7818
7917
7819
7918
7820
7919
7821
7920
7822
7921
7823
7922
7824
7923
7825
7924
7826
7925
7827
7926
7828
7927
7829
7928
7830
7929
7831
7930
7832
7931
7833
7932
7834
7933
7835
7934
7836
7935
7837
7936
7838
7937
7839
7938
7840
7939
7841
7940
7842
7941
7843
7942
7844
7943
7845
7944
7846
7945
7847
7946
7848
7947
7849
7948
7850
7949
7851
7950
7852
7951
7853
7952
7854
7953
7855
7954
7856
7955
7857
7956
7858
7957
7859
7958
7860
7959
7861
7960
7862
7961
7863
7962
7864
7963
7865
7964
7866
7965
7867
7966
7868
7967
7869
7968
7870
7969
7871
7970
7872
7971
7873
7972
7874
7973
7875
7974
7876
7975
7877
7976
7878
7977
7879
7978
7880
7979
7881
7980
7882
7981
7883
7982
7884
7983
7885
7984
7886
7985
7887
7986
7888
7987
7889
7988
7890
7989
7891
7990
7892
7991
7893
7992
7894
7993
7895
7994
7896
7995
7897
7996
7898
7997
7899
7998
7999
16400
7901
8000
7902
8001
7903
8002
7904
8003
7905
8004
7906
8005
7907
8006
7908
8007
7909
8008
7910
8009
7911
8010
7912
8011
7913
8012
7914
8013
7915
8014
7916
8015
7917
8016
7918
8017
7919
8018
7920
8019
7921
8020
7922
8021
7923
8022
7924
8023
7925
8024
7926
8025
7927
8026
7928
8027
7929
8028
7930
8029
7931
8030
7932
8031
7933
8032
7934
8033
7935
8034
7936
8035
7937
8036
7938
8037
7939
8038
7940
8039
7941
8040
7942
8041
7943
8042
7944
8043
7945
8044
7946
8045
7947
8046
7948
8047
7949
8048
7950
8049
7951
8050
7952
8051
7953
8052
7954
8053
7955
8054
7956
8055
7957
8056
7958
8057
7959
8058
7960
8059
7961
8060
7962
8061
7963
8062
7964
8063
7965
8064
7966
8065
7967
8066
7968
8067
7969
8068
7970
8069
7971
8070
7972
8071
7973
8072
7974
8073
7975
8074
7976
8075
7977
8076
7978
8077
7979
8078
7980
8079
7981
8080
7982
8081
7983
8082
7984
8083
7985
8084
7986
8085
7987
8086
7988
8087
7989
8088
7990
8089
7991
8090
7992
8091
7993
8092
7994
8093
7995
8094
7996
8095
7997
8096
7998
8097
7999
8098
8099
16450
8001
8100
8002
8101
8003
8102
8004
8103
8005
8104
8006
8105
8007
8106
8008
8107
8009
8108
8010
8109
8011
8110
8012
8111
8013
8112
8014
8113
8015
8114
8016
8115
8017
8116
8018
8117
8019
8118
8020
8119
8021
8120
8022
8121
8023
8122
8024
8123
8025
8124
8026
8125
8027
8126
8028
8127
8029
8128
8030
8129
8031
8130
8032
8131
8033
8132
8034
8133
8035
8134
8036
8135
8037
8136
8038
8137
8039
8138
8040
8139
8041
8140
8042
8141
8043
8142
8044
8143
8045
8144
8046
8145
8047
8146
8048
8147
8049
8148
8050
8149
8051
8150
8052
8151
8053
8152
8054
8153
8055
8154
8056
8155
8057
8156
8058
8157
8059
8158
8060
8159
8061
8160
8062
8161
8063
8162
8064
8163
8065
8164
8066
8165
8067
8166
8068
8167
8069
8168
8070
8169
8071
8170
8072
8171
8073
8172
8074
8173
8075
8174
8076
8175
8077
8176
8078
8177
8079
8178
8080
8179
8081
8180
8082
8181
8083
8182
8084
8183
8085
8184
8086
8185
8087
8186
8088
8187
8089
8188
8090
8189
8091
8190
8092
8191
8093
8192
8094
8193
8095
8194
8096
8195
8097
8196
8098
8197
8099
8198
8199
16500
8101
8200
8102
8201
8103
8202
8104
8203
8105
8204
8106
8205
8107
8206
8108
8207
8109
8208
8110
8209
8111
8210
8112
8211
8113
8212
8114
8213
8115
8214
8116
8215
8117
8216
8118
8217
8119
8218
8120
8219
8121
8220
8122
8221
8123
8222
8124
8223
8125
8224
8126
8225
8127
8226
8128
8227
8129
8228
8130
8229
8131
8230
8132
8231
8133
8232
8134
8233
8135
8234
8136
8235
8137
8236
8138
8237
8139
8238
8140
8239
8141
8240
8142
8241
8143
8242
8144
8243
8145
8244
8146
8245
8147
8246
8148
8247
8149
8248
8150
8249
8151
8250
8152
8251
8153
8252
8154
8253
8155
8254
8156
8255
8157
8256
8158
8257
8159
8258
8160
8259
8161
8260
8162
8261
8163
8262
8164
8263
8165
8264
8166
8265
8167
8266
8168
8267
8169
8268
8170
8269
8171
8270
8172
8271
8173
8272
8174
8273
8175
8274
8176
8275
8177
8276
8178
8277
8179
8278
8180
8279
8181
8280
8182
8281
8183
8282
8184
8283
8185
8284
8186
8285
8187
8286
8188
8287
8189
8288
8190
8289
8191
8290
8192
8291
8193
8292
8194
8293
8195
8294
8196
8295
8197
8296
8198
8297
8199
8298
8299
16550
8201
8300
8202
8301
8203
8302
8204
8303
8205
8304
8206
8305
8207
8306
8208
8307
8209
8308
8210
8309
8211
8310
8212
8311
8213
8312
8214
8313
8215
8314
8216
8315
8217
8316
8218
8317
8219
8318
8220
8319
8221
8320
8222
8321
8223
8322
8224
8323
8225
8324
8226
8325
8227
8326
8228
8327
8229
8328
8230
8329
8231
8330
8232
8331
8233
8332
8234
8333
8235
8334
8236
8335
8237
8336
8238
8337
8239
8338
8240
8339
8241
8340
8242
8341
8243
8342
8244
8343
8245
8344
8246
8345
8247
8346
8248
8347
8249
8348
8250
8349
8251
8350
8252
8351
8253
8352
8254
8353
8255
8354
8256
8355
8257
8356
8258
8357
8259
8358
8260
8359
8261
8360
8262
8361
8263
8362
8264
8363
8265
8364
8266
8365
8267
8366
8268
8367
8269
8368
8270
8369
8271
8370
8272
8371
8273
8372
8274
8373
8275
8374
8276
8375
8277
8376
8278
8377
8279
8378
8280
8379
8281
8380
8282
8381
8283
8382
8284
8383
8285
8384
8286
8385
8287
8386
8288
8387
8289
8388
8290
8389
8291
8390
8292
8391
8293
8392
8294
8393
8295
8394
8296
8395
8297
8396
8298
8397
8299
8398
8399
16600
8301
8400
8302
8401
8303
8402
8304
8403
8305
8404
8306
8405
8307
8406
8308
8407
8309
8408
8310
8409
8311
8410
8312
8411
8313
8412
8314
8413
8315
8414
8316
8415
8317
8416
8318
8417
8319
8418
8320
8419
8321
8420
8322
8421
8323
8422
8324
8423
8325
8424
8326
8425
8327
8426
8328
8427
8329
8428
8330
8429
8331
8430
8332
8431
8333
8432
8334
8433
8335
8434
8336
8435
8337
8436
8338
8437
8339
8438
8340
8439
8341
8440
8342
8441
8343
8442
8344
8443
8345
8444
8346
8445
8347
8446
8348
8447
8349
8448
8350
8449
8351
8450
8352
8451
8353
8452
8354
8453
8355
8454
8356
8455
8357
8456
8358
8457
8359
8458
8360
8459
8361
8460
8362
8461
8363
8462
8364
8463
8365
8464
8366
8465
8367
8466
8368
8467
8369
8468
8370
8469
8371
8470
8372
8471
8373
8472
8374
8473
8375
8474
8376
8475
8377
8476
8378
8477
8379
8478
8380
8479
8381
8480
8382
8481
8383
8482
8384
8483
8385
8484
8386
8485
8387
8486
8388
8487
8389
8488
8390
8489
8391
8490
8392
8491
8393
8492
8394
8493
8395
8494
8396
8495
8397
8496
8398
8497
8399
8498
8499
16650
8401
8500
8402
8501
8403
8502
8404
8503
8405
8504
8406
8505
8407
8506
8408
8507
8409
8508
8410
8509
8411
8510
8412
8511
8413
8512
8414
8513
8415
8514
8416
8515
8417
8516
8418
8517
8419
8518
8420
8519
8421
8520
8422
8521
8423
8522
8424
8523
8425
8524
8426
8525
8427
8526
8428
8527
8429
8528
8430
8529
8431
8530
8432
8531
8433
8532
8434
8533
8435
8534
8436
8535
8437
8536
8438
8537
8439
8538
8440
8539
8441
8540
8442
8541
8443
8542
8444
8543
8445
8544
8446
8545
8447
8546
8448
8547
8449
8548
8450
8549
8451
8550
8452
8551
8453
8552
8454
8553
8455
8554
8456
8555
8457
8556
8458
8557
8459
8558
8460
8559
8461
8560
8462
8561
8463
8562
8464
8563
8465
8564
8466
8565
8467
8566
8468
8567
8469
8568
8470
8569
8471
8570
8472
8571
8473
8572
8474
8573
8475
8574
8476
8575
8477
8576
8478
8577
8479
8578
8480
8579
8481
8580
8482
8581
8483
8582
8484
8583
8485
8584
8486
8585
8487
8586
8488
8587
8489
8588
8490
8589
8491
8590
8492
8591
8493
8592
8494
8593
8495
8594
8496
8595
8497
8596
8498
8597
8499
8598
8599
16700
8501
8600
8502
8601
8503
8602
8504
8603
8505
8604
8506
8605
8507
8606
8508
8607
8509
8608
8510
8609
8511
8610
8512
8611
8513
8612
8514
8613
8515
8614
8516
8615
8517
8616
8518
8617
8519
8618
8520
8619
8521
8620
8522
8621
8523
8622
8524
8623
8525
8624
8526
8625
8527
8626
8528
8627
8529
8628
8530
8629
8531
8630
8532
8631
8533
8632
8534
8633
8535
8634
8536
8635
8537
8636
8538
8637
8539
8638
8540
8639
8541
8640
8542
8641
8543
8642
8544
8643
8545
8644
8546
8645
8547
8646
8548
8647
8549
8648
8550
8649
8551
8650
8552
8651
8553
8652
8554
8653
8555
8654
8556
8655
8557
8656
8558
8657
8559
8658
8560
8659
8561
8660
8562
8661
8563
8662
8564
8663
8565
8664
8566
8665
8567
8666
8568
8667
8569
8668
8570
8669
8571
8670
8572
8671
8573
8672
8574
8673
8575
8674
8576
8675
8577
8676
8578
8677
8579
8678
8580
8679
8581
8680
8582
8681
8583
8682
8584
8683
8585
8684
8586
8685
8587
8686
8588
8687
8589
8688
8590
8689
8591
8690
8592
8691
8593
8692
8594
8693
8595
8694
8596
8695
8597
8696
8598
8697
8599
8698
8699
16750
8601
8700
8602
8701
8603
8702
8604
8703
8605
8704
8606
8705
8607
8706
8608
8707
8609
8708
8610
8709
8611
8710
8612
8711
8613
8712
8614
8713
8615
8714
8616
8715
8617
8716
8618
8717
8619
8718
8620
8719
8621
8720
8622
8721
8623
8722
8624
8723
8625
8724
8626
8725
8627
8726
8628
8727
8629
8728
8630
8729
8631
8730
8632
8731
8633
8732
8634
8733
8635
8734
8636
8735
8637
8736
8638
8737
8639
8738
8640
8739
8641
8740
8642
8741
8643
8742
8644
8743
8645
8744
8646
8745
8647
8746
8648
8747
8649
8748
8650
8749
8651
8750
8652
8751
8653
8752
8654
8753
8655
8754
8656
8755
8657
8756
8658
8757
8659
8758
8660
8759
8661
8760
8662
8761
8663
8762
8664
8763
8665
8764
8666
8765
8667
8766
8668
8767
8669
8768
8670
8769
8671
8770
8672
8771
8673
8772
8674
8773
8675
8774
8676
8775
8677
8776
8678
8777
8679
8778
8680
8779
8681
8780
8682
8781
8683
8782
8684
8783
8685
8784
8686
8785
8687
8786
8688
8787
8689
8788
8690
8789
8691
8790
8692
8791
8693
8792
8694
8793
8695
8794
8696
8795
8697
8796
8698
8797
8699
8798
8799
16800
8701
8800
8702
8801
8703
8802
8704
8803
8705
8804
8706
8805
8707
8806
8708
8807
8709
8808
8710
8809
8711
8810
8712
8811
8713
8812
8714
8813
8715
8814
8716
8815
8717
8816
8718
8817
8719
8818
8720
8819
8721
8820
8722
8821
8723
8822
8724
8823
8725
8824
8726
8825
8727
8826
8728
8827
8729
8828
8730
8829
8731
8830
8732
8831
8733
8832
8734
8833
8735
8834
8736
8835
8737
8836
8738
8837
8739
8838
8740
8839
8741
8840
8742
8841
8743
8842
8744
8843
8745
8844
8746
8845
8747
8846
8748
8847
8749
8848
8750
8849
8751
8850
8752
8851
8753
8852
8754
8853
8755
8854
8756
8855
8757
8856
8758
8857
8759
8858
8760
8859
8761
8860
8762
8861
8763
8862
8764
8863
8765
8864
8766
8865
8767
8866
8768
8867
8769
8868
8770
8869
8771
8870
8772
8871
8773
8872
8774
8873
8775
8874
8776
8875
8777
8876
8778
8877
8779
8878
8780
8879
8781
8880
8782
8881
8783
8882
8784
8883
8785
8884
8786
8885
8787
8886
8788
8887
8789
8888
8790
8889
8791
8890
8792
8891
8793
8892
8794
8893
8795
8894
8796
8895
8797
8896
8798
8897
8799
8898
8899
16850
8801
8900
8802
8901
8803
8902
8804
8903
8805
8904
8806
8905
8807
8906
8808
8907
8809
8908
8810
8909
8811
8910
8812
8911
8813
8912
8814
8913
8815
8914
8816
8915
8817
8916
8818
8917
8819
8918
8820
8919
8821
8920
8822
8921
8823
8922
8824
8923
8825
8924
8826
8925
8827
8926
8828
8927
8829
8928
8830
8929
8831
8930
8832
8931
8833
8932
8834
8933
8835
8934
8836
8935
8837
8936
8838
8937
8839
8938
8840
8939
8841
8940
8842
8941
8843
8942
8844
8943
8845
8944
8846
8945
8847
8946
8848
8947
8849
8948
8850
8949
8851
8950
8852
8951
8853
8952
8854
8953
8855
8954
8856
8955
8857
8956
8858
8957
8859
8958
8860
8959
8861
8960
8862
8961
8863
8962
8864
8963
8865
8964
8866
8965
8867
8966
8868
8967
8869
8968
8870
8969
8871
8970
8872
8971
8873
8972
8874
8973
8875
8974
8876
8975
8877
8976
8878
8977
8879
8978
8880
8979
8881
8980
8882
8981
8883
8982
8884
8983
8885
8984
8886
8985
8887
8986
8888
8987
8889
8988
8890
8989
8891
8990
8892
8991
8893
8992
8894
8993
8895
8994
8896
8995
8897
8996
8898
8997
8899
8998
8999
16900
8901
9000
8902
9001
8903
9002
8904
9003
8905
9004
8906
9005
8907
9006
8908
9007
8909
9008
8910
9009
8911
9010
8912
9011
8913
9012
8914
9013
8915
9014
8916
9015
8917
9016
8918
9017
8919
9018
8920
9019
8921
9020
8922
9021
8923
9022
8924
9023
8925
9024
8926
9025
8927
9026
8928
9027
8929
9028
8930
9029
8931
9030
8932
9031
8933
9032
8934
9033
8935
9034
8936
9035
8937
9036
8938
9037
8939
9038
8940
9039
8941
9040
8942
9041
8943
9042
8944
9043
8945
9044
8946
9045
8947
9046
8948
9047
8949
9048
8950
9049
8951
9050
8952
9051
8953
9052
8954
9053
8955
9054
8956
9055
8957
9056
8958
9057
8959
9058
8960
9059
8961
9060
8962
9061
8963
9062
8964
9063
8965
9064
8966
9065
8967
9066
8968
9067
8969
9068
8970
9069
8971
9070
8972
9071
8973
9072
8974
9073
8975
9074
8976
9075
8977
9076
8978
9077
8979
9078
8980
9079
8981
9080
8982
9081
8983
9082
8984
9083
8985
9084
8986
9085
8987
9086
8988
9087
8989
9088
8990
9089
8991
9090
8992
9091
8993
9092
8994
9093
8995
9094
8996
9095
8997
9096
8998
9097
8999
9098
9099
16950
9001
9100
9002
9101
9003
9102
9004
9103
9005
9104
9006
9105
9007
9106
9008
9107
9009
9108
9010
9109
9011
9110
9012
9111
9013
9112
9014
9113
9015
9114
9016
9115
9017
9116
9018
9117
9019
9118
9020
9119
9021
9120
9022
9121
9023
9122
9024
9123
9025
9124
9026
9125
9027
9126
9028
9127
9029
9128
9030
9129
9031
9130
9032
9131
9033
9132
9034
9133
9035
9134
9036
9135
9037
9136
9038
9137
9039
9138
9040
9139
9041
9140
9042
9141
9043
9142
9044
9143
9045
9144
9046
9145
9047
9146
9048
9147
9049
9148
9050
9149
9051
9150
9052
9151
9053
9152
9054
9153
9055
9154
9056
9155
9057
9156
9058
9157
9059
9158
9060
9159
9061
9160
9062
9161
9063
9162
9064
9163
9065
9164
9066
9165
9067
9166
9068
9167
9069
9168
9070
9169
9071
9170
9072
9171
9073
9172
9074
9173
9075
9174
9076
9175
9077
9176
9078
9177
9079
9178
9080
9179
9081
9180
9082
9181
9083
9182
9084
9183
9085
9184
9086
9185
9087
9186
9088
9187
9089
9188
9090
9189
9091
9190
9092
9191
9093
9192
9094
9193
9095
9194
9096
9195
9097
9196
9098
9197
9099
9198
9199
17000
9101
9200
9102
9201
9103
9202
9104
9203
9105
9204
9106
9205
9107
9206
9108
9207
9109
9208
9110
9209
9111
9210
9112
9211
9113
9212
9114
9213
9115
9214
9116
9215
9117
9216
9118
9217
9119
9218
9120
9219
9121
9220
9122
9221
9123
9222
9124
9223
9125
9224
9126
9225
9127
9226
9128
9227
9129
9228
9130
9229
9131
9230
9132
9231
9133
9232
9134
9233
9135
9234
9136
9235
9137
9236
9138
9237
9139
9238
9140
9239
9141
9240
9142
9241
9143
9242
9144
9243
9145
9244
9146
9245
9147
9246
9148
9247
9149
9248
9150
9249
9151
9250
9152
9251
9153
9252
9154
9253
9155
9254
9156
9255
9157
9256
9158
9257
9159
9258
9160
9259
9161
9260
9162
9261
9163
9262
9164
9263
9165
9264
9166
9265
9167
9266
9168
9267
9169
9268
9170
9269
9171
9270
9172
9271
9173
9272
9174
9273
9175
9274
9176
9275
9177
9276
9178
9277
9179
9278
9180
9279
9181
9280
9182
9281
9183
9282
9184
9283
9185
9284
9186
9285
9187
9286
9188
9287
9189
9288
9190
9289
9191
9290
9192
9291
9193
9292
9194
9293
9195
9294
9196
9295
9197
9296
9198
9297
9199
9298
9299
17050
9201
9300
9202
9301
9203
9302
9204
9303
9205
9304
9206
9305
9207
9306
9208
9307
9209
9308
9210
9309
9211
9310
9212
9311
9213
9312
9214
9313
9215
9314
9216
9315
9217
9316
9218
9317
9219
9318
9220
9319
9221
9320
9222
9321
9223
9322
9224
9323
9225
9324
9226
9325
9227
9326
9228
9327
9229
9328
9230
9329
9231
9330
9232
9331
9233
9332
9234
9333
9235
9334
9236
9335
9237
9336
9238
9337
9239
9338
9240
9339
9241
9340
9242
9341
9243
9342
9244
9343
9245
9344
9246
9345
9247
9346
9248
9347
9249
9348
9250
9349
9251
9350
9252
9351
9253
9352
9254
9353
9255
9354
9256
9355
9257
9356
9258
9357
9259
9358
9260
9359
9261
9360
9262
9361
9263
9362
9264
9363
9265
9364
9266
9365
9267
9366
9268
9367
9269
9368
9270
9369
9271
9370
9272
9371
9273
9372
9274
9373
9275
9374
9276
9375
9277
9376
9278
9377
9279
9378
9280
9379
9281
9380
9282
9381
9283
9382
9284
9383
9285
9384
9286
9385
9287
9386
9288
9387
9289
9388
9290
9389
9291
9390
9292
9391
9293
9392
9294
9393
9295
9394
9296
9395
9297
9396
9298
9397
9299
9398
9399
17100
9301
9400
9302
9401
9303
9402
9304
9403
9305
9404
9306
9405
9307
9406
9308
9407
9309
9408
9310
9409
9311
9410
9312
9411
9313
9412
9314
9413
9315
9414
9316
9415
9317
9416
9318
9417
9319
9418
9320
9419
9321
9420
9322
9421
9323
9422
9324
9423
9325
9424
9326
9425
9327
9426
9328
9427
9329
9428
9330
9429
9331
9430
9332
9431
9333
9432
9334
9433
9335
9434
9336
9435
9337
9436
9338
9437
9339
9438
9340
9439
9341
9440
9342
9441
9343
9442
9344
9443
9345
9444
9346
9445
9347
9446
9348
9447
9349
9448
9350
9449
9351
9450
9352
9451
9353
9452
9354
9453
9355
9454
9356
9455
9357
9456
9358
9457
9359
9458
9360
9459
9361
9460
9362
9461
9363
9462
9364
9463
9365
9464
9366
9465
9367
9466
9368
9467
9369
9468
9370
9469
9371
9470
9372
9471
9373
9472
9374
9473
9375
9474
9376
9475
9377
9476
9378
9477
9379
9478
9380
9479
9381
9480
9382
9481
9383
9482
9384
9483
9385
9484
9386
9485
9387
9486
9388
9487
9389
9488
9390
9489
9391
9490
9392
9491
9393
9492
9394
9493
9395
9494
9396
9495
9397
9496
9398
9497
9399
9498
9499
17150
9401
9500
9402
9501
9403
9502
9404
9503
9405
9504
9406
9505
9407
9506
9408
9507
9409
9508
9410
9509
9411
9510
9412
9511
9413
9512
9414
9513
9415
9514
9416
9515
9417
9516
9418
9517
9419
9518
9420
9519
9421
9520
9422
9521
9423
9522
9424
9523
9425
9524
9426
9525
9427
9526
9428
9527
9429
9528
9430
9529
9431
9530
9432
9531
9433
9532
9434
9533
9435
9534
9436
9535
9437
9536
9438
9537
9439
9538
9440
9539
9441
9540
9442
9541
9443
9542
9444
9543
9445
9544
9446
9545
9447
9546
9448
9547
9449
9548
9450
9549
9451
9550
9452
9551
9453
9552
9454
9553
9455
9554
9456
9555
9457
9556
9458
9557
9459
9558
9460
9559
9461
9560
9462
9561
9463
9562
9464
9563
9465
9564
9466
9565
9467
9566
9468
9567
9469
9568
9470
9569
9471
9570
9472
9571
9473
9572
9474
9573
9475
9574
9476
9575
9477
9576
9478
9577
9479
9578
9480
9579
9481
9580
9482
9581
9483
9582
9484
9583
9485
9584
9486
9585
9487
9586
9488
9587
9489
9588
9490
9589
9491
9590
9492
9591
9493
9592
9494
9593
9495
9594
9496
9595
9497
9596
9498
9597
9499
9598
9599
17200
9501
9600
9502
9601
9503
9602
9504
9603
9505
9604
9506
9605
9507
9606
9508
9607
9509
9608
9510
9609
9511
9610
9512
9611
9513
9612
9514
9613
9515
9614
9516
9615
9517
9616
9518
9617
9519
9618
9520
9619
9521
9620
9522
9621
9523
9622
9524
9623
9525
9624
9526
9625
9527
9626
9528
9627
9529
9628
9530
9629
9531
9630
9532
9631
9533
9632
9534
9633
9535
9634
9536
9635
9537
9636
9538
9637
9539
9638
9540
9639
9541
9640
9542
9641
9543
9642
9544
9643
9545
9644
9546
9645
9547
9646
9548
9647
9549
9648
9550
9649
9551
9650
9552
9651
9553
9652
9554
9653
9555
9654
9556
9655
9557
9656
9558
9657
9559
9658
9560
9659
9561
9660
9562
9661
9563
9662
9564
9663
9565
9664
9566
9665
9567
9666
9568
9667
9569
9668
9570
9669
9571
9670
9572
9671
9573
9672
9574
9673
9575
9674
9576
9675
9577
9676
9578
9677
9579
9678
9580
9679
9581
9680
9582
9681
9583
9682
9584
9683
9585
9684
9586
9685
9587
9686
9588
9687
9589
9688
9590
9689
9591
9690
9592
9691
9593
9692
9594
9693
9595
9694
9596
9695
9597
9696
9598
9697
9599
9698
9699
17250
9601
9700
9602
9701
9603
9702
9604
9703
9605
9704
9606
9705
9607
9706
9608
9707
9609
9708
9610
9709
9611
9710
9612
9711
9613
9712
9614
9713
9615
9714
9616
9715
9617
9716
9618
9717
9619
9718
9620
9719
9621
9720
9622
9721
9623
9722
9624
9723
9625
9724
9626
9725
9627
9726
9628
9727
9629
9728
9630
9729
9631
9730
9632
9731
9633
9732
9634
9733
9635
9734
9636
9735
9637
9736
9638
9737
9639
9738
9640
9739
9641
9740
9642
9741
9643
9742
9644
9743
9645
9744
9646
9745
9647
9746
9648
9747
9649
9748
9650
9749
9651
9750
9652
9751
9653
9752
9654
9753
9655
9754
9656
9755
9657
9756
9658
9757
9659
9758
9660
9759
9661
9760
9662
9761
9663
9762
9664
9763
9665
9764
9666
9765
9667
9766
9668
9767
9669
9768
9670
9769
9671
9770
9672
9771
9673
9772
9674
9773
9675
9774
9676
9775
9677
9776
9678
9777
9679
9778
9680
9779
9681
9780
9682
9781
9683
9782
9684
9783
9685
9784
9686
9785
9687
9786
9688
9787
9689
9788
9690
9789
9691
9790
9692
9791
9693
9792
9694
9793
9695
9794
9696
9795
9697
9796
9698
9797
9699
9798
9799
17300
9701
9800
9702
9801
9703
9802
9704
9803
9705
9804
9706
9805
9707
9806
9708
9807
9709
9808
9710
9809
9711
9810
9712
9811
9713
9812
9714
9813
9715
9814
9716
9815
9717
9816
9718
9817
9719
9818
9720
9819
9721
9820
9722
9821
9723
9822
9724
9823
9725
9824
9726
9825
9727
9826
9728
9827
9729
9828
9730
9829
9731
9830
9732
9831
9733
9832
9734
9833
9735
9834
9736
9835
9737
9836
9738
9837
9739
9838
9740
9839
9741
9840
9742
9841
9743
9842
9744
9843
9745
9844
9746
9845
9747
9846
9748
9847
9749
9848
9750
9849
9751
9850
9752
9851
9753
9852
9754
9853
9755
9854
9756
9855
9757
9856
9758
9857
9759
9858
9760
9859
9761
9860
9762
9861
9763
9862
9764
9863
9765
9864
9766
9865
9767
9866
9768
9867
9769
9868
9770
9869
9771
9870
9772
9871
9773
9872
9774
9873
9775
9874
9776
9875
9777
9876
9778
9877
9779
9878
9780
9879
9781
9880
9782
9881
9783
9882
9784
9883
9785
9884
9786
9885
9787
9886
9788
9887
9789
9888
9790
9889
9791
9890
9792
9891
9793
9892
9794
9893
9795
9894
9796
9895
9797
9896
9798
9897
9799
9898
9899
17350
9801
9900
9802
9901
9803
9902
9804
9903
9805
9904
9806
9905
9807
9906
9808
9907
9809
9908
9810
9909
9811
9910
9812
9911
9813
9912
9814
9913
9815
9914
9816
9915
9817
9916
9818
9917
9819
9918
9820
9919
9821
9920
9822
9921
9823
9922
9824
9923
9825
9924
9826
9925
9827
9926
9828
9927
9829
9928
9830
9929
9831
9930
9832
9931
9833
9932
9834
9933
9835
9934
9836
9935
9837
9936
9838
9937
9839
9938
9840
9939
9841
9940
9842
9941
9843
9942
9844
9943
9845
9944
9846
9945
9847
9946
9848
9947
9849
9948
9850
9949
9851
9950
9852
9951
9853
9952
9854
9953
9855
9954
9856
9955
9857
9956
9858
9957
9859
9958
9860
9959
9861
9960
9862
9961
9863
9962
9864
9963
9865
9964
9866
9965
9867
9966
9868
9967
9869
9968
9870
9969
9871
9970
9872
9971
9873
9972
9874
9973
9875
9974
9876
9975
9877
9976
9878
9977
9879
9978
9880
9979
9881
9980
9882
9981
9883
9982
9884
9983
9885
9984
9886
9985
9887
9986
9888
9987
9889
9988
9890
9989
9891
9990
9892
9991
9893
9992
9894
9993
9895
9994
9896
9995
9897
9996
9898
9997
9899
9998
9999
17400
9901
10000
9902
10001
9903
10002
9904
10003
9905
10004
9906
10005
9907
10006
9908
10007
9909
10008
9910
10009
9911
10010
9912
10011
9913
10012
9914
10013
9915
10014
9916
10015
9917
10016
9918
10017
9919
10018
9920
10019
9921
10020
9922
10021
9923
10022
9924
10023
9925
10024
9926
10025
9927
10026
9928
10027
9929
10028
9930
10029
9931
10030
9932
10031
9933
10032
9934
10033
9935
10034
9936
10035
9937
10036
9938
10037
9939
10038
9940
10039
9941
10040
9942
10041
9943
10042
9944
10043
9945
10044
9946
10045
9947
10046
9948
10047
9949
10048
9950
10049
9951
10050
9952
10051
9953
10052
9954
10053
9955
10054
9956
10055
9957
10056
9958
10057
9959
10058
9960
10059
9961
10060
9962
10061
9963
10062
9964
10063
9965
10064
9966
10065
9967
10066
9968
10067
9969
10068
9970
10069
9971
10070
9972
10071
9973
10072
9974
10073
9975
10074
9976
10075
9977
10076
9978
10077
9979
10078
9980
10079
9981
10080
9982
10081
9983
10082
9984
10083
9985
10084
9986
10085
9987
10086
9988
10087
9989
10088
9990
10089
9991
10090
9992
10091
9993
10092
9994
10093
9995
10094
9996
10095
9997
10096
9998
10097
9999
10098
10099
17450
10001
10100
10002
10101
10003
10102
10004
10103
10005
10104
10006
10105
10007
10106
10008
10107
10009
10108
10010
10109
10011
10110
10012
10111
10013
10112
10014
10113
10015
10114
10016
10115
10017
10116
10018
10117
10019
10118
10020
10119
10021
10120
10022
10121
10023
10122
10024
10123
10025
10124
10026
10125
10027
10126
10028
10127
10029
10128
10030
10129
10031
10130
10032
10131
10033
10132
10034
10133
10035
10134
10036
10135
10037
10136
10038
10137
10039
10138
10040
10139
10041
10140
10042
10141
10043
10142
10044
10143
10045
10144
10046
10145
10047
10146
10048
10147
10049
10148
10050
10149
10051
10150
10052
10151
10053
10152
10054
10153
10055
10154
10056
10155
10057
10156
10058
10157
10059
10158
10060
10159
10061
10160
10062
10161
10063
10162
10064
10163
10065
10164
10066
10165
10067
10166
10068
10167
10069
10168
10070
10169
10071
10170
10072
10171
10073
10172
10074
10173
10075
10174
10076
10175
10077
10176
10078
10177
10079
10178
10080
10179
10081
10180
10082
10181
10083
10182
10084
10183
10085
10184
10086
10185
10087
10186
10088
10187
10089
10188
10090
10189
10091
10190
10092
10191
10093
10192
10094
10193
10095
10194
10096
10195
10097
10196
10098
10197
10099
10198
10199
17500
10101
10200
10102
10201
10103
10202
10104
10203
10105
10204
10106
10205
10107
10206
10108
10207
10109
10208
10110
10209
10111
10210
10112
10211
10113
10212
10114
10213
10115
10214
10116
10215
10117
10216
10118
10217
10119
10218
10120
10219
10121
10220
10122
10221
10123
10222
10124
10223
10125
10224
10126
10225
10127
10226
10128
10227
10129
10228
10130
10229
10131
10230
10132
10231
10133
10232
10134
10233
10135
10234
10136
10235
10137
10236
10138
10237
10139
10238
10140
10239
10141
10240
10142
10241
10143
10242
10144
10243
10145
10244
10146
10245
10147
10246
10148
10247
10149
10248
10150
10249
10151
10250
10152
10251
10153
10252
10154
10253
10155
10254
10156
10255
10157
10256
10158
10257
10159
10258
10160
10259
10161
10260
10162
10261
10163
10262
10164
10263
10165
10264
10166
10265
10167
10266
10168
10267
10169
10268
10170
10269
10171
10270
10172
10271
10173
10272
10174
10273
10175
10274
10176
10275
10177
10276
10178
10277
10179
10278
10180
10279
10181
10280
10182
10281
10183
10282
10184
10283
10185
10284
10186
10285
10187
10286
10188
10287
10189
10288
10190
10289
10191
10290
10192
10291
10193
10292
10194
10293
10195
10294
10196
10295
10197
10296
10198
10297
10199
10298
10299
17550
10201
10300
10202
10301
10203
10302
10204
10303
10205
10304
10206
10305
10207
10306
10208
10307
10209
10308
10210
10309
10211
10310
10212
10311
10213
10312
10214
10313
10215
10314
10216
10315
10217
10316
10218
10317
10219
10318
10220
10319
10221
10320
10222
10321
10223
10322
10224
10323
10225
10324
10226
10325
10227
10326
10228
10327
10229
10328
10230
10329
10231
10330
10232
10331
10233
10332
10234
10333
10235
10334
10236
10335
10237
10336
10238
10337
10239
10338
10240
10339
10241
10340
10242
10341
10243
10342
10244
10343
10245
10344
10246
10345
10247
10346
10248
10347
10249
10348
10250
10349
10251
10350
10252
10351
10253
10352
10254
10353
10255
10354
10256
10355
10257
10356
10258
10357
10259
10358
10260
10359
10261
10360
10262
10361
10263
10362
10264
10363
10265
10364
10266
10365
10267
10366
10268
10367
10269
10368
10270
10369
10271
10370
10272
10371
10273
10372
10274
10373
10275
10374
10276
10375
10277
10376
10278
10377
10279
10378
10280
10379
10281
10380
10282
10381
10283
10382
10284
10383
10285
10384
10286
10385
10287
10386
10288
10387
10289
10388
10290
10389
10291
10390
10292
10391
10293
10392
10294
10393
10295
10394
10296
10395
10297
10396
10298
10397
10299
10398
10399
17600
10301
10400
10302
10401
10303
10402
10304
10403
10305
10404
10306
10405
10307
10406
10308
10407
10309
10408
10310
10409
10311
10410
10312
10411
10313
10412
10314
10413
10315
10414
10316
10415
10317
10416
10318
10417
10319
10418
10320
10419
10321
10420
10322
10421
10323
10422
10324
10423
10325
10424
10326
10425
10327
10426
10328
10427
10329
10428
10330
10429
10331
10430
10332
10431
10333
10432
10334
10433
10335
10434
10336
10435
10337
10436
10338
10437
10339
10438
10340
10439
10341
10440
10342
10441
10343
10442
10344
10443
10345
10444
10346
10445
10347
10446
10348
10447
10349
10448
10350
10449
10351
10450
10352
10451
10353
10452
10354
10453
10355
10454
10356
10455
10357
10456
10358
10457
10359
10458
10360
10459
10361
10460
10362
10461
10363
10462
10364
10463
10365
10464
10366
10465
10367
10466
10368
10467
10369
10468
10370
10469
10371
10470
10372
10471
10373
10472
10374
10473
10375
10474
10376
10475
10377
10476
10378
10477
10379
10478
10380
10479
10381
10480
10382
10481
10383
10482
10384
10483
10385
10484
10386
10485
10387
10486
10388
10487
10389
10488
10390
10489
10391
10490
10392
10491
10393
10492
10394
10493
10395
10494
10396
10495
10397
10496
10398
10497
10399
10498
10499
17650
10401
10500
10402
10501
10403
10502
10404
10503
10405
10504
10406
10505
10407
10506
10408
10507
10409
10508
10410
10509
10411
10510
10412
10511
10413
10512
10414
10513
10415
10514
10416
10515
10417
10516
10418
10517
10419
10518
10420
10519
10421
10520
10422
10521
10423
10522
10424
10523
10425
10524
10426
10525
10427
10526
10428
10527
10429
10528
10430
10529
10431
10530
10432
10531
10433
10532
10434
10533
10435
10534
10436
10535
10437
10536
10438
10537
10439
10538
10440
10539
10441
10540
10442
10541
10443
10542
10444
10543
10445
10544
10446
10545
10447
10546
10448
10547
10449
10548
10450
10549
10451
10550
10452
10551
10453
10552
10454
10553
10455
10554
10456
10555
10457
10556
10458
10557
10459
10558
10460
10559
10461
10560
10462
10561
10463
10562
10464
10563
10465
10564
10466
10565
10467
10566
10468
10567
10469
10568
10470
10569
10471
10570
10472
10571
10473
10572
10474
10573
10475
10574
10476
10575
10477
10576
10478
10577
10479
10578
10480
10579
10481
10580
10482
10581
10483
10582
10484
10583
10485
10584
10486
10585
10487
10586
10488
10587
10489
10588
10490
10589
10491
10590
10492
10591
10493
10592
10494
10593
10495
10594
10496
10595
10497
10596
10498
10597
10499
10598
10599
17700
10501
10600
10502
10601
10503
10602
10504
10603
10505
10604
10506
10605
10507
10606
10508
10607
10509
10608
10510
10609
10511
10610
10512
10611
10513
10612
10514
10613
10515
10614
10516
10615
10517
10616
10518
10617
10519
10618
10520
10619
10521
10620
10522
10621
10523
10622
10524
10623
10525
10624
10526
10625
10527
10626
10528
10627
10529
10628
10530
10629
10531
10630
10532
10631
10533
10632
10534
10633
10535
10634
10536
10635
10537
10636
10538
10637
10539
10638
10540
10639
10541
10640
10542
10641
10543
10642
10544
10643
10545
10644
10546
10645
10547
10646
10548
10647
10549
10648
10550
10649
10551
10650
10552
10651
10553
10652
10554
10653
10555
10654
10556
10655
10557
10656
10558
10657
10559
10658
10560
10659
10561
10660
10562
10661
10563
10662
10564
10663
10565
10664
10566
10665
10567
10666
10568
10667
10569
10668
10570
10669
10571
10670
10572
10671
10573
10672
10574
10673
10575
10674
10576
10675
10577
10676
10578
10677
10579
10678
10580
10679
10581
10680
10582
10681
10583
10682
10584
10683
10585
10684
10586
10685
10587
10686
10588
10687
10589
10688
10590
10689
10591
10690
10592
10691
10593
10692
10594
10693
10595
10694
10596
10695
10597
10696
10598
10697
10599
10698
10699
17750
10601
10700
10602
10701
10603
10702
10604
10703
10605
10704
10606
10705
10607
10706
10608
10707
10609
10708
10610
10709
10611
10710
10612
10711
10613
10712
10614
10713
10615
10714
10616
10715
10617
10716
10618
10717
10619
10718
10620
10719
10621
10720
10622
10721
10623
10722
10624
10723
10625
10724
10626
10725
10627
10726
10628
10727
10629
10728
10630
10729
10631
10730
10632
10731
10633
10732
10634
10733
10635
10734
10636
10735
10637
10736
10638
10737
10639
10738
10640
10739
10641
10740
10642
10741
10643
10742
10644
10743
10645
10744
10646
10745
10647
10746
10648
10747
10649
10748
10650
10749
10651
10750
10652
10751
10653
10752
10654
10753
10655
10754
10656
10755
10657
10756
10658
10757
10659
10758
10660
10759
10661
10760
10662
10761
10663
10762
10664
10763
10665
10764
10666
10765
10667
10766
10668
10767
10669
10768
10670
10769
10671
10770
10672
10771
10673
10772
10674
10773
10675
10774
10676
10775
10677
10776
10678
10777
10679
10778
10680
10779
10681
10780
10682
10781
10683
10782
10684
10783
10685
10784
10686
10785
10687
10786
10688
10787
10689
10788
10690
10789
10691
10790
10692
10791
10693
10792
10694
10793
10695
10794
10696
10795
10697
10796
10698
10797
10699
10798
10799
17800
10701
10800
10702
10801
10703
10802
10704
10803
10705
10804
10706
10805
10707
10806
10708
10807
10709
10808
10710
10809
10711
10810
10712
10811
10713
10812
10714
10813
10715
10814
10716
10815
10717
10816
10718
10817
10719
10818
10720
10819
10721
10820
10722
10821
10723
10822
10724
10823
10725
10824
10726
10825
10727
10826
10728
10827
10729
10828
10730
10829
10731
10830
10732
10831
10733
10832
10734
10833
10735
10834
10736
10835
10737
10836
10738
10837
10739
10838
10740
10839
10741
10840
10742
10841
10743
10842
10744
10843
10745
10844
10746
10845
10747
10846
10748
10847
10749
10848
10750
10849
10751
10850
10752
10851
10753
10852
10754
10853
10755
10854
10756
10855
10757
10856
10758
10857
10759
10858
10760
10859
10761
10860
10762
10861
10763
10862
10764
10863
10765
10864
10766
10865
10767
10866
10768
10867
10769
10868
10770
10869
10771
10870
10772
10871
10773
10872
10774
10873
10775
10874
10776
10875
10777
10876
10778
10877
10779
10878
10780
10879
10781
10880
10782
10881
10783
10882
10784
10883
10785
10884
10786
10885
10787
10886
10788
10887
10789
10888
10790
10889
10791
10890
10792
10891
10793
10892
10794
10893
10795
10894
10796
10895
10797
10896
10798
10897
10799
10898
10899
17850
10801
10900
10802
10901
10803
10902
10804
10903
10805
10904
10806
10905
10807
10906
10808
10907
10809
10908
10810
10909
10811
10910
10812
10911
10813
10912
10814
10913
10815
10914
10816
10915
10817
10916
10818
10917
10819
10918
10820
10919
10821
10920
10822
10921
10823
10922
10824
10923
10825
10924
10826
10925
10827
10926
10828
10927
10829
10928
10830
10929
10831
10930
10832
10931
10833
10932
10834
10933
10835
10934
10836
10935
10837
10936
10838
10937
10839
10938
10840
10939
10841
10940
10842
10941
10843
10942
10844
10943
10845
10944
10846
10945
10847
10946
10848
10947
10849
10948
10850
10949
10851
10950
10852
10951
10853
10952
10854
10953
10855
10954
10856
10955
10857
10956
10858
10957
10859
10958
10860
10959
10861
10960
10862
10961
10863
10962
10864
10963
10865
10964
10866
10965
10867
10966
10868
10967
10869
10968
10870
10969
10871
10970
10872
10971
10873
10972
10874
10973
10875
10974
10876
10975
10877
10976
10878
10977
10879
10978
10880
10979
10881
10980
10882
10981
10883
10982
10884
10983
10885
10984
10886
10985
10887
10986
10888
10987
10889
10988
10890
10989
10891
10990
10892
10991
10893
10992
10894
10993
10895
10994
10896
10995
10897
10996
10898
10997
10899
10998
10999
17900
10901
11000
10902
11001
10903
11002
10904
11003
10905
11004
10906
11005
10907
11006
10908
11007
10909
11008
10910
11009
10911
11010
10912
11011
10913
11012
10914
11013
10915
11014
10916
11015
10917
11016
10918
11017
10919
11018
10920
11019
10921
11020
10922
11021
10923
11022
10924
11023
10925
11024
10926
11025
10927
11026
10928
11027
10929
11028
10930
11029
10931
11030
10932
11031
10933
11032
10934
11033
10935
11034
10936
11035
10937
11036
10938
11037
10939
11038
10940
11039
10941
11040
10942
11041
10943
11042
10944
11043
10945
11044
10946
11045
10947
11046
10948
11047
10949
11048
10950
11049
10951
11050
10952
11051
10953
11052
10954
11053
10955
11054
10956
11055
10957
11056
10958
11057
10959
11058
10960
11059
10961
11060
10962
11061
10963
11062
10964
11063
10965
11064
10966
11065
10967
11066
10968
11067
10969
11068
10970
11069
10971
11070
10972
11071
10973
11072
10974
11073
10975
11074
10976
11075
10977
11076
10978
11077
10979
11078
10980
11079
10981
11080
10982
11081
10983
11082
10984
11083
10985
11084
10986
11085
10987
11086
10988
11087
10989
11088
10990
11089
10991
11090
10992
11091
10993
11092
10994
11093
10995
11094
10996
11095
10997
11096
10998
11097
10999
11098
11099
17950
11001
11100
11002
11101
11003
11102
11004
11103
11005
11104
11006
11105
11007
11106
11008
11107
11009
11108
11010
11109
11011
11110
11012
11111
11013
11112
11014
11113
11015
11114
11016
11115
11017
11116
11018
11117
11019
11118
11020
11119
11021
11120
11022
11121
11023
11122
11024
11123
11025
11124
11026
11125
11027
11126
11028
11127
11029
11128
11030
11129
11031
11130
11032
11131
11033
11132
11034
11133
11035
11134
11036
11135
11037
11136
11038
11137
11039
11138
11040
11139
11041
11140
11042
11141
11043
11142
11044
11143
11045
11144
11046
11145
11047
11146
11048
11147
11049
11148
11050
11149
11051
11150
11052
11151
11053
11152
11054
11153
11055
11154
11056
11155
11057
11156
11058
11157
11059
11158
11060
11159
11061
11160
11062
11161
11063
11162
11064
11163
11065
11164
11066
11165
11067
11166
11068
11167
11069
11168
11070
11169
11071
11170
11072
11171
11073
11172
11074
11173
11075
11174
11076
11175
11077
11176
11078
11177
11079
11178
11080
11179
11081
11180
11082
11181
11083
11182
11084
11183
11085
11184
11086
11185
11087
11186
11088
11187
11089
11188
11090
11189
11091
11190
11092
11191
11093
11192
11094
11193
11095
11194
11096
11195
11097
11196
11098
11197
11099
11198
11199
18000
11101
11200
11102
11201
11103
11202
11104
11203
11105
11204
11106
11205
11107
11206
11108
11207
11109
11208
11110
11209
11111
11210
11112
11211
11113
11212
11114
11213
11115
11214
11116
11215
11117
11216
11118
11217
11119
11218
11120
11219
11121
11220
11122
11221
11123
11222
11124
11223
11125
11224
11126
11225
11127
11226
11128
11227
11129
11228
11130
11229
11131
11230
11132
11231
11133
11232
11134
11233
11135
11234
11136
11235
11137
11236
11138
11237
11139
11238
11140
11239
11141
11240
11142
11241
11143
11242
11144
11243
11145
11244
11146
11245
11147
11246
11148
11247
11149
11248
11150
11249
11151
11250
11152
11251
11153
11252
11154
11253
11155
11254
11156
11255
11157
11256
11158
11257
11159
11258
11160
11259
11161
11260
11162
11261
11163
11262
11164
11263
11165
11264
11166
11265
11167
11266
11168
11267
11169
11268
11170
11269
11171
11270
11172
11271
11173
11272
11174
11273
11175
11274
11176
11275
11177
11276
11178
11277
11179
11278
11180
11279
11181
11280
11182
11281
11183
11282
11184
11283
11185
11284
11186
11285
11187
11286
11188
11287
11189
11288
11190
11289
11191
11290
11192
11291
11193
11292
11194
11293
11195
11294
11196
11295
11197
11296
11198
11297
11199
11298
11299
18050
11201
11300
11202
11301
11203
11302
11204
11303
11205
11304
11206
11305
11207
11306
11208
11307
11209
11308
11210
11309
11211
11310
11212
11311
11213
11312
11214
11313
11215
11314
11216
11315
11217
11316
11218
11317
11219
11318
11220
11319
11221
11320
11222
11321
11223
11322
11224
11323
11225
11324
11226
11325
11227
11326
11228
11327
11229
11328
11230
11329
11231
11330
11232
11331
11233
11332
11234
11333
11235
11334
11236
11335
11237
11336
11238
11337
11239
11338
11240
11339
11241
11340
11242
11341
11243
11342
11244
11343
11245
11344
11246
11345
11247
11346
11248
11347
11249
11348
11250
11349
11251
11350
11252
11351
11253
11352
11254
11353
11255
11354
11256
11355
11257
11356
11258
11357
11259
11358
11260
11359
11261
11360
11262
11361
11263
11362
11264
11363
11265
11364
11266
11365
11267
11366
11268
11367
11269
11368
11270
11369
11271
11370
11272
11371
11273
11372
11274
11373
11275
11374
11276
11375
11277
11376
11278
11377
11279
11378
11280
11379
11281
11380
11282
11381
11283
11382
11284
11383
11285
11384
11286
11385
11287
11386
11288
11387
11289
11388
11290
11389
11291
11390
11292
11391
11293
11392
11294
11393
11295
11394
11296
11395
11297
11396
11298
11397
11299
11398
11399
18100
11301
11400
11302
11401
11303
11402
11304
11403
11305
11404
11306
11405
11307
11406
11308
11407
11309
11408
11310
11409
11311
11410
11312
11411
11313
11412
11314
11413
11315
11414
11316
11415
11317
11416
11318
11417
11319
11418
11320
11419
11321
11420
11322
11421
11323
11422
11324
11423
11325
11424
11326
11425
11327
11426
11328
11427
11329
11428
11330
11429
11331
11430
11332
11431
11333
11432
11334
11433
11335
11434
11336
11435
11337
11436
11338
11437
11339
11438
11340
11439
11341
11440
11342
11441
11343
11442
11344
11443
11345
11444
11346
11445
11347
11446
11348
11447
11349
11448
11350
11449
11351
11450
11352
11451
11353
11452
11354
11453
11355
11454
11356
11455
11357
11456
11358
11457
11359
11458
11360
11459
11361
11460
11362
11461
11363
11462
11364
11463
11365
11464
11366
11465
11367
11466
11368
11467
11369
11468
11370
11469
11371
11470
11372
11471
11373
11472
11374
11473
11375
11474
11376
11475
11377
11476
11378
11477
11379
11478
11380
11479
11381
11480
11382
11481
11383
11482
11384
11483
11385
11484
11386
11485
11387
11486
11388
11487
11389
11488
11390
11489
11391
11490
11392
11491
11393
11492
11394
11493
11395
11494
11396
11495
11397
11496
11398
11497
11399
11498
11499
18150
11401
11500
11402
11501
11403
11502
11404
11503
11405
11504
11406
11505
11407
11506
11408
11507
11409
11508
11410
11509
11411
11510
11412
11511
11413
11512
11414
11513
11415
11514
11416
11515
11417
11516
11418
11517
11419
11518
11420
11519
11421
11520
11422
11521
11423
11522
11424
11523
11425
11524
11426
11525
11427
11526
11428
11527
11429
11528
11430
11529
11431
11530
11432
11531
11433
11532
11434
11533
11435
11534
11436
11535
11437
11536
11438
11537
11439
11538
11440
11539
11441
11540
11442
11541
11443
11542
11444
11543
11445
11544
11446
11545
11447
11546
11448
11547
11449
11548
11450
11549
11451
11550
11452
11551
11453
11552
11454
11553
11455
11554
11456
11555
11457
11556
11458
11557
11459
11558
11460
11559
11461
11560
11462
11561
11463
11562
11464
11563
11465
11564
11466
11565
11467
11566
11468
11567
11469
11568
11470
11569
11471
11570
11472
11571
11473
11572
11474
11573
11475
11574
11476
11575
11477
11576
11478
11577
11479
11578
11480
11579
11481
11580
11482
11581
11483
11582
11484
11583
11485
11584
11486
11585
11487
11586
11488
11587
11489
11588
11490
11589
11491
11590
11492
11591
11493
11592
11494
11593
11495
11594
11496
11595
11497
11596
11498
11597
11499
11598
11599
18200
11501
11600
11502
11601
11503
11602
11504
11603
11505
11604
11506
11605
11507
11606
11508
11607
11509
11608
11510
11609
11511
11610
11512
11611
11513
11612
11514
11613
11515
11614
11516
11615
11517
11616
11518
11617
11519
11618
11520
11619
11521
11620
11522
11621
11523
11622
11524
11623
11525
11624
11526
11625
11527
11626
11528
11627
11529
11628
11530
11629
11531
11630
11532
11631
11533
11632
11534
11633
11535
11634
11536
11635
11537
11636
11538
11637
11539
11638
11540
11639
11541
11640
11542
11641
11543
11642
11544
11643
11545
11644
11546
11645
11547
11646
11548
11647
11549
11648
11550
11649
11551
11650
11552
11651
11553
11652
11554
11653
11555
11654
11556
11655
11557
11656
11558
11657
11559
11658
11560
11659
11561
11660
11562
11661
11563
11662
11564
11663
11565
11664
11566
11665
11567
11666
11568
11667
11569
11668
11570
11669
11571
11670
11572
11671
11573
11672
11574
11673
11575
11674
11576
11675
11577
11676
11578
11677
11579
11678
11580
11679
11581
11680
11582
11681
11583
11682
11584
11683
11585
11684
11586
11685
11587
11686
11588
11687
11589
11688
11590
11689
11591
11690
11592
11691
11593
11692
11594
11693
11595
11694
11596
11695
11597
11696
11598
11697
11599
11698
11699
18250
11601
11700
11602
11701
11603
11702
11604
11703
11605
11704
11606
11705
11607
11706
11608
11707
11609
11708
11610
11709
11611
11710
11612
11711
11613
11712
11614
11713
11615
11714
11616
11715
11617
11716
11618
11717
11619
11718
11620
11719
11621
11720
11622
11721
11623
11722
11624
11723
11625
11724
11626
11725
11627
11726
11628
11727
11629
11728
11630
11729
11631
11730
11632
11731
11633
11732
11634
11733
11635
11734
11636
11735
11637
11736
11638
11737
11639
11738
11640
11739
11641
11740
11642
11741
11643
11742
11644
11743
11645
11744
11646
11745
11647
11746
11648
11747
11649
11748
11650
11749
11651
11750
11652
11751
11653
11752
11654
11753
11655
11754
11656
11755
11657
11756
11658
11757
11659
11758
11660
11759
11661
11760
11662
11761
11663
11762
11664
11763
11665
11764
11666
11765
11667
11766
11668
11767
11669
11768
11670
11769
11671
11770
11672
11771
11673
11772
11674
11773
11675
11774
11676
11775
11677
11776
11678
11777
11679
11778
11680
11779
11681
11780
11682
11781
11683
11782
11684
11783
11685
11784
11686
11785
11687
11786
11688
11787
11689
11788
11690
11789
11691
11790
11692
11791
11693
11792
11694
11793
11695
11794
11696
11795
11697
11796
11698
11797
11699
11798
11799
18300
11701
11800
11702
11801
11703
11802
11704
11803
11705
11804
11706
11805
11707
11806
11708
11807
11709
11808
11710
11809
11711
11810
11712
11811
11713
11812
11714
11813
11715
11814
11716
11815
11717
11816
11718
11817
11719
11818
11720
11819
11721
11820
11722
11821
11723
11822
11724
11823
11725
11824
11726
11825
11727
11826
11728
11827
11729
11828
11730
11829
11731
11830
11732
11831
11733
11832
11734
11833
11735
11834
11736
11835
11737
11836
11738
11837
11739
11838
11740
11839
11741
11840
11742
11841
11743
11842
11744
11843
11745
11844
11746
11845
11747
11846
11748
11847
11749
11848
11750
11849
11751
11850
11752
11851
11753
11852
11754
11853
11755
11854
11756
11855
11757
11856
11758
11857
11759
11858
11760
11859
11761
11860
11762
11861
11763
11862
11764
11863
11765
11864
11766
11865
11767
11866
11768
11867
11769
11868
11770
11869
11771
11870
11772
11871
11773
11872
11774
11873
11775
11874
11776
11875
11777
11876
11778
11877
11779
11878
11780
11879
11781
11880
11782
11881
11783
11882
11784
11883
11785
11884
11786
11885
11787
11886
11788
11887
11789
11888
11790
11889
11791
11890
11792
11891
11793
11892
11794
11893
11795
11894
11796
11895
11797
11896
11798
11897
11799
11898
11899
18350
11801
11900
11802
11901
11803
11902
11804
11903
11805
11904
11806
11905
11807
11906
11808
11907
11809
11908
11810
11909
11811
11910
11812
11911
11813
11912
11814
11913
11815
11914
11816
11915
11817
11916
11818
11917
11819
11918
11820
11919
11821
11920
11822
11921
11823
11922
11824
11923
11825
11924
11826
11925
11827
11926
11828
11927
11829
11928
11830
11929
11831
11930
11832
11931
11833
11932
11834
11933
11835
11934
11836
11935
11837
11936
11838
11937
11839
11938
11840
11939
11841
11940
11842
11941
11843
11942
11844
11943
11845
11944
11846
11945
11847
11946
11848
11947
11849
11948
11850
11949
11851
11950
11852
11951
11853
11952
11854
11953
11855
11954
11856
11955
11857
11956
11858
11957
11859
11958
11860
11959
11861
11960
11862
11961
11863
11962
11864
11963
11865
11964
11866
11965
11867
11966
11868
11967
11869
11968
11870
11969
11871
11970
11872
11971
11873
11972
11874
11973
11875
11974
11876
11975
11877
11976
11878
11977
11879
11978
11880
11979
11881
11980
11882
11981
11883
11982
11884
11983
11885
11984
11886
11985
11887
11986
11888
11987
11889
11988
11890
11989
11891
11990
11892
11991
11893
11992
11894
11993
11895
11994
11896
11995
11897
11996
11898
11997
11899
11998
11999
18400
11901
12000
11902
12001
11903
12002
11904
12003
11905
12004
11906
12005
11907
12006
11908
12007
11909
12008
11910
12009
11911
12010
11912
12011
11913
12012
11914
12013
11915
12014
11916
12015
11917
12016
11918
12017
11919
12018
11920
12019
11921
12020
11922
12021
11923
12022
11924
12023
11925
12024
11926
12025
11927
12026
11928
12027
11929
12028
11930
12029
11931
12030
11932
12031
11933
12032
11934
12033
11935
12034
11936
12035
11937
12036
11938
12037
11939
12038
11940
12039
11941
12040
11942
12041
11943
12042
11944
12043
11945
12044
11946
12045
11947
12046
11948
12047
11949
12048
11950
12049
11951
12050
11952
12051
11953
12052
11954
12053
11955
12054
11956
12055
11957
12056
11958
12057
11959
12058
11960
12059
11961
12060
11962
12061
11963
12062
11964
12063
11965
12064
11966
12065
11967
12066
11968
12067
11969
12068
11970
12069
11971
12070
11972
12071
11973
12072
11974
12073
11975
12074
11976
12075
11977
12076
11978
12077
11979
12078
11980
12079
11981
12080
11982
12081
11983
12082
11984
12083
11985
12084
11986
12085
11987
12086
11988
12087
11989
12088
11990
12089
11991
12090
11992
12091
11993
12092
11994
12093
11995
12094
11996
12095
11997
12096
11998
12097
11999
12098
12099
18450
12001
12100
12002
12101
12003
12102
12004
12103
12005
12104
12006
12105
12007
12106
12008
12107
12009
12108
12010
12109
12011
12110
12012
12111
12013
12112
12014
12113
12015
12114
12016
12115
12017
12116
12018
12117
12019
12118
12020
12119
12021
12120
12022
12121
12023
12122
12024
12123
12025
12124
12026
12125
12027
12126
12028
12127
12029
12128
12030
12129
12031
12130
12032
12131
12033
12132
12034
12133
12035
12134
12036
12135
12037
12136
12038
12137
12039
12138
12040
12139
12041
12140
12042
12141
12043
12142
12044
12143
12045
12144
12046
12145
12047
12146
12048
12147
12049
12148
12050
12149
12051
12150
12052
12151
12053
12152
12054
12153
12055
12154
12056
12155
12057
12156
12058
12157
12059
12158
12060
12159
12061
12160
12062
12161
12063
12162
12064
12163
12065
12164
12066
12165
12067
12166
12068
12167
12069
12168
12070
12169
12071
12170
12072
12171
12073
12172
12074
12173
12075
12174
12076
12175
12077
12176
12078
12177
12079
12178
12080
12179
12081
12180
12082
12181
12083
12182
12084
12183
12085
12184
12086
12185
12087
12186
12088
12187
12089
12188
12090
12189
12091
12190
12092
12191
12093
12192
12094
12193
12095
12194
12096
12195
12097
12196
12098
12197
12099
12198
12199
18500
12101
12200
12102
12201
12103
12202
12104
12203
12105
12204
12106
12205
12107
12206
12108
12207
12109
12208
12110
12209
12111
12210
12112
12211
12113
12212
12114
12213
12115
12214
12116
12215
12117
12216
12118
12217
12119
12218
12120
12219
12121
12220
12122
12221
12123
12222
12124
12223
12125
12224
12126
12225
12127
12226
12128
12227
12129
12228
12130
12229
12131
12230
12132
12231
12133
12232
12134
12233
12135
12234
12136
12235
12137
12236
12138
12237
12139
12238
12140
12239
12141
12240
12142
12241
12143
12242
12144
12243
12145
12244
12146
12245
12147
12246
12148
12247
12149
12248
12150
12249
12151
12250
12152
12251
12153
12252
12154
12253
12155
12254
12156
12255
12157
12256
12158
12257
12159
12258
12160
12259
12161
12260
12162
12261
12163
12262
12164
12263
12165
12264
12166
12265
12167
12266
12168
12267
12169
12268
12170
12269
12171
12270
12172
12271
12173
12272
12174
12273
12175
12274
12176
12275
12177
12276
12178
12277
12179
12278
12180
12279
12181
12280
12182
12281
12183
12282
12184
12283
12185
12284
12186
12285
12187
12286
12188
12287
12189
12288
12190
12289
12191
12290
12192
12291
12193
12292
12194
12293
12195
12294
12196
12295
12197
12296
12198
12297
12199
12298
12299
18550
12201
12300
12202
12301
12203
12302
12204
12303
12205
12304
12206
12305
12207
12306
12208
12307
12209
12308
12210
12309
12211
12310
12212
12311
12213
12312
12214
12313
12215
12314
12216
12315
12217
12316
12218
12317
12219
12318
12220
12319
12221
12320
12222
12321
12223
12322
12224
12323
12225
12324
12226
12325
12227
12326
12228
12327
12229
12328
12230
12329
12231
12330
12232
12331
12233
12332
12234
12333
12235
12334
12236
12335
12237
12336
12238
12337
12239
12338
12240
12339
12241
12340
12242
12341
12243
12342
12244
12343
12245
12344
12246
12345
12247
12346
12248
12347
12249
12348
12250
12349
12251
12350
12252
12351
12253
12352
12254
12353
12255
12354
12256
12355
12257
12356
12258
12357
12259
12358
12260
12359
12261
12360
12262
12361
12263
12362
12264
12363
12265
12364
12266
12365
12267
12366
12268
12367
12269
12368
12270
12369
12271
12370
12272
12371
12273
12372
12274
12373
12275
12374
12276
12375
12277
12376
12278
12377
12279
12378
12280
12379
12281
12380
12282
12381
12283
12382
12284
12383
12285
12384
12286
12385
12287
12386
12288
12387
12289
12388
12290
12389
12291
12390
12292
12391
12293
12392
12294
12393
12295
12394
12296
12395
12297
12396
12298
12397
12299
12398
12399
18600
12301
12400
12302
12401
12303
12402
12304
12403
12305
12404
12306
12405
12307
12406
12308
12407
12309
12408
12310
12409
12311
12410
12312
12411
12313
12412
12314
12413
12315
12414
12316
12415
12317
12416
12318
12417
12319
12418
12320
12419
12321
12420
12322
12421
12323
12422
12324
12423
12325
12424
12326
12425
12327
12426
12328
12427
12329
12428
12330
12429
12331
12430
12332
12431
12333
12432
12334
12433
12335
12434
12336
12435
12337
12436
12338
12437
12339
12438
12340
12439
12341
12440
12342
12441
12343
12442
12344
12443
12345
12444
12346
12445
12347
12446
12348
12447
12349
12448
12350
12449
12351
12450
12352
12451
12353
12452
12354
12453
12355
12454
12356
12455
12357
12456
12358
12457
12359
12458
12360
12459
12361
12460
12362
12461
12363
12462
12364
12463
12365
12464
12366
12465
12367
12466
12368
12467
12369
12468
12370
12469
12371
12470
12372
12471
12373
12472
12374
12473
12375
12474
12376
12475
12377
12476
12378
12477
12379
12478
12380
12479
12381
12480
12382
12481
12383
12482
12384
12483
12385
12484
12386
12485
12387
12486
12388
12487
12389
12488
12390
12489
12391
12490
12392
12491
12393
12492
12394
12493
12395
12494
12396
12495
12397
12496
12398
12497
12399
12498
12499
18650
12401
12500
12402
12501
12403
12502
12404
12503
12405
12504
12406
12505
12407
12506
12408
12507
12409
12508
12410
12509
12411
12510
12412
12511
12413
12512
12414
12513
12415
12514
12416
12515
12417
12516
12418
12517
12419
12518
12420
12519
12421
12520
12422
12521
12423
12522
12424
12523
12425
12524
12426
12525
12427
12526
12428
12527
12429
12528
12430
12529
12431
12530
12432
12531
12433
12532
12434
12533
12435
12534
12436
12535
12437
12536
12438
12537
12439
12538
12440
12539
12441
12540
12442
12541
12443
12542
12444
12543
12445
12544
12446
12545
12447
12546
12448
12547
12449
12548
12450
12549
12451
12550
12452
12551
12453
12552
12454
12553
12455
12554
12456
12555
12457
12556
12458
12557
12459
12558
12460
12559
12461
12560
12462
12561
12463
12562
12464
12563
12465
12564
12466
12565
12467
12566
12468
12567
12469
12568
12470
12569
12471
12570
12472
12571
12473
12572
12474
12573
12475
12574
12476
12575
12477
12576
12478
12577
12479
12578
12480
12579
12481
12580
12482
12581
12483
12582
12484
12583
12485
12584
12486
12585
12487
12586
12488
12587
12489
12588
12490
12589
12491
12590
12492
12591
12493
12592
12494
12593
12495
12594
12496
12595
12497
12596
12498
12597
12499
12598
12599
18700
12501
12600
12502
12601
12503
12602
12504
12603
12505
12604
12506
12605
12507
12606
12508
12607
12509
12608
12510
12609
12511
12610
12512
12611
12513
12612
12514
12613
12515
12614
12516
12615
12517
12616
12518
12617
12519
12618
12520
12619
12521
12620
12522
12621
12523
12622
12524
12623
12525
12624
12526
12625
12527
12626
12528
12627
12529
12628
12530
12629
12531
12630
12532
12631
12533
12632
12534
12633
12535
12634
12536
12635
12537
12636
12538
12637
12539
12638
12540
12639
12541
12640
12542
12641
12543
12642
12544
12643
12545
12644
12546
12645
12547
12646
12548
12647
12549
12648
12550
12649
12551
12650
12552
12651
12553
12652
12554
12653
12555
12654
12556
12655
12557
12656
12558
12657
12559
12658
12560
12659
12561
12660
12562
12661
12563
12662
12564
12663
12565
12664
12566
12665
12567
12666
12568
12667
12569
12668
12570
12669
12571
12670
12572
12671
12573
12672
12574
12673
12575
12674
12576
12675
12577
12676
12578
12677
12579
12678
12580
12679
12581
12680
12582
12681
12583
12682
12584
12683
12585
12684
12586
12685
12587
12686
12588
12687
12589
12688
12590
12689
12591
12690
12592
12691
12593
12692
12594
12693
12595
12694
12596
12695
12597
12696
12598
12697
12599
12698
12699
18750
12601
12700
12602
12701
12603
12702
12604
12703
12605
12704
12606
12705
12607
12706
12608
12707
12609
12708
12610
12709
12611
12710
12612
12711
12613
12712
12614
12713
12615
12714
12616
12715
12617
12716
12618
12717
12619
12718
12620
12719
12621
12720
12622
12721
12623
12722
12624
12723
12625
12724
12626
12725
12627
12726
12628
12727
12629
12728
12630
12729
12631
12730
12632
12731
12633
12732
12634
12733
12635
12734
12636
12735
12637
12736
12638
12737
12639
12738
12640
12739
12641
12740
12642
12741
12643
12742
12644
12743
12645
12744
12646
12745
12647
12746
12648
12747
12649
12748
12650
12749
12651
12750
12652
12751
12653
12752
12654
12753
12655
12754
12656
12755
12657
12756
12658
12757
12659
12758
12660
12759
12661
12760
12662
12761
12663
12762
12664
12763
12665
12764
12666
12765
12667
12766
12668
12767
12669
12768
12670
12769
12671
12770
12672
12771
12673
12772
12674
12773
12675
12774
12676
12775
12677
12776
12678
12777
12679
12778
12680
12779
12681
12780
12682
12781
12683
12782
12684
12783
12685
12784
12686
12785
12687
12786
12688
12787
12689
12788
12690
12789
12691
12790
12692
12791
12693
12792
12694
12793
12695
12794
12696
12795
12697
12796
12698
12797
12699
12798
12799
18800
12701
12800
12702
12801
12703
12802
12704
12803
12705
12804
12706
12805
12707
12806
12708
12807
12709
12808
12710
12809
12711
12810
12712
12811
12713
12812
12714
12813
12715
12814
12716
12815
12717
12816
12718
12817
12719
12818
12720
12819
12721
12820
12722
12821
12723
12822
12724
12823
12725
12824
12726
12825
12727
12826
12728
12827
12729
12828
12730
12829
12731
12830
12732
12831
12733
12832
12734
12833
12735
12834
12736
12835
12737
12836
12738
12837
12739
12838
12740
12839
12741
12840
12742
12841
12743
12842
12744
12843
12745
12844
12746
12845
12747
12846
12748
12847
12749
12848
12750
12849
12751
12850
12752
12851
12753
12852
12754
12853
12755
12854
12756
12855
12757
12856
12758
12857
12759
12858
12760
12859
12761
12860
12762
12861
12763
12862
12764
12863
12765
12864
12766
12865
12767
12866
12768
12867
12769
12868
12770
12869
12771
12870
12772
12871
12773
12872
12774
12873
12775
12874
12776
12875
12777
12876
12778
12877
12779
12878
12780
12879
12781
12880
12782
12881
12783
12882
12784
12883
12785
12884
12786
12885
12787
12886
12788
12887
12789
12888
12790
12889
12791
12890
12792
12891
12793
12892
12794
12893
12795
12894
12796
12895
12797
12896
12798
12897
12799
12898
12899
18850
12801
12900
12802
12901
12803
12902
12804
12903
12805
12904
12806
12905
12807
12906
12808
12907
12809
12908
12810
12909
12811
12910
12812
12911
12813
12912
12814
12913
12815
12914
12816
12915
12817
12916
12818
12917
12819
12918
12820
12919
12821
12920
12822
12921
12823
12922
12824
12923
12825
12924
12826
12925
12827
12926
12828
12927
12829
12928
12830
12929
12831
12930
12832
12931
12833
12932
12834
12933
12835
12934
12836
12935
12837
12936
12838
12937
12839
12938
12840
12939
12841
12940
12842
12941
12843
12942
12844
12943
12845
12944
12846
12945
12847
12946
12848
12947
12849
12948
12850
12949
12851
12950
12852
12951
12853
12952
12854
12953
12855
12954
12856
12955
12857
12956
12858
12957
12859
12958
12860
12959
12861
12960
12862
12961
12863
12962
12864
12963
12865
12964
12866
12965
12867
12966
12868
12967
12869
12968
12870
12969
12871
12970
12872
12971
12873
12972
12874
12973
12875
12974
12876
12975
12877
12976
12878
12977
12879
12978
12880
12979
12881
12980
12882
12981
12883
12982
12884
12983
12885
12984
12886
12985
12887
12986
12888
12987
12889
12988
12890
12989
12891
12990
12892
12991
12893
12992
12894
12993
12895
12994
12896
12995
12897
12996
12898
12997
12899
12998
12999
18900
12901
13000
12902
13001
12903
13002
12904
13003
12905
13004
12906
13005
12907
13006
12908
13007
12909
13008
12910
13009
12911
13010
12912
13011
12913
13012
12914
13013
12915
13014
12916
13015
12917
13016
12918
13017
12919
13018
12920
13019
12921
13020
12922
13021
12923
13022
12924
13023
12925
13024
12926
13025
12927
13026
12928
13027
12929
13028
12930
13029
12931
13030
12932
13031
12933
13032
12934
13033
12935
13034
12936
13035
12937
13036
12938
13037
12939
13038
12940
13039
12941
13040
12942
13041
12943
13042
12944
13043
12945
13044
12946
13045
12947
13046
12948
13047
12949
13048
12950
13049
12951
13050
12952
13051
12953
13052
12954
13053
12955
13054
12956
13055
12957
13056
12958
13057
12959
13058
12960
13059
12961
13060
12962
13061
12963
13062
12964
13063
12965
13064
12966
13065
12967
13066
12968
13067
12969
13068
12970
13069
12971
13070
12972
13071
12973
13072
12974
13073
12975
13074
12976
13075
12977
13076
12978
13077
12979
13078
12980
13079
12981
13080
12982
13081
12983
13082
12984
13083
12985
13084
12986
13085
12987
13086
12988
13087
12989
13088
12990
13089
12991
13090
12992
13091
12993
13092
12994
13093
12995
13094
12996
13095
12997
13096
12998
13097
12999
13098
13099
18950
13001
13100
13002
13101
13003
13102
13004
13103
13005
13104
13006
13105
13007
13106
13008
13107
13009
13108
13010
13109
13011
13110
13012
13111
13013
13112
13014
13113
13015
13114
13016
13115
13017
13116
13018
13117
13019
13118
13020
13119
13021
13120
13022
13121
13023
13122
13024
13123
13025
13124
13026
13125
13027
13126
13028
13127
13029
13128
13030
13129
13031
13130
13032
13131
13033
13132
13034
13133
13035
13134
13036
13135
13037
13136
13038
13137
13039
13138
13040
13139
13041
13140
13042
13141
13043
13142
13044
13143
13045
13144
13046
13145
13047
13146
13048
13147
13049
13148
13050
13149
13051
13150
13052
13151
13053
13152
13054
13153
13055
13154
13056
13155
13057
13156
13058
13157
13059
13158
13060
13159
13061
13160
13062
13161
13063
13162
13064
13163
13065
13164
13066
13165
13067
13166
13068
13167
13069
13168
13070
13169
13071
13170
13072
13171
13073
13172
13074
13173
13075
13174
13076
13175
13077
13176
13078
13177
13079
13178
13080
13179
13081
13180
13082
13181
13083
13182
13084
13183
13085
13184
13086
13185
13087
13186
13088
13187
13089
13188
13090
13189
13091
13190
13092
13191
13093
13192
13094
13193
13095
13194
13096
13195
13097
13196
13098
13197
13099
13198
13199
19000
13101
13200
13102
13201
13103
13202
13104
13203
13105
13204
13106
13205
13107
13206
13108
13207
13109
13208
13110
13209
13111
13210
13112
13211
13113
13212
13114
13213
13115
13214
13116
13215
13117
13216
13118
13217
13119
13218
13120
13219
13121
13220
13122
13221
13123
13222
13124
13223
13125
13224
13126
13225
13127
13226
13128
13227
13129
13228
13130
13229
13131
13230
13132
13231
13133
13232
13134
13233
13135
13234
13136
13235
13137
13236
13138
13237
13139
13238
13140
13239
13141
13240
13142
13241
13143
13242
13144
13243
13145
13244
13146
13245
13147
13246
13148
13247
13149
13248
13150
13249
13151
13250
13152
13251
13153
13252
13154
13253
13155
13254
13156
13255
13157
13256
13158
13257
13159
13258
13160
13259
13161
13260
13162
13261
13163
13262
13164
13263
13165
13264
13166
13265
13167
13266
13168
13267
13169
13268
13170
13269
13171
13270
13172
13271
13173
13272
13174
13273
13175
13274
13176
13275
13177
13276
13178
13277
13179
13278
13180
13279
13181
13280
13182
13281
13183
13282
13184
13283
13185
13284
13186
13285
13187
13286
13188
13287
13189
13288
13190
13289
13191
13290
13192
13291
13193
13292
13194
13293
13195
13294
13196
13295
13197
13296
13198
13297
13199
13298
13299
19050
13201
13300
13202
13301
13203
13302
13204
13303
13205
13304
13206
13305
13207
13306
13208
13307
13209
13308
13210
13309
13211
13310
13212
13311
13213
13312
13214
13313
13215
13314
13216
13315
13217
13316
13218
13317
13219
13318
13220
13319
13221
13320
13222
13321
13223
13322
13224
13323
13225
13324
13226
13325
13227
13326
13228
13327
13229
13328
13230
13329
13231
13330
13232
13331
13233
13332
13234
13333
13235
13334
13236
13335
13237
13336
13238
13337
13239
13338
13240
13339
13241
13340
13242
13341
13243
13342
13244
13343
13245
13344
13246
13345
13247
13346
13248
13347
13249
13348
13250
13349
13251
13350
13252
13351
13253
13352
13254
13353
13255
13354
13256
13355
13257
13356
13258
13357
13259
13358
13260
13359
13261
13360
13262
13361
13263
13362
13264
13363
13265
13364
13266
13365
13267
13366
13268
13367
13269
13368
13270
13369
13271
13370
13272
13371
13273
13372
13274
13373
13275
13374
13276
13375
13277
13376
13278
13377
13279
13378
13280
13379
13281
13380
13282
13381
13283
13382
13284
13383
13285
13384
13286
13385
13287
13386
13288
13387
13289
13388
13290
13389
13291
13390
13292
13391
13293
13392
13294
13393
13295
13394
13296
13395
13297
13396
13298
13397
13299
13398
13399
19100
13301
13400
13302
13401
13303
13402
13304
13403
13305
13404
13306
13405
13307
13406
13308
13407
13309
13408
13310
13409
13311
13410
13312
13411
13313
13412
13314
13413
13315
13414
13316
13415
13317
13416
13318
13417
13319
13418
13320
13419
13321
13420
13322
13421
13323
13422
13324
13423
13325
13424
13326
13425
13327
13426
13328
13427
13329
13428
13330
13429
13331
13430
13332
13431
13333
13432
13334
13433
13335
13434
13336
13435
13337
13436
13338
13437
13339
13438
13340
13439
13341
13440
13342
13441
13343
13442
13344
13443
13345
13444
13346
13445
13347
13446
13348
13447
13349
13448
13350
13449
13351
13450
13352
13451
13353
13452
13354
13453
13355
13454
13356
13455
13357
13456
13358
13457
13359
13458
13360
13459
13361
13460
13362
13461
13363
13462
13364
13463
13365
13464
13366
13465
13367
13466
13368
13467
13369
13468
13370
13469
13371
13470
13372
13471
13373
13472
13374
13473
13375
13474
13376
13475
13377
13476
13378
13477
13379
13478
13380
13479
13381
13480
13382
13481
13383
13482
13384
13483
13385
13484
13386
13485
13387
13486
13388
13487
13389
13488
13390
13489
13391
13490
13392
13491
13393
13492
13394
13493
13395
13494
13396
13495
13397
13496
13398
13497
13399
13498
13499
19150
13401
13500
13402
13501
13403
13502
13404
13503
13405
13504
13406
13505
13407
13506
13408
13507
13409
13508
13410
13509
13411
13510
13412
13511
13413
13512
13414
13513
13415
13514
13416
13515
13417
13516
13418
13517
13419
13518
13420
13519
13421
13520
13422
13521
13423
13522
13424
13523
13425
13524
13426
13525
13427
13526
13428
13527
13429
13528
13430
13529
13431
13530
13432
13531
13433
13532
13434
13533
13435
13534
13436
13535
13437
13536
13438
13537
13439
13538
13440
13539
13441
13540
13442
13541
13443
13542
13444
13543
13445
13544
13446
13545
13447
13546
13448
13547
13449
13548
13450
13549
13451
13550
13452
13551
13453
13552
13454
13553
13455
13554
13456
13555
13457
13556
13458
13557
13459
13558
13460
13559
13461
13560
13462
13561
13463
13562
13464
13563
13465
13564
13466
13565
13467
13566
13468
13567
13469
13568
13470
13569
13471
13570
13472
13571
13473
13572
13474
13573
13475
13574
13476
13575
13477
13576
13478
13577
13479
13578
13480
13579
13481
13580
13482
13581
13483
13582
13484
13583
13485
13584
13486
13585
13487
13586
13488
13587
13489
13588
13490
13589
13491
13590
13492
13591
13493
13592
13494
13593
13495
13594
13496
13595
13497
13596
13498
13597
13499
13598
13599
19200
13501
13600
13502
13601
13503
13602
13504
13603
13505
13604
13506
13605
13507
13606
13508
13607
13509
13608
13510
13609
13511
13610
13512
13611
13513
13612
13514
13613
13515
13614
13516
13615
13517
13616
13518
13617
13519
13618
13520
13619
13521
13620
13522
13621
13523
13622
13524
13623
13525
13624
13526
13625
13527
13626
13528
13627
13529
13628
13530
13629
13531
13630
13532
13631
13533
13632
13534
13633
13535
13634
13536
13635
13537
13636
13538
13637
13539
13638
13540
13639
13541
13640
13542
13641
13543
13642
13544
13643
13545
13644
13546
13645
13547
13646
13548
13647
13549
13648
13550
13649
13551
13650
13552
13651
13553
13652
13554
13653
13555
13654
13556
13655
13557
13656
13558
13657
13559
13658
13560
13659
13561
13660
13562
13661
13563
13662
13564
13663
13565
13664
13566
13665
13567
13666
13568
13667
13569
13668
13570
13669
13571
13670
13572
13671
13573
13672
13574
13673
13575
13674
13576
13675
13577
13676
13578
13677
13579
13678
13580
13679
13581
13680
13582
13681
13583
13682
13584
13683
13585
13684
13586
13685
13587
13686
13588
13687
13589
13688
13590
13689
13591
13690
13592
13691
13593
13692
13594
13693
13595
13694
13596
13695
13597
13696
13598
13697
13599
13698
13699
19250
13601
13700
13602
13701
13603
13702
13604
13703
13605
13704
13606
13705
13607
13706
13608
13707
13609
13708
13610
13709
13611
13710
13612
13711
13613
13712
13614
13713
13615
13714
13616
13715
13617
13716
13618
13717
13619
13718
13620
13719
13621
13720
13622
13721
13623
13722
13624
13723
13625
13724
13626
13725
13627
13726
13628
13727
13629
13728
13630
13729
13631
13730
13632
13731
13633
13732
13634
13733
13635
13734
13636
13735
13637
13736
13638
13737
13639
13738
13640
13739
13641
13740
13642
13741
13643
13742
13644
13743
13645
13744
13646
13745
13647
13746
13648
13747
13649
13748
13650
13749
13651
13750
13652
13751
13653
13752
13654
13753
13655
13754
13656
13755
13657
13756
13658
13757
13659
13758
13660
13759
13661
13760
13662
13761
13663
13762
13664
13763
13665
13764
13666
13765
13667
13766
13668
13767
13669
13768
13670
13769
13671
13770
13672
13771
13673
13772
13674
13773
13675
13774
13676
13775
13677
13776
13678
13777
13679
13778
13680
13779
13681
13780
13682
13781
13683
13782
13684
13783
13685
13784
13686
13785
13687
13786
13688
13787
13689
13788
13690
13789
13691
13790
13692
13791
13693
13792
13694
13793
13695
13794
13696
13795
13697
13796
13698
13797
13699
13798
13799
19300
13701
13800
13702
13801
13703
13802
13704
13803
13705
13804
13706
13805
13707
13806
13708
13807
13709
13808
13710
13809
13711
13810
13712
13811
13713
13812
13714
13813
13715
13814
13716
13815
13717
13816
13718
13817
13719
13818
13720
13819
13721
13820
13722
13821
13723
13822
13724
13823
13725
13824
13726
13825
13727
13826
13728
13827
13729
13828
13730
13829
13731
13830
13732
13831
13733
13832
13734
13833
13735
13834
13736
13835
13737
13836
13738
13837
13739
13838
13740
13839
13741
13840
13742
13841
13743
13842
13744
13843
13745
13844
13746
13845
13747
13846
13748
13847
13749
13848
13750
13849
13751
13850
13752
13851
13753
13852
13754
13853
13755
13854
13756
13855
13757
13856
13758
13857
13759
13858
13760
13859
13761
13860
13762
13861
13763
13862
13764
13863
13765
13864
13766
13865
13767
13866
13768
13867
13769
13868
13770
13869
13771
13870
13772
13871
13773
13872
13774
13873
13775
13874
13776
13875
13777
13876
13778
13877
13779
13878
13780
13879
13781
13880
13782
13881
13783
13882
13784
13883
13785
13884
13786
13885
13787
13886
13788
13887
13789
13888
13790
13889
13791
13890
13792
13891
13793
13892
13794
13893
13795
13894
13796
13895
13797
13896
13798
13897
13799
13898
13899
19350
13801
13900
13802
13901
13803
13902
13804
13903
13805
13904
13806
13905
13807
13906
13808
13907
13809
13908
13810
13909
13811
13910
13812
13911
13813
13912
13814
13913
13815
13914
13816
13915
13817
13916
13818
13917
13819
13918
13820
13919
13821
13920
13822
13921
13823
13922
13824
13923
13825
13924
13826
13925
13827
13926
13828
13927
13829
13928
13830
13929
13831
13930
13832
13931
13833
13932
13834
13933
13835
13934
13836
13935
13837
13936
13838
13937
13839
13938
13840
13939
13841
13940
13842
13941
13843
13942
13844
13943
13845
13944
13846
13945
13847
13946
13848
13947
13849
13948
13850
13949
13851
13950
13852
13951
13853
13952
13854
13953
13855
13954
13856
13955
13857
13956
13858
13957
13859
13958
13860
13959
13861
13960
13862
13961
13863
13962
13864
13963
13865
13964
13866
13965
13867
13966
13868
13967
13869
13968
13870
13969
13871
13970
13872
13971
13873
13972
13874
13973
13875
13974
13876
13975
13877
13976
13878
13977
13879
13978
13880
13979
13881
13980
13882
13981
13883
13982
13884
13983
13885
13984
13886
13985
13887
13986
13888
13987
13889
13988
13890
13989
13891
13990
13892
13991
13893
13992
13894
13993
13895
13994
13896
13995
13897
13996
13898
13997
13899
13998
13999
19400
13901
14000
13902
14001
13903
14002
13904
14003
13905
14004
13906
14005
13907
14006
13908
14007
13909
14008
13910
14009
13911
14010
13912
14011
13913
14012
13914
14013
13915
14014
13916
14015
13917
14016
13918
14017
13919
14018
13920
14019
13921
14020
13922
14021
13923
14022
13924
14023
13925
14024
13926
14025
13927
14026
13928
14027
13929
14028
13930
14029
13931
14030
13932
14031
13933
14032
13934
14033
13935
14034
13936
14035
13937
14036
13938
14037
13939
14038
13940
14039
13941
14040
13942
14041
13943
14042
13944
14043
13945
14044
13946
14045
13947
14046
13948
14047
13949
14048
13950
14049
13951
14050
13952
14051
13953
14052
13954
14053
13955
14054
13956
14055
13957
14056
13958
14057
13959
14058
13960
14059
13961
14060
13962
14061
13963
14062
13964
14063
13965
14064
13966
14065
13967
14066
13968
14067
13969
14068
13970
14069
13971
14070
13972
14071
13973
14072
13974
14073
13975
14074
13976
14075
13977
14076
13978
14077
13979
14078
13980
14079
13981
14080
13982
14081
13983
14082
13984
14083
13985
14084
13986
14085
13987
14086
13988
14087
13989
14088
13990
14089
13991
14090
13992
14091
13993
14092
13994
14093
13995
14094
13996
14095
13997
14096
13998
14097
13999
14098
14099
19450
14001
14100
14002
14101
14003
14102
14004
14103
14005
14104
14006
14105
14007
14106
14008
14107
14009
14108
14010
14109
14011
14110
14012
14111
14013
14112
14014
14113
14015
14114
14016
14115
14017
14116
14018
14117
14019
14118
14020
14119
14021
14120
14022
14121
14023
14122
14024
14123
14025
14124
14026
14125
14027
14126
14028
14127
14029
14128
14030
14129
14031
14130
14032
14131
14033
14132
14034
14133
14035
14134
14036
14135
14037
14136
14038
14137
14039
14138
14040
14139
14041
14140
14042
14141
14043
14142
14044
14143
14045
14144
14046
14145
14047
14146
14048
14147
14049
14148
14050
14149
14051
14150
14052
14151
14053
14152
14054
14153
14055
14154
14056
14155
14057
14156
14058
14157
14059
14158
14060
14159
14061
14160
14062
14161
14063
14162
14064
14163
14065
14164
14066
14165
14067
14166
14068
14167
14069
14168
14070
14169
14071
14170
14072
14171
14073
14172
14074
14173
14075
14174
14076
14175
14077
14176
14078
14177
14079
14178
14080
14179
14081
14180
14082
14181
14083
14182
14084
14183
14085
14184
14086
14185
14087
14186
14088
14187
14089
14188
14090
14189
14091
14190
14092
14191
14093
14192
14094
14193
14095
14194
14096
14195
14097
14196
14098
14197
14099
14198
14199
19500
14101
14200
14102
14201
14103
14202
14104
14203
14105
14204
14106
14205
14107
14206
14108
14207
14109
14208
14110
14209
14111
14210
14112
14211
14113
14212
14114
14213
14115
14214
14116
14215
14117
14216
14118
14217
14119
14218
14120
14219
14121
14220
14122
14221
14123
14222
14124
14223
14125
14224
14126
14225
14127
14226
14128
14227
14129
14228
14130
14229
14131
14230
14132
14231
14133
14232
14134
14233
14135
14234
14136
14235
14137
14236
14138
14237
14139
14238
14140
14239
14141
14240
14142
14241
14143
14242
14144
14243
14145
14244
14146
14245
14147
14246
14148
14247
14149
14248
14150
14249
14151
14250
14152
14251
14153
14252
14154
14253
14155
14254
14156
14255
14157
14256
14158
14257
14159
14258
14160
14259
14161
14260
14162
14261
14163
14262
14164
14263
14165
14264
14166
14265
14167
14266
14168
14267
14169
14268
14170
14269
14171
14270
14172
14271
14173
14272
14174
14273
14175
14274
14176
14275
14177
14276
14178
14277
14179
14278
14180
14279
14181
14280
14182
14281
14183
14282
14184
14283
14185
14284
14186
14285
14187
14286
14188
14287
14189
14288
14190
14289
14191
14290
14192
14291
14193
14292
14194
14293
14195
14294
14196
14295
14197
14296
14198
14297
14199
14298
14299
19550
14201
14300
14202
14301
14203
14302
14204
14303
14205
14304
14206
14305
14207
14306
14208
14307
14209
14308
14210
14309
14211
14310
14212
14311
14213
14312
14214
14313
14215
14314
14216
14315
14217
14316
14218
14317
14219
14318
14220
14319
14221
14320
14222
14321
14223
14322
14224
14323
14225
14324
14226
14325
14227
14326
14228
14327
14229
14328
14230
14329
14231
14330
14232
14331
14233
14332
14234
14333
14235
14334
14236
14335
14237
14336
14238
14337
14239
14338
14240
14339
14241
14340
14242
14341
14243
14342
14244
14343
14245
14344
14246
14345
14247
14346
14248
14347
14249
14348
14250
14349
14251
14350
14252
14351
14253
14352
14254
14353
14255
14354
14256
14355
14257
14356
14258
14357
14259
14358
14260
14359
14261
14360
14262
14361
14263
14362
14264
14363
14265
14364
14266
14365
14267
14366
14268
14367
14269
14368
14270
14369
14271
14370
14272
14371
14273
14372
14274
14373
14275
14374
14276
14375
14277
14376
14278
14377
14279
14378
14280
14379
14281
14380
14282
14381
14283
14382
14284
14383
14285
14384
14286
14385
14287
14386
14288
14387
14289
14388
14290
14389
14291
14390
14292
14391
14293
14392
14294
14393
14295
14394
14296
14395
14297
14396
14298
14397
14299
14398
14399
19600
14301
14400
14302
14401
14303
14402
14304
14403
14305
14404
14306
14405
14307
14406
14308
14407
14309
14408
14310
14409
14311
14410
14312
14411
14313
14412
14314
14413
14315
14414
14316
14415
14317
14416
14318
14417
14319
14418
14320
14419
14321
14420
14322
14421
14323
14422
14324
14423
14325
14424
14326
14425
14327
14426
14328
14427
14329
14428
14330
14429
14331
14430
14332
14431
14333
14432
14334
14433
14335
14434
14336
14435
14337
14436
14338
14437
14339
14438
14340
14439
14341
14440
14342
14441
14343
14442
14344
14443
14345
14444
14346
14445
14347
14446
14348
14447
14349
14448
14350
14449
14351
14450
14352
14451
14353
14452
14354
14453
14355
14454
14356
14455
14357
14456
14358
14457
14359
14458
14360
14459
14361
14460
14362
14461
14363
14462
14364
14463
14365
14464
14366
14465
14367
14466
14368
14467
14369
14468
14370
14469
14371
14470
14372
14471
14373
14472
14374
14473
14375
14474
14376
14475
14377
14476
14378
14477
14379
14478
14380
14479
14381
14480
14382
14481
14383
14482
14384
14483
14385
14484
14386
14485
14387
14486
14388
14487
14389
14488
14390
14489
14391
14490
14392
14491
14393
14492
14394
14493
14395
14494
14396
14495
14397
14496
14398
14497
14399
14498
14499
19650
14401
14500
14402
14501
14403
14502
14404
14503
14405
14504
14406
14505
14407
14506
14408
14507
14409
14508
14410
14509
14411
14510
14412
14511
14413
14512
14414
14513
14415
14514
14416
14515
14417
14516
14418
14517
14419
14518
14420
14519
14421
14520
14422
14521
14423
14522
14424
14523
14425
14524
14426
14525
14427
14526
14428
14527
14429
14528
14430
14529
14431
14530
14432
14531
14433
14532
14434
14533
14435
14534
14436
14535
14437
14536
14438
14537
14439
14538
14440
14539
14441
14540
14442
14541
14443
14542
14444
14543
14445
14544
14446
14545
14447
14546
14448
14547
14449
14548
14450
14549
14451
14550
14452
14551
14453
14552
14454
14553
14455
14554
14456
14555
14457
14556
14458
14557
14459
14558
14460
14559
14461
14560
14462
14561
14463
14562
14464
14563
14465
14564
14466
14565
14467
14566
14468
14567
14469
14568
14470
14569
14471
14570
14472
14571
14473
14572
14474
14573
14475
14574
14476
14575
14477
14576
14478
14577
14479
14578
14480
14579
14481
14580
14482
14581
14483
14582
14484
14583
14485
14584
14486
14585
14487
14586
14488
14587
14489
14588
14490
14589
14491
14590
14492
14591
14493
14592
14494
14593
14495
14594
14496
14595
14497
14596
14498
14597
14499
14598
14599
19700
14501
14600
14502
14601
14503
14602
14504
14603
14505
14604
14506
14605
14507
14606
14508
14607
14509
14608
14510
14609
14511
14610
14512
14611
14513
14612
14514
14613
14515
14614
14516
14615
14517
14616
14518
14617
14519
14618
14520
14619
14521
14620
14522
14621
14523
14622
14524
14623
14525
14624
14526
14625
14527
14626
14528
14627
14529
14628
14530
14629
14531
14630
14532
14631
14533
14632
14534
14633
14535
14634
14536
14635
14537
14636
14538
14637
14539
14638
14540
14639
14541
14640
14542
14641
14543
14642
14544
14643
14545
14644
14546
14645
14547
14646
14548
14647
14549
14648
14550
14649
14551
14650
14552
14651
14553
14652
14554
14653
14555
14654
14556
14655
14557
14656
14558
14657
14559
14658
14560
14659
14561
14660
14562
14661
14563
14662
14564
14663
14565
14664
14566
14665
14567
14666
14568
14667
14569
14668
14570
14669
14571
14670
14572
14671
14573
14672
14574
14673
14575
14674
14576
14675
14577
14676
14578
14677
14579
14678
14580
14679
14581
14680
14582
14681
14583
14682
14584
14683
14585
14684
14586
14685
14587
14686
14588
14687
14589
14688
14590
14689
14591
14690
14592
14691
14593
14692
14594
14693
14595
14694
14596
14695
14597
14696
14598
14697
14599
14698
14699
19750
14601
14700
14602
14701
14603
14702
14604
14703
14605
14704
14606
14705
14607
14706
14608
14707
14609
14708
14610
14709
14611
14710
14612
14711
14613
14712
14614
14713
14615
14714
14616
14715
14617
14716
14618
14717
14619
14718
14620
14719
14621
14720
14622
14721
14623
14722
14624
14723
14625
14724
14626
14725
14627
14726
14628
14727
14629
14728
14630
14729
14631
14730
14632
14731
14633
14732
14634
14733
14635
14734
14636
14735
14637
14736
14638
14737
14639
14738
14640
14739
14641
14740
14642
14741
14643
14742
14644
14743
14645
14744
14646
14745
14647
14746
14648
14747
14649
14748
14650
14749
14651
14750
14652
14751
14653
14752
14654
14753
14655
14754
14656
14755
14657
14756
14658
14757
14659
14758
14660
14759
14661
14760
14662
14761
14663
14762
14664
14763
14665
14764
14666
14765
14667
14766
14668
14767
14669
14768
14670
14769
14671
14770
14672
14771
14673
14772
14674
14773
14675
14774
14676
14775
14677
14776
14678
14777
14679
14778
14680
14779
14681
14780
14682
14781
14683
14782
14684
14783
14685
14784
14686
14785
14687
14786
14688
14787
14689
14788
14690
14789
14691
14790
14692
14791
14693
14792
14694
14793
14695
14794
14696
14795
14697
14796
14698
14797
14699
14798
14799
19800
14701
14800
14702
14801
14703
14802
14704
14803
14705
14804
14706
14805
14707
14806
14708
14807
14709
14808
14710
14809
14711
14810
14712
14811
14713
14812
14714
14813
14715
14814
14716
14815
14717
14816
14718
14817
14719
14818
14720
14819
14721
14820
14722
14821
14723
14822
14724
14823
14725
14824
14726
14825
14727
14826
14728
14827
14729
14828
14730
14829
14731
14830
14732
14831
14733
14832
14734
14833
14735
14834
14736
14835
14737
14836
14738
14837
14739
14838
14740
14839
14741
14840
14742
14841
14743
14842
14744
14843
14745
14844
14746
14845
14747
14846
14748
14847
14749
14848
14750
14849
14751
14850
14752
14851
14753
14852
14754
14853
14755
14854
14756
14855
14757
14856
14758
14857
14759
14858
14760
14859
14761
14860
14762
14861
14763
14862
14764
14863
14765
14864
14766
14865
14767
14866
14768
14867
14769
14868
14770
14869
14771
14870
14772
14871
14773
14872
14774
14873
14775
14874
14776
14875
14777
14876
14778
14877
14779
14878
14780
14879
14781
14880
14782
14881
14783
14882
14784
14883
14785
14884
14786
14885
14787
14886
14788
14887
14789
14888
14790
14889
14791
14890
14792
14891
14793
14892
14794
14893
14795
14894
14796
14895
14797
14896
14798
14897
14799
14898
14899
19850
14801
14900
14802
14901
14803
14902
14804
14903
14805
14904
14806
14905
14807
14906
14808
14907
14809
14908
14810
14909
14811
14910
14812
14911
14813
14912
14814
14913
14815
14914
14816
14915
14817
14916
14818
14917
14819
14918
14820
14919
14821
14920
14822
14921
14823
14922
14824
14923
14825
14924
14826
14925
14827
14926
14828
14927
14829
14928
14830
14929
14831
14930
14832
14931
14833
14932
14834
14933
14835
14934
14836
14935
14837
14936
14838
14937
14839
14938
14840
14939
14841
14940
14842
14941
14843
14942
14844
14943
14845
14944
14846
14945
14847
14946
14848
14947
14849
14948
14850
14949
14851
14950
14852
14951
14853
14952
14854
14953
14855
14954
14856
14955
14857
14956
14858
14957
14859
14958
14860
14959
14861
14960
14862
14961
14863
14962
14864
14963
14865
14964
14866
14965
14867
14966
14868
14967
14869
14968
14870
14969
14871
14970
14872
14971
14873
14972
14874
14973
14875
14974
14876
14975
14877
14976
14878
14977
14879
14978
14880
14979
14881
14980
14882
14981
14883
14982
14884
14983
14885
14984
14886
14985
14887
14986
14888
14987
14889
14988
14890
14989
14891
14990
14892
14991
14893
14992
14894
14993
14895
14994
14896
14995
14897
14996
14898
14997
14899
14998
14999
19900
14901
14902
14903
14904
14905
14906
14907
14908
14909
14910
14911
14912
14913
14914
14915
14916
14917
14918
14919
14920
14921
14922
14923
14924
14925
14926
14927
14928
14929
14930
14931
14932
14933
14934
14935
14936
14937
14938
14939
14940
14941
14942
14943
14944
14945
14946
14947
14948
14949
14950
14951
14952
14953
14954
14955
14956
14957
14958
14959
14960
14961
14962
14963
14964
14965
14966
14967
14968
14969
14970
14971
14972
14973
14974
14975
14976
14977
14978
14979
14980
14981
14982
14983
14984
14985
14986
14987
14988
14989
14990
14991
14992
14993
14994
14995
14996
14997
14998
14999
19950
15001
15050
15002
15051
15003
15052
15004
15053
15005
15054
15006
15055
15007
15056
15008
15057
15009
15058
15010
15059
15011
15060
15012
15061
15013
15062
15014
15063
15015
15064
15016
15065
15017
15066
15018
15067
15019
15068
15020
15069
15021
15070
15022
15071
15023
15072
15024
15073
15025
15074
15026
15075
15027
15076
15028
15077
15029
15078
15030
15079
15031
15080
15032
15081
15033
15082
15034
15083
15035
15084
15036
15085
15037
15086
15038
15087
15039
15088
15040
15089
15041
15090
15042
15091
15043
15092
15044
15093
15045
15094
15046
15095
15047
15096
15048
15097
15049
15098
15099
15051
15100
15052
15101
15053
15102
15054
15103
15055
15104
15056
15105
15057
15106
15058
15107
15059
15108
15060
15109
15061
15110
15062
15111
15063
15112
15064
15113
15065
15114
15066
15115
15067
15116
15068
15117
15069
15118
15070
15119
15071
15120
15072
15121
15073
15122
15074
15123
15075
15124
15076
15125
15077
15126
15078
15127
15079
15128
15080
15129
15081
15130
15082
15131
15083
15132
15084
15133
15085
15134
15086
15135
15087
15136
15088
15137
15089
15138
15090
15139
15091
15140
15092
15141
15093
15142
15094
15143
15095
15144
15096
15145
15097
15146
15098
15147
15099
15148
15149
15101
15150
15102
15151
15103
15152
15104
15153
15105
15154
15106
15155
15107
15156
15108
15157
15109
15158
15110
15159
15111
15160
15112
15161
15113
15162
15114
15163
15115
15164
15116
15165
15117
15166
15118
15167
15119
15168
15120
15169
15121
15170
15122
15171
15123
15172
15124
15173
15125
15174
15126
15175
15127
15176
15128
15177
15129
15178
15130
15179
15131
15180
15132
15181
15133
15182
15134
15183
15135
15184
15136
15185
15137
15186
15138
15187
15139
15188
15140
15189
15141
15190
15142
15191
15143
15192
15144
15193
15145
15194
15146
15195
15147
15196
15148
15197
15149
15198
15199
15151
15200
15152
15201
15153
15202
15154
15203
15155
15204
15156
15205
15157
15206
15158
15207
15159
15208
15160
15209
15161
15210
15162
15211
15163
15212
15164
15213
15165
15214
15166
15215
15167
15216
15168
15217
15169
15218
15170
15219
15171
15220
15172
15221
15173
15222
15174
15223
15175
15224
15176
15225
15177
15226
15178
15227
15179
15228
15180
15229
15181
15230
15182
15231
15183
15232
15184
15233
15185
15234
15186
15235
15187
15236
15188
15237
15189
15238
15190
15239
15191
15240
15192
15241
15193
15242
15194
15243
15195
15244
15196
15245
15197
15246
15198
15247
15199
15248
15249
15201
15250
15202
15251
15203
15252
15204
15253
15205
15254
15206
15255
15207
15256
15208
15257
15209
15258
15210
15259
15211
15260
15212
15261
15213
15262
15214
15263
15215
15264
15216
15265
15217
15266
15218
15267
15219
15268
15220
15269
15221
15270
15222
15271
15223
15272
15224
15273
15225
15274
15226
15275
15227
15276
15228
15277
15229
15278
15230
15279
15231
15280
15232
15281
15233
15282
15234
15283
15235
15284
15236
15285
15237
15286
15238
15287
15239
15288
15240
15289
15241
15290
15242
15291
15243
15292
15244
15293
15245
15294
15246
15295
15247
15296
15248
15297
15249
15298
15299
15251
15300
15252
15301
15253
15302
15254
15303
15255
15304
15256
15305
15257
15306
15258
15307
15259
15308
15260
15309
15261
15310
15262
15311
15263
15312
15264
15313
15265
15314
15266
15315
15267
15316
15268
15317
15269
15318
15270
15319
15271
15320
15272
15321
15273
15322
15274
15323
15275
15324
15276
15325
15277
15326
15278
15327
15279
15328
15280
15329
15281
15330
15282
15331
15283
15332
15284
15333
15285
15334
15286
15335
15287
15336
15288
15337
15289
15338
15290
15339
15291
15340
15292
15341
15293
15342
15294
15343
15295
15344
15296
15345
15297
15346
15298
15347
15299
15348
15349
15301
15350
15302
15351
15303
15352
15304
15353
15305
15354
15306
15355
15307
15356
15308
15357
15309
15358
15310
15359
15311
15360
15312
15361
15313
15362
15314
15363
15315
15364
15316
15365
15317
15366
15318
15367
15319
15368
15320
15369
15321
15370
15322
15371
15323
15372
15324
15373
15325
15374
15326
15375
15327
15376
15328
15377
15329
15378
15330
15379
15331
15380
15332
15381
15333
15382
15334
15383
15335
15384
15336
15385
15337
15386
15338
15387
15339
15388
15340
15389
15341
15390
15342
15391
15343
15392
15344
15393
15345
15394
15346
15395
15347
15396
15348
15397
15349
15398
15399
15351
15400
15352
15401
15353
15402
15354
15403
15355
15404
15356
15405
15357
15406
15358
15407
15359
15408
15360
15409
15361
15410
15362
15411
15363
15412
15364
15413
15365
15414
15366
15415
15367
15416
15368
15417
15369
15418
15370
15419
15371
15420
15372
15421
15373
15422
15374
15423
15375
15424
15376
15425
15377
15426
15378
15427
15379
15428
15380
15429
15381
15430
15382
15431
15383
15432
15384
15433
15385
15434
15386
15435
15387
15436
15388
15437
15389
15438
15390
15439
15391
15440
15392
15441
15393
15442
15394
15443
15395
15444
15396
15445
15397
15446
15398
15447
15399
15448
15449
15401
15450
15402
15451
15403
15452
15404
15453
15405
15454
15406
15455
15407
15456
15408
15457
15409
15458
15410
15459
15411
15460
15412
15461
15413
15462
15414
15463
15415
15464
15416
15465
15417
15466
15418
15467
15419
15468
15420
15469
15421
15470
15422
15471
15423
15472
15424
15473
15425
15474
15426
15475
15427
15476
15428
15477
15429
15478
15430
15479
15431
15480
15432
15481
15433
15482
15434
15483
15435
15484
15436
15485
15437
15486
15438
15487
15439
15488
15440
15489
15441
15490
15442
15491
15443
15492
15444
15493
15445
15494
15446
15495
15447
15496
15448
15497
15449
15498
15499
15451
15500
15452
15501
15453
15502
15454
15503
15455
15504
15456
15505
15457
15506
15458
15507
15459
15508
15460
15509
15461
15510
15462
15511
15463
15512
15464
15513
15465
15514
15466
15515
15467
15516
15468
15517
15469
15518
15470
15519
15471
15520
15472
15521
15473
15522
15474
15523
15475
15524
15476
15525
15477
15526
15478
15527
15479
15528
15480
15529
15481
15530
15482
15531
15483
15532
15484
15533
15485
15534
15486
15535
15487
15536
15488
15537
15489
15538
15490
15539
15491
15540
15492
15541
15493
15542
15494
15543
15495
15544
15496
15545
15497
15546
15498
15547
15499
15548
15549
15501
15550
15502
15551
15503
15552
15504
15553
15505
15554
15506
15555
15507
15556
15508
15557
15509
15558
15510
15559
15511
15560
15512
15561
15513
15562
15514
15563
15515
15564
15516
15565
15517
15566
15518
15567
15519
15568
15520
15569
15521
15570
15522
15571
15523
15572
15524
15573
15525
15574
15526
15575
15527
15576
15528
15577
15529
15578
15530
15579
15531
15580
15532
15581
15533
15582
15534
15583
15535
15584
15536
15585
15537
15586
15538
15587
15539
15588
15540
15589
15541
15590
15542
15591
15543
15592
15544
15593
15545
15594
15546
15595
15547
15596
15548
15597
15549
15598
15599
15551
15600
15552
15601
15553
15602
15554
15603
15555
15604
15556
15605
15557
15606
15558
15607
15559
15608
15560
15609
15561
15610
15562
15611
15563
15612
15564
15613
15565
15614
15566
15615
15567
15616
15568
15617
15569
15618
15570
15619
15571
15620
15572
15621
15573
15622
15574
15623
15575
15624
15576
15625
15577
15626
15578
15627
15579
15628
15580
15629
15581
15630
15582
15631
15583
15632
15584
15633
15585
15634
15586
15635
15587
15636
15588
15637
15589
15638
15590
15639
15591
15640
15592
15641
15593
15642
15594
15643
15595
15644
15596
15645
15597
15646
15598
15647
15599
15648
15649
15601
15650
15602
15651
15603
15652
15604
15653
15605
15654
15606
15655
15607
15656
15608
15657
15609
15658
15610
15659
15611
15660
15612
15661
15613
15662
15614
15663
15615
15664
15616
15665
15617
15666
15618
15667
15619
15668
15620
15669
15621
15670
15622
15671
15623
15672
15624
15673
15625
15674
15626
15675
15627
15676
15628
15677
15629
15678
15630
15679
15631
15680
15632
15681
15633
15682
15634
15683
15635
15684
15636
15685
15637
15686
15638
15687
15639
15688
15640
15689
15641
15690
15642
15691
15643
15692
15644
15693
15645
15694
15646
15695
15647
15696
15648
15697
15649
15698
15699
15651
15700
15652
15701
15653
15702
15654
15703
15655
15704
15656
15705
15657
15706
15658
15707
15659
15708
15660
15709
15661
15710
15662
15711
15663
15712
15664
15713
15665
15714
15666
15715
15667
15716
15668
15717
15669
15718
15670
15719
15671
15720
15672
15721
15673
15722
15674
15723
15675
15724
15676
15725
15677
15726
15678
15727
15679
15728
15680
15729
15681
15730
15682
15731
15683
15732
15684
15733
15685
15734
15686
15735
15687
15736
15688
15737
15689
15738
15690
15739
15691
15740
15692
15741
15693
15742
15694
15743
15695
15744
15696
15745
15697
15746
15698
15747
15699
15748
15749
15701
15750
15702
15751
15703
15752
15704
15753
15705
15754
15706
15755
15707
15756
15708
15757
15709
15758
15710
15759
15711
15760
15712
15761
15713
15762
15714
15763
15715
15764
15716
15765
15717
15766
15718
15767
15719
15768
15720
15769
15721
15770
15722
15771
15723
15772
15724
15773
15725
15774
15726
15775
15727
15776
15728
15777
15729
15778
15730
15779
15731
15780
15732
15781
15733
15782
15734
15783
15735
15784
15736
15785
15737
15786
15738
15787
15739
15788
15740
15789
15741
15790
15742
15791
15743
15792
15744
15793
15745
15794
15746
15795
15747
15796
15748
15797
15749
15798
15799
15751
15800
15752
15801
15753
15802
15754
15803
15755
15804
15756
15805
15757
15806
15758
15807
15759
15808
15760
15809
15761
15810
15762
15811
15763
15812
15764
15813
15765
15814
15766
15815
15767
15816
15768
15817
15769
15818
15770
15819
15771
15820
15772
15821
15773
15822
15774
15823
15775
15824
15776
15825
15777
15826
15778
15827
15779
15828
15780
15829
15781
15830
15782
15831
15783
15832
15784
15833
15785
15834
15786
15835
15787
15836
15788
15837
15789
15838
15790
15839
15791
15840
15792
15841
15793
15842
15794
15843
15795
15844
15796
15845
15797
15846
15798
15847
15799
15848
15849
15801
15850
15802
15851
15803
15852
15804
15853
15805
15854
15806
15855
15807
15856
15808
15857
15809
15858
15810
15859
15811
15860
15812
15861
15813
15862
15814
15863
15815
15864
15816
15865
15817
15866
15818
15867
15819
15868
15820
15869
15821
15870
15822
15871
15823
15872
15824
15873
15825
15874
15826
15875
15827
15876
15828
15877
15829
15878
15830
15879
15831
15880
15832
15881
15833
15882
15834
15883
15835
15884
15836
15885
15837
15886
15838
15887
15839
15888
15840
15889
15841
15890
15842
15891
15843
15892
15844
15893
15845
15894
15846
15895
15847
15896
15848
15897
15849
15898
15899
15851
15900
15852
15901
15853
15902
15854
15903
15855
15904
15856
15905
15857
15906
15858
15907
15859
15908
15860
15909
15861
15910
15862
15911
15863
15912
15864
15913
15865
15914
15866
15915
15867
15916
15868
15917
15869
15918
15870
15919
15871
15920
15872
15921
15873
15922
15874
15923
15875
15924
15876
15925
15877
15926
15878
15927
15879
15928
15880
15929
15881
15930
15882
15931
15883
15932
15884
15933
15885
15934
15886
15935
15887
15936
15888
15937
15889
15938
15890
15939
15891
15940
15892
15941
15893
15942
15894
15943
15895
15944
15896
15945
15897
15946
15898
15947
15899
15948
15949
15901
15950
15902
15951
15903
15952
15904
15953
15905
15954
15906
15955
15907
15956
15908
15957
15909
15958
15910
15959
15911
15960
15912
15961
15913
15962
15914
15963
15915
15964
15916
15965
15917
15966
15918
15967
15919
15968
15920
15969
15921
15970
15922
15971
15923
15972
15924
15973
15925
15974
15926
15975
15927
15976
15928
15977
15929
15978
15930
15979
15931
15980
15932
15981
15933
15982
15934
15983
15935
15984
15936
15985
15937
15986
15938
15987
15939
15988
15940
15989
15941
15990
15942
15991
15943
15992
15944
15993
15945
15994
15946
15995
15947
15996
15948
15997
15949
15998
15999
15951
16000
15952
16001
15953
16002
15954
16003
15955
16004
15956
16005
15957
16006
15958
16007
15959
16008
15960
16009
15961
16010
15962
16011
15963
16012
15964
16013
15965
16014
15966
16015
15967
16016
15968
16017
15969
16018
15970
16019
15971
16020
15972
16021
15973
16022
15974
16023
15975
16024
15976
16025
15977
16026
15978
16027
15979
16028
15980
16029
15981
16030
15982
16031
15983
16032
15984
16033
15985
16034
15986
16035
15987
16036
15988
16037
15989
16038
15990
16039
15991
16040
15992
16041
15993
16042
15994
16043
15995
16044
15996
16045
15997
16046
15998
16047
15999
16048
16049
16001
16050
16002
16051
16003
16052
16004
16053
16005
16054
16006
16055
16007
16056
16008
16057
16009
16058
16010
16059
16011
16060
16012
16061
16013
16062
16014
16063
16015
16064
16016
16065
16017
16066
16018
16067
16019
16068
16020
16069
16021
16070
16022
16071
16023
16072
16024
16073
16025
16074
16026
16075
16027
16076
16028
16077
16029
16078
16030
16079
16031
16080
16032
16081
16033
16082
16034
16083
16035
16084
16036
16085
16037
16086
16038
16087
16039
16088
16040
16089
16041
16090
16042
16091
16043
16092
16044
16093
16045
16094
16046
16095
16047
16096
16048
16097
16049
16098
16099
16051
16100
16052
16101
16053
16102
16054
16103
16055
16104
16056
16105
16057
16106
16058
16107
16059
16108
16060
16109
16061
16110
16062
16111
16063
16112
16064
16113
16065
16114
16066
16115
16067
16116
16068
16117
16069
16118
16070
16119
16071
16120
16072
16121
16073
16122
16074
16123
16075
16124
16076
16125
16077
16126
16078
16127
16079
16128
16080
16129
16081
16130
16082
16131
16083
16132
16084
16133
16085
16134
16086
16135
16087
16136
16088
16137
16089
16138
16090
16139
16091
16140
16092
16141
16093
16142
16094
16143
16095
16144
16096
16145
16097
16146
16098
16147
16099
16148
16149
16101
16150
16102
16151
16103
16152
16104
16153
16105
16154
16106
16155
16107
16156
16108
16157
16109
16158
16110
16159
16111
16160
16112
16161
16113
16162
16114
16163
16115
16164
16116
16165
16117
16166
16118
16167
16119
16168
16120
16169
16121
16170
16122
16171
16123
16172
16124
16173
16125
16174
16126
16175
16127
16176
16128
16177
16129
16178
16130
16179
16131
16180
16132
16181
16133
16182
16134
16183
16135
16184
16136
16185
16137
16186
16138
16187
16139
16188
16140
16189
16141
16190
16142
16191
16143
16192
16144
16193
16145
16194
16146
16195
16147
16196
16148
16197
16149
16198
16199
16151
16200
16152
16201
16153
16202
16154
16203
16155
16204
16156
16205
16157
16206
16158
16207
16159
16208
16160
16209
16161
16210
16162
16211
16163
16212
16164
16213
16165
16214
16166
16215
16167
16216
16168
16217
16169
16218
16170
16219
16171
16220
16172
16221
16173
16222
16174
16223
16175
16224
16176
16225
16177
16226
16178
16227
16179
16228
16180
16229
16181
16230
16182
16231
16183
16232
16184
16233
16185
16234
16186
16235
16187
16236
16188
16237
16189
16238
16190
16239
16191
16240
16192
16241
16193
16242
16194
16243
16195
16244
16196
16245
16197
16246
16198
16247
16199
16248
16249
16201
16250
16202
16251
16203
16252
16204
16253
16205
16254
16206
16255
16207
16256
16208
16257
16209
16258
16210
16259
16211
16260
16212
16261
16213
16262
16214
16263
16215
16264
16216
16265
16217
16266
16218
16267
16219
16268
16220
16269
16221
16270
16222
16271
16223
16272
16224
16273
16225
16274
16226
16275
16227
16276
16228
16277
16229
16278
16230
16279
16231
16280
16232
16281
16233
16282
16234
16283
16235
16284
16236
16285
16237
16286
16238
16287
16239
16288
16240
16289
16241
16290
16242
16291
16243
16292
16244
16293
16245
16294
16246
16295
16247
16296
16248
16297
16249
16298
16299
16251
16300
16252
16301
16253
16302
16254
16303
16255
16304
16256
16305
16257
16306
16258
16307
16259
16308
16260
16309
16261
16310
16262
16311
16263
16312
16264
16313
16265
16314
16266
16315
16267
16316
16268
16317
16269
16318
16270
16319
16271
16320
16272
16321
16273
16322
16274
16323
16275
16324
16276
16325
16277
16326
16278
16327
16279
16328
16280
16329
16281
16330
16282
16331
16283
16332
16284
16333
16285
16334
16286
16335
16287
16336
16288
16337
16289
16338
16290
16339
16291
16340
16292
16341
16293
16342
16294
16343
16295
16344
16296
16345
16297
16346
16298
16347
16299
16348
16349
16301
16350
16302
16351
16303
16352
16304
16353
16305
16354
16306
16355
16307
16356
16308
16357
16309
16358
16310
16359
16311
16360
16312
16361
16313
16362
16314
16363
16315
16364
16316
16365
16317
16366
16318
16367
16319
16368
16320
16369
16321
16370
16322
16371
16323
16372
16324
16373
16325
16374
16326
16375
16327
16376
16328
16377
16329
16378
16330
16379
16331
16380
16332
16381
16333
16382
16334
16383
16335
16384
16336
16385
16337
16386
16338
16387
16339
16388
16340
16389
16341
16390
16342
16391
16343
16392
16344
16393
16345
16394
16346
16395
16347
16396
16348
16397
16349
16398
16399
16351
16400
16352
16401
16353
16402
16354
16403
16355
16404
16356
16405
16357
16406
16358
16407
16359
16408
16360
16409
16361
16410
16362
16411
16363
16412
16364
16413
16365
16414
16366
16415
16367
16416
16368
16417
16369
16418
16370
16419
16371
16420
16372
16421
16373
16422
16374
16423
16375
16424
16376
16425
16377
16426
16378
16427
16379
16428
16380
16429
16381
16430
16382
16431
16383
16432
16384
16433
16385
16434
16386
16435
16387
16436
16388
16437
16389
16438
16390
16439
16391
16440
16392
16441
16393
16442
16394
16443
16395
16444
16396
16445
16397
16446
16398
16447
16399
16448
16449
16401
16450
16402
16451
16403
16452
16404
16453
16405
16454
16406
16455
16407
16456
16408
16457
16409
16458
16410
16459
16411
16460
16412
16461
16413
16462
16414
16463
16415
16464
16416
16465
16417
16466
16418
16467
16419
16468
16420
16469
16421
16470
16422
16471
16423
16472
16424
16473
16425
16474
16426
16475
16427
16476
16428
16477
16429
16478
16430
16479
16431
16480
16432
16481
16433
16482
16434
16483
16435
16484
16436
16485
16437
16486
16438
16487
16439
16488
16440
16489
16441
16490
16442
16491
16443
16492
16444
16493
16445
16494
16446
16495
16447
16496
16448
16497
16449
16498
16499
16451
16500
16452
16501
16453
16502
16454
16503
16455
16504
16456
16505
16457
16506
16458
16507
16459
16508
16460
16509
16461
16510
16462
16511
16463
16512
16464
16513
16465
16514
16466
16515
16467
16516
16468
16517
16469
16518
16470
16519
16471
16520
16472
16521
16473
16522
16474
16523
16475
16524
16476
16525
16477
16526
16478
16527
16479
16528
16480
16529
16481
16530
16482
16531
16483
16532
16484
16533
16485
16534
16486
16535
16487
16536
16488
16537
16489
16538
16490
16539
16491
16540
16492
16541
16493
16542
16494
16543
16495
16544
16496
16545
16497
16546
16498
16547
16499
16548
16549
16501
16550
16502
16551
16503
16552
16504
16553
16505
16554
16506
16555
16507
16556
16508
16557
16509
16558
16510
16559
16511
16560
16512
16561
16513
16562
16514
16563
16515
16564
16516
16565
16517
16566
16518
16567
16519
16568
16520
16569
16521
16570
16522
16571
16523
16572
16524
16573
16525
16574
16526
16575
16527
16576
16528
16577
16529
16578
16530
16579
16531
16580
16532
16581
16533
16582
16534
16583
16535
16584
16536
16585
16537
16586
16538
16587
16539
16588
16540
16589
16541
16590
16542
16591
16543
16592
16544
16593
16545
16594
16546
16595
16547
16596
16548
16597
16549
16598
16599
16551
16600
16552
16601
16553
16602
16554
16603
16555
16604
16556
16605
16557
16606
16558
16607
16559
16608
16560
16609
16561
16610
16562
16611
16563
16612
16564
16613
16565
16614
16566
16615
16567
16616
16568
16617
16569
16618
16570
16619
16571
16620
16572
16621
16573
16622
16574
16623
16575
16624
16576
16625
16577
16626
16578
16627
16579
16628
16580
16629
16581
16630
16582
16631
16583
16632
16584
16633
16585
16634
16586
16635
16587
16636
16588
16637
16589
16638
16590
16639
16591
16640
16592
16641
16593
16642
16594
16643
16595
16644
16596
16645
16597
16646
16598
16647
16599
16648
16649
16601
16650
16602
16651
16603
16652
16604
16653
16605
16654
16606
16655
16607
16656
16608
16657
16609
16658
16610
16659
16611
16660
16612
16661
16613
16662
16614
16663
16615
16664
16616
16665
16617
16666
16618
16667
16619
16668
16620
16669
16621
16670
16622
16671
16623
16672
16624
16673
16625
16674
16626
16675
16627
16676
16628
16677
16629
16678
16630
16679
16631
16680
16632
16681
16633
16682
16634
16683
16635
16684
16636
16685
16637
16686
16638
16687
16639
16688
16640
16689
16641
16690
16642
16691
16643
16692
16644
16693
16645
16694
16646
16695
16647
16696
16648
16697
16649
16698
16699
16651
16700
16652
16701
16653
16702
16654
16703
16655
16704
16656
16705
16657
16706
16658
16707
16659
16708
16660
16709
16661
16710
16662
16711
16663
16712
16664
16713
16665
16714
16666
16715
16667
16716
16668
16717
16669
16718
16670
16719
16671
16720
16672
16721
16673
16722
16674
16723
16675
16724
16676
16725
16677
16726
16678
16727
16679
16728
16680
16729
16681
16730
16682
16731
16683
16732
16684
16733
16685
16734
16686
16735
16687
16736
16688
16737
16689
16738
16690
16739
16691
16740
16692
16741
16693
16742
16694
16743
16695
16744
16696
16745
16697
16746
16698
16747
16699
16748
16749
16701
16750
16702
16751
16703
16752
16704
16753
16705
16754
16706
16755
16707
16756
16708
16757
16709
16758
16710
16759
16711
16760
16712
16761
16713
16762
16714
16763
16715
16764
16716
16765
16717
16766
16718
16767
16719
16768
16720
16769
16721
16770
16722
16771
16723
16772
16724
16773
16725
16774
16726
16775
16727
16776
16728
16777
16729
16778
16730
16779
16731
16780
16732
16781
16733
16782
16734
16783
16735
16784
16736
16785
16737
16786
16738
16787
16739
16788
16740
16789
16741
16790
16742
16791
16743
16792
16744
16793
16745
16794
16746
16795
16747
16796
16748
16797
16749
16798
16799
16751
16800
16752
16801
16753
16802
16754
16803
16755
16804
16756
16805
16757
16806
16758
16807
16759
16808
16760
16809
16761
16810
16762
16811
16763
16812
16764
16813
16765
16814
16766
16815
16767
16816
16768
16817
16769
16818
16770
16819
16771
16820
16772
16821
16773
16822
16774
16823
16775
16824
16776
16825
16777
16826
16778
16827
16779
16828
16780
16829
16781
16830
16782
16831
16783
16832
16784
16833
16785
16834
16786
16835
16787
16836
16788
16837
16789
16838
16790
16839
16791
16840
16792
16841
16793
16842
16794
16843
16795
16844
16796
16845
16797
16846
16798
16847
16799
16848
16849
16801
16850
16802
16851
16803
16852
16804
16853
16805
16854
16806
16855
16807
16856
16808
16857
16809
16858
16810
16859
16811
16860
16812
16861
16813
16862
16814
16863
16815
16864
16816
16865
16817
16866
16818
16867
16819
16868
16820
16869
16821
16870
16822
16871
16823
16872
16824
16873
16825
16874
16826
16875
16827
16876
16828
16877
16829
16878
16830
16879
16831
16880
16832
16881
16833
16882
16834
16883
16835
16884
16836
16885
16837
16886
16838
16887
16839
16888
16840
16889
16841
16890
16842
16891
16843
16892
16844
16893
16845
16894
16846
16895
16847
16896
16848
16897
16849
16898
16899
16851
16900
16852
16901
16853
16902
16854
16903
16855
16904
16856
16905
16857
16906
16858
16907
16859
16908
16860
16909
16861
16910
16862
16911
16863
16912
16864
16913
16865
16914
16866
16915
16867
16916
16868
16917
16869
16918
16870
16919
16871
16920
16872
16921
16873
16922
16874
16923
16875
16924
16876
16925
16877
16926
16878
16927
16879
16928
16880
16929
16881
16930
16882
16931
16883
16932
16884
16933
16885
16934
16886
16935
16887
16936
16888
16937
16889
16938
16890
16939
16891
16940
16892
16941
16893
16942
16894
16943
16895
16944
16896
16945
16897
16946
16898
16947
16899
16948
16949
16901
16950
16902
16951
16903
16952
16904
16953
16905
16954
16906
16955
16907
16956
16908
16957
16909
16958
16910
16959
16911
16960
16912
16961
16913
16962
16914
16963
16915
16964
16916
16965
16917
16966
16918
16967
16919
16968
16920
16969
16921
16970
16922
16971
16923
16972
16924
16973
16925
16974
16926
16975
16927
16976
16928
16977
16929
16978
16930
16979
16931
16980
16932
16981
16933
16982
16934
16983
16935
16984
16936
16985
16937
16986
16938
16987
16939
16988
16940
16989
16941
16990
16942
16991
16943
16992
16944
16993
16945
16994
16946
16995
16947
16996
16948
16997
16949
16998
16999
16951
17000
16952
17001
16953
17002
16954
17003
16955
17004
16956
17005
16957
17006
16958
17007
16959
17008
16960
17009
16961
17010
16962
17011
16963
17012
16964
17013
16965
17014
16966
17015
16967
17016
16968
17017
16969
17018
16970
17019
16971
17020
16972
17021
16973
17022
16974
17023
16975
17024
16976
17025
16977
17026
16978
17027
16979
17028
16980
17029
16981
17030
16982
17031
16983
17032
16984
17033
16985
17034
16986
17035
16987
17036
16988
17037
16989
17038
16990
17039
16991
17040
16992
17041
16993
17042
16994
17043
16995
17044
16996
17045
16997
17046
16998
17047
16999
17048
17049
17001
17050
17002
17051
17003
17052
17004
17053
17005
17054
17006
17055
17007
17056
17008
17057
17009
17058
17010
17059
17011
17060
17012
17061
17013
17062
17014
17063
17015
17064
17016
17065
17017
17066
17018
17067
17019
17068
17020
17069
17021
17070
17022
17071
17023
17072
17024
17073
17025
17074
17026
17075
17027
17076
17028
17077
17029
17078
17030
17079
17031
17080
17032
17081
17033
17082
17034
17083
17035
17084
17036
17085
17037
17086
17038
17087
17039
17088
17040
17089
17041
17090
17042
17091
17043
17092
17044
17093
17045
17094
17046
17095
17047
17096
17048
17097
17049
17098
17099
17051
17100
17052
17101
17053
17102
17054
17103
17055
17104
17056
17105
17057
17106
17058
17107
17059
17108
17060
17109
17061
17110
17062
17111
17063
17112
17064
17113
17065
17114
17066
17115
17067
17116
17068
17117
17069
17118
17070
17119
17071
17120
17072
17121
17073
17122
17074
17123
17075
17124
17076
17125
17077
17126
17078
17127
17079
17128
17080
17129
17081
17130
17082
17131
17083
17132
17084
17133
17085
17134
17086
17135
17087
17136
17088
17137
17089
17138
17090
17139
17091
17140
17092
17141
17093
17142
17094
17143
17095
17144
17096
17145
17097
17146
17098
17147
17099
17148
17149
17101
17150
17102
17151
17103
17152
17104
17153
17105
17154
17106
17155
17107
17156
17108
17157
17109
17158
17110
17159
17111
17160
17112
17161
17113
17162
17114
17163
17115
17164
17116
17165
17117
17166
17118
17167
17119
17168
17120
17169
17121
17170
17122
17171
17123
17172
17124
17173
17125
17174
17126
17175
17127
17176
17128
17177
17129
17178
17130
17179
17131
17180
17132
17181
17133
17182
17134
17183
17135
17184
17136
17185
17137
17186
17138
17187
17139
17188
17140
17189
17141
17190
17142
17191
17143
17192
17144
17193
17145
17194
17146
17195
17147
17196
17148
17197
17149
17198
17199
17151
17200
17152
17201
17153
17202
17154
17203
17155
17204
17156
17205
17157
17206
17158
17207
17159
17208
17160
17209
17161
17210
17162
17211
17163
17212
17164
17213
17165
17214
17166
17215
17167
17216
17168
17217
17169
17218
17170
17219
17171
17220
17172
17221
17173
17222
17174
17223
17175
17224
17176
17225
17177
17226
17178
17227
17179
17228
17180
17229
17181
17230
17182
17231
17183
17232
17184
17233
17185
17234
17186
17235
17187
17236
17188
17237
17189
17238
17190
17239
17191
17240
17192
17241
17193
17242
17194
17243
17195
17244
17196
17245
17197
17246
17198
17247
17199
17248
17249
17201
17250
17202
17251
17203
17252
17204
17253
17205
17254
17206
17255
17207
17256
17208
17257
17209
17258
17210
17259
17211
17260
17212
17261
17213
17262
17214
17263
17215
17264
17216
17265
17217
17266
17218
17267
17219
17268
17220
17269
17221
17270
17222
17271
17223
17272
17224
17273
17225
17274
17226
17275
17227
17276
17228
17277
17229
17278
17230
17279
17231
17280
17232
17281
17233
17282
17234
17283
17235
17284
17236
17285
17237
17286
17238
17287
17239
17288
17240
17289
17241
17290
17242
17291
17243
17292
17244
17293
17245
17294
17246
17295
17247
17296
17248
17297
17249
17298
17299
17251
17300
17252
17301
17253
17302
17254
17303
17255
17304
17256
17305
17257
17306
17258
17307
17259
17308
17260
17309
17261
17310
17262
17311
17263
17312
17264
17313
17265
17314
17266
17315
17267
17316
17268
17317
17269
17318
17270
17319
17271
17320
17272
17321
17273
17322
17274
17323
17275
17324
17276
17325
17277
17326
17278
17327
17279
17328
17280
17329
17281
17330
17282
17331
17283
17332
17284
17333
17285
17334
17286
17335
17287
17336
17288
17337
17289
17338
17290
17339
17291
17340
17292
17341
17293
17342
17294
17343
17295
17344
17296
17345
17297
17346
17298
17347
17299
17348
17349
17301
17350
17302
17351
17303
17352
17304
17353
17305
17354
17306
17355
17307
17356
17308
17357
17309
17358
17310
17359
17311
17360
17312
17361
17313
17362
17314
17363
17315
17364
17316
17365
17317
17366
17318
17367
17319
17368
17320
17369
17321
17370
17322
17371
17323
17372
17324
17373
17325
17374
17326
17375
17327
17376
17328
17377
17329
17378
17330
17379
17331
17380
17332
17381
17333
17382
17334
17383
17335
17384
17336
17385
17337
17386
17338
17387
17339
17388
17340
17389
17341
17390
17342
17391
17343
17392
17344
17393
17345
17394
17346
17395
17347
17396
17348
17397
17349
17398
17399
17351
17400
17352
17401
17353
17402
17354
17403
17355
17404
17356
17405
17357
17406
17358
17407
17359
17408
17360
17409
17361
17410
17362
17411
17363
17412
17364
17413
17365
17414
17366
17415
17367
17416
17368
17417
17369
17418
17370
17419
17371
17420
17372
17421
17373
17422
17374
17423
17375
17424
17376
17425
17377
17426
17378
17427
17379
17428
17380
17429
17381
17430
17382
17431
17383
17432
17384
17433
17385
17434
17386
17435
17387
17436
17388
17437
17389
17438
17390
17439
17391
17440
17392
17441
17393
17442
17394
17443
17395
17444
17396
17445
17397
17446
17398
17447
17399
17448
17449
17401
17450
17402
17451
17403
17452
17404
17453
17405
17454
17406
17455
17407
17456
17408
17457
17409
17458
17410
17459
17411
17460
17412
17461
17413
17462
17414
17463
17415
17464
17416
17465
17417
17466
17418
17467
17419
17468
17420
17469
17421
17470
17422
17471
17423
17472
17424
17473
17425
17474
17426
17475
17427
17476
17428
17477
17429
17478
17430
17479
17431
17480
17432
17481
17433
17482
17434
17483
17435
17484
17436
17485
17437
17486
17438
17487
17439
17488
17440
17489
17441
17490
17442
17491
17443
17492
17444
17493
17445
17494
17446
17495
17447
17496
17448
17497
17449
17498
17499
17451
17500
17452
17501
17453
17502
17454
17503
17455
17504
17456
17505
17457
17506
17458
17507
17459
17508
17460
17509
17461
17510
17462
17511
17463
17512
17464
17513
17465
17514
17466
17515
17467
17516
17468
17517
17469
17518
17470
17519
17471
17520
17472
17521
17473
17522
17474
17523
17475
17524
17476
17525
17477
17526
17478
17527
17479
17528
17480
17529
17481
17530
17482
17531
17483
17532
17484
17533
17485
17534
17486
17535
17487
17536
17488
17537
17489
17538
17490
17539
17491
17540
17492
17541
17493
17542
17494
17543
17495
17544
17496
17545
17497
17546
17498
17547
17499
17548
17549
17501
17550
17502
17551
17503
17552
17504
17553
17505
17554
17506
17555
17507
17556
17508
17557
17509
17558
17510
17559
17511
17560
17512
17561
17513
17562
17514
17563
17515
17564
17516
17565
17517
17566
17518
17567
17519
17568
17520
17569
17521
17570
17522
17571
17523
17572
17524
17573
17525
17574
17526
17575
17527
17576
17528
17577
17529
17578
17530
17579
17531
17580
17532
17581
17533
17582
17534
17583
17535
17584
17536
17585
17537
17586
17538
17587
17539
17588
17540
17589
17541
17590
17542
17591
17543
17592
17544
17593
17545
17594
17546
17595
17547
17596
17548
17597
17549
17598
17599
17551
17600
17552
17601
17553
17602
17554
17603
17555
17604
17556
17605
17557
17606
17558
17607
17559
17608
17560
17609
17561
17610
17562
17611
17563
17612
17564
17613
17565
17614
17566
17615
17567
17616
17568
17617
17569
17618
17570
17619
17571
17620
17572
17621
17573
17622
17574
17623
17575
17624
17576
17625
17577
17626
17578
17627
17579
17628
17580
17629
17581
17630
17582
17631
17583
17632
17584
17633
17585
17634
17586
17635
17587
17636
17588
17637
17589
17638
17590
17639
17591
17640
17592
17641
17593
17642
17594
17643
17595
17644
17596
17645
17597
17646
17598
17647
17599
17648
17649
17601
17650
17602
17651
17603
17652
17604
17653
17605
17654
17606
17655
17607
17656
17608
17657
17609
17658
17610
17659
17611
17660
17612
17661
17613
17662
17614
17663
17615
17664
17616
17665
17617
17666
17618
17667
17619
17668
17620
17669
17621
17670
17622
17671
17623
17672
17624
17673
17625
17674
17626
17675
17627
17676
17628
17677
17629
17678
17630
17679
17631
17680
17632
17681
17633
17682
17634
17683
17635
17684
17636
17685
17637
17686
17638
17687
17639
17688
17640
17689
17641
17690
17642
17691
17643
17692
17644
17693
17645
17694
17646
17695
17647
17696
17648
17697
17649
17698
17699
17651
17700
17652
17701
17653
17702
17654
17703
17655
17704
17656
17705
17657
17706
17658
17707
17659
17708
17660
17709
17661
17710
17662
17711
17663
17712
17664
17713
17665
17714
17666
17715
17667
17716
17668
17717
17669
17718
17670
17719
17671
17720
17672
17721
17673
17722
17674
17723
17675
17724
17676
17725
17677
17726
17678
17727
17679
17728
17680
17729
17681
17730
17682
17731
17683
17732
17684
17733
17685
17734
17686
17735
17687
17736
17688
17737
17689
17738
17690
17739
17691
17740
17692
17741
17693
17742
17694
17743
17695
17744
17696
17745
17697
17746
17698
17747
17699
17748
17749
17701
17750
17702
17751
17703
17752
17704
17753
17705
17754
17706
17755
17707
17756
17708
17757
17709
17758
17710
17759
17711
17760
17712
17761
17713
17762
17714
17763
17715
17764
17716
17765
17717
17766
17718
17767
17719
17768
17720
17769
17721
17770
17722
17771
17723
17772
17724
17773
17725
17774
17726
17775
17727
17776
17728
17777
17729
17778
17730
17779
17731
17780
17732
17781
17733
17782
17734
17783
17735
17784
17736
17785
17737
17786
17738
17787
17739
17788
17740
17789
17741
17790
17742
17791
17743
17792
17744
17793
17745
17794
17746
17795
17747
17796
17748
17797
17749
17798
17799
17751
17800
17752
17801
17753
17802
17754
17803
17755
17804
17756
17805
17757
17806
17758
17807
17759
17808
17760
17809
17761
17810
17762
17811
17763
17812
17764
17813
17765
17814
17766
17815
17767
17816
17768
17817
17769
17818
17770
17819
17771
17820
17772
17821
17773
17822
17774
17823
17775
17824
17776
17825
17777
17826
17778
17827
17779
17828
17780
17829
17781
17830
17782
17831
17783
17832
17784
17833
17785
17834
17786
17835
17787
17836
17788
17837
17789
17838
17790
17839
17791
17840
17792
17841
17793
17842
17794
17843
17795
17844
17796
17845
17797
17846
17798
17847
17799
17848
17849
17801
17850
17802
17851
17803
17852
17804
17853
17805
17854
17806
17855
17807
17856
17808
17857
17809
17858
17810
17859
17811
17860
17812
17861
17813
17862
17814
17863
17815
17864
17816
17865
17817
17866
17818
17867
17819
17868
17820
17869
17821
17870
17822
17871
17823
17872
17824
17873
17825
17874
17826
17875
17827
17876
17828
17877
17829
17878
17830
17879
17831
17880
17832
17881
17833
17882
17834
17883
17835
17884
17836
17885
17837
17886
17838
17887
17839
17888
17840
17889
17841
17890
17842
17891
17843
17892
17844
17893
17845
17894
17846
17895
17847
17896
17848
17897
17849
17898
17899
17851
17900
17852
17901
17853
17902
17854
17903
17855
17904
17856
17905
17857
17906
17858
17907
17859
17908
17860
17909
17861
17910
17862
17911
17863
17912
17864
17913
17865
17914
17866
17915
17867
17916
17868
17917
17869
17918
17870
17919
17871
17920
17872
17921
17873
17922
17874
17923
17875
17924
17876
17925
17877
17926
17878
17927
17879
17928
17880
17929
17881
17930
17882
17931
17883
17932
17884
17933
17885
17934
17886
17935
17887
17936
17888
17937
17889
17938
17890
17939
17891
17940
17892
17941
17893
17942
17894
17943
17895
17944
17896
17945
17897
17946
17898
17947
17899
17948
17949
17901
17950
17902
17951
17903
17952
17904
17953
17905
17954
17906
17955
17907
17956
17908
17957
17909
17958
17910
17959
17911
17960
17912
17961
17913
17962
17914
17963
17915
17964
17916
17965
17917
17966
17918
17967
17919
17968
17920
17969
17921
17970
17922
17971
17923
17972
17924
17973
17925
17974
17926
17975
17927
17976
17928
17977
17929
17978
17930
17979
17931
17980
17932
17981
17933
17982
17934
17983
17935
17984
17936
17985
17937
17986
17938
17987
17939
17988
17940
17989
17941
17990
17942
17991
17943
17992
17944
17993
17945
17994
17946
17995
17947
17996
17948
17997
17949
17998
17999
17951
18000
17952
18001
17953
18002
17954
18003
17955
18004
17956
18005
17957
18006
17958
18007
17959
18008
17960
18009
17961
18010
17962
18011
17963
18012
17964
18013
17965
18014
17966
18015
17967
18016
17968
18017
17969
18018
17970
18019
17971
18020
17972
18021
17973
18022
17974
18023
17975
18024
17976
18025
17977
18026
17978
18027
17979
18028
17980
18029
17981
18030
17982
18031
17983
18032
17984
18033
17985
18034
17986
18035
17987
18036
17988
18037
17989
18038
17990
18039
17991
18040
17992
18041
17993
18042
17994
18043
17995
18044
17996
18045
17997
18046
17998
18047
17999
18048
18049
18001
18050
18002
18051
18003
18052
18004
18053
18005
18054
18006
18055
18007
18056
18008
18057
18009
18058
18010
18059
18011
18060
18012
18061
18013
18062
18014
18063
18015
18064
18016
18065
18017
18066
18018
18067
18019
18068
18020
18069
18021
18070
18022
18071
18023
18072
18024
18073
18025
18074
18026
18075
18027
18076
18028
18077
18029
18078
18030
18079
18031
18080
18032
18081
18033
18082
18034
18083
18035
18084
18036
18085
18037
18086
18038
18087
18039
18088
18040
18089
18041
18090
18042
18091
18043
18092
18044
18093
18045
18094
18046
18095
18047
18096
18048
18097
18049
18098
18099
18051
18100
18052
18101
18053
18102
18054
18103
18055
18104
18056
18105
18057
18106
18058
18107
18059
18108
18060
18109
18061
18110
18062
18111
18063
18112
18064
18113
18065
18114
18066
18115
18067
18116
18068
18117
18069
18118
18070
18119
18071
18120
18072
18121
18073
18122
18074
18123
18075
18124
18076
18125
18077
18126
18078
18127
18079
18128
18080
18129
18081
18130
18082
18131
18083
18132
18084
18133
18085
18134
18086
18135
18087
18136
18088
18137
18089
18138
18090
18139
18091
18140
18092
18141
18093
18142
18094
18143
18095
18144
18096
18145
18097
18146
18098
18147
18099
18148
18149
18101
18150
18102
18151
18103
18152
18104
18153
18105
18154
18106
18155
18107
18156
18108
18157
18109
18158
18110
18159
18111
18160
18112
18161
18113
18162
18114
18163
18115
18164
18116
18165
18117
18166
18118
18167
18119
18168
18120
18169
18121
18170
18122
18171
18123
18172
18124
18173
18125
18174
18126
18175
18127
18176
18128
18177
18129
18178
18130
18179
18131
18180
18132
18181
18133
18182
18134
18183
18135
18184
18136
18185
18137
18186
18138
18187
18139
18188
18140
18189
18141
18190
18142
18191
18143
18192
18144
18193
18145
18194
18146
18195
18147
18196
18148
18197
18149
18198
18199
18151
18200
18152
18201
18153
18202
18154
18203
18155
18204
18156
18205
18157
18206
18158
18207
18159
18208
18160
18209
18161
18210
18162
18211
18163
18212
18164
18213
18165
18214
18166
18215
18167
18216
18168
18217
18169
18218
18170
18219
18171
18220
18172
18221
18173
18222
18174
18223
18175
18224
18176
18225
18177
18226
18178
18227
18179
18228
18180
18229
18181
18230
18182
18231
18183
18232
18184
18233
18185
18234
18186
18235
18187
18236
18188
18237
18189
18238
18190
18239
18191
18240
18192
18241
18193
18242
18194
18243
18195
18244
18196
18245
18197
18246
18198
18247
18199
18248
18249
18201
18250
18202
18251
18203
18252
18204
18253
18205
18254
18206
18255
18207
18256
18208
18257
18209
18258
18210
18259
18211
18260
18212
18261
18213
18262
18214
18263
18215
18264
18216
18265
18217
18266
18218
18267
18219
18268
18220
18269
18221
18270
18222
18271
18223
18272
18224
18273
18225
18274
18226
18275
18227
18276
18228
18277
18229
18278
18230
18279
18231
18280
18232
18281
18233
18282
18234
18283
18235
18284
18236
18285
18237
18286
18238
18287
18239
18288
18240
18289
18241
18290
18242
18291
18243
18292
18244
18293
18245
18294
18246
18295
18247
18296
18248
18297
18249
18298
18299
18251
18300
18252
18301
18253
18302
18254
18303
18255
18304
18256
18305
18257
18306
18258
18307
18259
18308
18260
18309
18261
18310
18262
18311
18263
18312
18264
18313
18265
18314
18266
18315
18267
18316
18268
18317
18269
18318
18270
18319
18271
18320
18272
18321
18273
18322
18274
18323
18275
18324
18276
18325
18277
18326
18278
18327
18279
18328
18280
18329
18281
18330
18282
18331
18283
18332
18284
18333
18285
18334
18286
18335
18287
18336
18288
18337
18289
18338
18290
18339
18291
18340
18292
18341
18293
18342
18294
18343
18295
18344
18296
18345
18297
18346
18298
18347
18299
18348
18349
18301
18350
18302
18351
18303
18352
18304
18353
18305
18354
18306
18355
18307
18356
18308
18357
18309
18358
18310
18359
18311
18360
18312
18361
18313
18362
18314
18363
18315
18364
18316
18365
18317
18366
18318
18367
18319
18368
18320
18369
18321
18370
18322
18371
18323
18372
18324
18373
18325
18374
18326
18375
18327
18376
18328
18377
18329
18378
18330
18379
18331
18380
18332
18381
18333
18382
18334
18383
18335
18384
18336
18385
18337
18386
18338
18387
18339
18388
18340
18389
18341
18390
18342
18391
18343
18392
18344
18393
18345
18394
18346
18395
18347
18396
18348
18397
18349
18398
18399
18351
18400
18352
18401
18353
18402
18354
18403
18355
18404
18356
18405
18357
18406
18358
18407
18359
18408
18360
18409
18361
18410
18362
18411
18363
18412
18364
18413
18365
18414
18366
18415
18367
18416
18368
18417
18369
18418
18370
18419
18371
18420
18372
18421
18373
18422
18374
18423
18375
18424
18376
18425
18377
18426
18378
18427
18379
18428
18380
18429
18381
18430
18382
18431
18383
18432
18384
18433
18385
18434
18386
18435
18387
18436
18388
18437
18389
18438
18390
18439
18391
18440
18392
18441
18393
18442
18394
18443
18395
18444
18396
18445
18397
18446
18398
18447
18399
18448
18449
18401
18450
18402
18451
18403
18452
18404
18453
18405
18454
18406
18455
18407
18456
18408
18457
18409
18458
18410
18459
18411
18460
18412
18461
18413
18462
18414
18463
18415
18464
18416
18465
18417
18466
18418
18467
18419
18468
18420
18469
18421
18470
18422
18471
18423
18472
18424
18473
18425
18474
18426
18475
18427
18476
18428
18477
18429
18478
18430
18479
18431
18480
18432
18481
18433
18482
18434
18483
18435
18484
18436
18485
18437
18486
18438
18487
18439
18488
18440
18489
18441
18490
18442
18491
18443
18492
18444
18493
18445
18494
18446
18495
18447
18496
18448
18497
18449
18498
18499
18451
18500
18452
18501
18453
18502
18454
18503
18455
18504
18456
18505
18457
18506
18458
18507
18459
18508
18460
18509
18461
18510
18462
18511
18463
18512
18464
18513
18465
18514
18466
18515
18467
18516
18468
18517
18469
18518
18470
18519
18471
18520
18472
18521
18473
18522
18474
18523
18475
18524
18476
18525
18477
18526
18478
18527
18479
18528
18480
18529
18481
18530
18482
18531
18483
18532
18484
18533
18485
18534
18486
18535
18487
18536
18488
18537
18489
18538
18490
18539
18491
18540
18492
18541
18493
18542
18494
18543
18495
18544
18496
18545
18497
18546
18498
18547
18499
18548
18549
18501
18550
18502
18551
18503
18552
18504
18553
18505
18554
18506
18555
18507
18556
18508
18557
18509
18558
18510
18559
18511
18560
18512
18561
18513
18562
18514
18563
18515
18564
18516
18565
18517
18566
18518
18567
18519
18568
18520
18569
18521
18570
18522
18571
18523
18572
18524
18573
18525
18574
18526
18575
18527
18576
18528
18577
18529
18578
18530
18579
18531
18580
18532
18581
18533
18582
18534
18583
18535
18584
18536
18585
18537
18586
18538
18587
18539
18588
18540
18589
18541
18590
18542
18591
18543
18592
18544
18593
18545
18594
18546
18595
18547
18596
18548
18597
18549
18598
18599
18551
18600
18552
18601
18553
18602
18554
18603
18555
18604
18556
18605
18557
18606
18558
18607
18559
18608
18560
18609
18561
18610
18562
18611
18563
18612
18564
18613
18565
18614
18566
18615
18567
18616
18568
18617
18569
18618
18570
18619
18571
18620
18572
18621
18573
18622
18574
18623
18575
18624
18576
18625
18577
18626
18578
18627
18579
18628
18580
18629
18581
18630
18582
18631
18583
18632
18584
18633
18585
18634
18586
18635
18587
18636
18588
18637
18589
18638
18590
18639
18591
18640
18592
18641
18593
18642
18594
18643
18595
18644
18596
18645
18597
18646
18598
18647
18599
18648
18649
18601
18650
18602
18651
18603
18652
18604
18653
18605
18654
18606
18655
18607
18656
18608
18657
18609
18658
18610
18659
18611
18660
18612
18661
18613
18662
18614
18663
18615
18664
18616
18665
18617
18666
18618
18667
18619
18668
18620
18669
18621
18670
18622
18671
18623
18672
18624
18673
18625
18674
18626
18675
18627
18676
18628
18677
18629
18678
18630
18679
18631
18680
18632
18681
18633
18682
18634
18683
18635
18684
18636
18685
18637
18686
18638
18687
18639
18688
18640
18689
18641
18690
18642
18691
18643
18692
18644
18693
18645
18694
18646
18695
18647
18696
18648
18697
18649
18698
18699
18651
18700
18652
18701
18653
18702
18654
18703
18655
18704
18656
18705
18657
18706
18658
18707
18659
18708
18660
18709
18661
18710
18662
18711
18663
18712
18664
18713
18665
18714
18666
18715
18667
18716
18668
18717
18669
18718
18670
18719
18671
18720
18672
18721
18673
18722
18674
18723
18675
18724
18676
18725
18677
18726
18678
18727
18679
18728
18680
18729
18681
18730
18682
18731
18683
18732
18684
18733
18685
18734
18686
18735
18687
18736
18688
18737
18689
18738
18690
18739
18691
18740
18692
18741
18693
18742
18694
18743
18695
18744
18696
18745
18697
18746
18698
18747
18699
18748
18749
18701
18750
18702
18751
18703
18752
18704
18753
18705
18754
18706
18755
18707
18756
18708
18757
18709
18758
18710
18759
18711
18760
18712
18761
18713
18762
18714
18763
18715
18764
18716
18765
18717
18766
18718
18767
18719
18768
18720
18769
18721
18770
18722
18771
18723
18772
18724
18773
18725
18774
18726
18775
18727
18776
18728
18777
18729
18778
18730
18779
18731
18780
18732
18781
18733
18782
18734
18783
18735
18784
18736
18785
18737
18786
18738
18787
18739
18788
18740
18789
18741
18790
18742
18791
18743
18792
18744
18793
18745
18794
18746
18795
18747
18796
18748
18797
18749
18798
18799
18751
18800
18752
18801
18753
18802
18754
18803
18755
18804
18756
18805
18757
18806
18758
18807
18759
18808
18760
18809
18761
18810
18762
18811
18763
18812
18764
18813
18765
18814
18766
18815
18767
18816
18768
18817
18769
18818
18770
18819
18771
18820
18772
18821
18773
18822
18774
18823
18775
18824
18776
18825
18777
18826
18778
18827
18779
18828
18780
18829
18781
18830
18782
18831
18783
18832
18784
18833
18785
18834
18786
18835
18787
18836
18788
18837
18789
18838
18790
18839
18791
18840
18792
18841
18793
18842
18794
18843
18795
18844
18796
18845
18797
18846
18798
18847
18799
18848
18849
18801
18850
18802
18851
18803
18852
18804
18853
18805
18854
18806
18855
18807
18856
18808
18857
18809
18858
18810
18859
18811
18860
18812
18861
18813
18862
18814
18863
18815
18864
18816
18865
18817
18866
18818
18867
18819
18868
18820
18869
18821
18870
18822
18871
18823
18872
18824
18873
18825
18874
18826
18875
18827
18876
18828
18877
18829
18878
18830
18879
18831
18880
18832
18881
18833
18882
18834
18883
18835
18884
18836
18885
18837
18886
18838
18887
18839
18888
18840
18889
18841
18890
18842
18891
18843
18892
18844
18893
18845
18894
18846
18895
18847
18896
18848
18897
18849
18898
18899
18851
18900
18852
18901
18853
18902
18854
18903
18855
18904
18856
18905
18857
18906
18858
18907
18859
18908
18860
18909
18861
18910
18862
18911
18863
18912
18864
18913
18865
18914
18866
18915
18867
18916
18868
18917
18869
18918
18870
18919
18871
18920
18872
18921
18873
18922
18874
18923
18875
18924
18876
18925
18877
18926
18878
18927
18879
18928
18880
18929
18881
18930
18882
18931
18883
18932
18884
18933
18885
18934
18886
18935
18887
18936
18888
18937
18889
18938
18890
18939
18891
18940
18892
18941
18893
18942
18894
18943
18895
18944
18896
18945
18897
18946
18898
18947
18899
18948
18949
18901
18950
18902
18951
18903
18952
18904
18953
18905
18954
18906
18955
18907
18956
18908
18957
18909
18958
18910
18959
18911
18960
18912
18961
18913
18962
18914
18963
18915
18964
18916
18965
18917
18966
18918
18967
18919
18968
18920
18969
18921
18970
18922
18971
18923
18972
18924
18973
18925
18974
18926
18975
18927
18976
18928
18977
18929
18978
18930
18979
18931
18980
18932
18981
18933
18982
18934
18983
18935
18984
18936
18985
18937
18986
18938
18987
18939
18988
18940
18989
18941
18990
18942
18991
18943
18992
18944
18993
18945
18994
18946
18995
18947
18996
18948
18997
18949
18998
18999
18951
19000
18952
19001
18953
19002
18954
19003
18955
19004
18956
19005
18957
19006
18958
19007
18959
19008
18960
19009
18961
19010
18962
19011
18963
19012
18964
19013
18965
19014
18966
19015
18967
19016
18968
19017
18969
19018
18970
19019
18971
19020
18972
19021
18973
19022
18974
19023
18975
19024
18976
19025
18977
19026
18978
19027
18979
19028
18980
19029
18981
19030
18982
19031
18983
19032
18984
19033
18985
19034
18986
19035
18987
19036
18988
19037
18989
19038
18990
19039
18991
19040
18992
19041
18993
19042
18994
19043
18995
19044
18996
19045
18997
19046
18998
19047
18999
19048
19049
19001
19050
19002
19051
19003
19052
19004
19053
19005
19054
19006
19055
19007
19056
19008
19057
19009
19058
19010
19059
19011
19060
19012
19061
19013
19062
19014
19063
19015
19064
19016
19065
19017
19066
19018
19067
19019
19068
19020
19069
19021
19070
19022
19071
19023
19072
19024
19073
19025
19074
19026
19075
19027
19076
19028
19077
19029
19078
19030
19079
19031
19080
19032
19081
19033
19082
19034
19083
19035
19084
19036
19085
19037
19086
19038
19087
19039
19088
19040
19089
19041
19090
19042
19091
19043
19092
19044
19093
19045
19094
19046
19095
19047
19096
19048
19097
19049
19098
19099
19051
19100
19052
19101
19053
19102
19054
19103
19055
19104
19056
19105
19057
19106
19058
19107
19059
19108
19060
19109
19061
19110
19062
19111
19063
19112
19064
19113
19065
19114
19066
19115
19067
19116
19068
19117
19069
19118
19070
19119
19071
19120
19072
19121
19073
19122
19074
19123
19075
19124
19076
19125
19077
19126
19078
19127
19079
19128
19080
19129
19081
19130
19082
19131
19083
19132
19084
19133
19085
19134
19086
19135
19087
19136
19088
19137
19089
19138
19090
19139
19091
19140
19092
19141
19093
19142
19094
19143
19095
19144
19096
19145
19097
19146
19098
19147
19099
19148
19149
19101
19150
19102
19151
19103
19152
19104
19153
19105
19154
19106
19155
19107
19156
19108
19157
19109
19158
19110
19159
19111
19160
19112
19161
19113
19162
19114
19163
19115
19164
19116
19165
19117
19166
19118
19167
19119
19168
19120
19169
19121
19170
19122
19171
19123
19172
19124
19173
19125
19174
19126
19175
19127
19176
19128
19177
19129
19178
19130
19179
19131
19180
19132
19181
19133
19182
19134
19183
19135
19184
19136
19185
19137
19186
19138
19187
19139
19188
19140
19189
19141
19190
19142
19191
19143
19192
19144
19193
19145
19194
19146
19195
19147
19196
19148
19197
19149
19198
19199
19151
19200
19152
19201
19153
19202
19154
19203
19155
19204
19156
19205
19157
19206
19158
19207
19159
19208
19160
19209
19161
19210
19162
19211
19163
19212
19164
19213
19165
19214
19166
19215
19167
19216
19168
19217
19169
19218
19170
19219
19171
19220
19172
19221
19173
19222
19174
19223
19175
19224
19176
19225
19177
19226
19178
19227
19179
19228
19180
19229
19181
19230
19182
19231
19183
19232
19184
19233
19185
19234
19186
19235
19187
19236
19188
19237
19189
19238
19190
19239
19191
19240
19192
19241
19193
19242
19194
19243
19195
19244
19196
19245
19197
19246
19198
19247
19199
19248
19249
19201
19250
19202
19251
19203
19252
19204
19253
19205
19254
19206
19255
19207
19256
19208
19257
19209
19258
19210
19259
19211
19260
19212
19261
19213
19262
19214
19263
19215
19264
19216
19265
19217
19266
19218
19267
19219
19268
19220
19269
19221
19270
19222
19271
19223
19272
19224
19273
19225
19274
19226
19275
19227
19276
19228
19277
19229
19278
19230
19279
19231
19280
19232
19281
19233
19282
19234
19283
19235
19284
19236
19285
19237
19286
19238
19287
19239
19288
19240
19289
19241
19290
19242
19291
19243
19292
19244
19293
19245
19294
19246
19295
19247
19296
19248
19297
19249
19298
19299
19251
19300
19252
19301
19253
19302
19254
19303
19255
19304
19256
19305
19257
19306
19258
19307
19259
19308
19260
19309
19261
19310
19262
19311
19263
19312
19264
19313
19265
19314
19266
19315
19267
19316
19268
19317
19269
19318
19270
19319
19271
19320
19272
19321
19273
19322
19274
19323
19275
19324
19276
19325
19277
19326
19278
19327
19279
19328
19280
19329
19281
19330
19282
19331
19283
19332
19284
19333
19285
19334
19286
19335
19287
19336
19288
19337
19289
19338
19290
19339
19291
19340
19292
19341
19293
19342
19294
19343
19295
19344
19296
19345
19297
19346
19298
19347
19299
19348
19349
19301
19350
19302
19351
19303
19352
19304
19353
19305
19354
19306
19355
19307
19356
19308
19357
19309
19358
19310
19359
19311
19360
19312
19361
19313
19362
19314
19363
19315
19364
19316
19365
19317
19366
19318
19367
19319
19368
19320
19369
19321
19370
19322
19371
19323
19372
19324
19373
19325
19374
19326
19375
19327
19376
19328
19377
19329
19378
19330
19379
19331
19380
19332
19381
19333
19382
19334
19383
19335
19384
19336
19385
19337
19386
19338
19387
19339
19388
19340
19389
19341
19390
19342
19391
19343
19392
19344
19393
19345
19394
19346
19395
19347
19396
19348
19397
19349
19398
19399
19351
19400
19352
19401
19353
19402
19354
19403
19355
19404
19356
19405
19357
19406
19358
19407
19359
19408
19360
19409
19361
19410
19362
19411
19363
19412
19364
19413
19365
19414
19366
19415
19367
19416
19368
19417
19369
19418
19370
19419
19371
19420
19372
19421
19373
19422
19374
19423
19375
19424
19376
19425
19377
19426
19378
19427
19379
19428
19380
19429
19381
19430
19382
19431
19383
19432
19384
19433
19385
19434
19386
19435
19387
19436
19388
19437
19389
19438
19390
19439
19391
19440
19392
19441
19393
19442
19394
19443
19395
19444
19396
19445
19397
19446
19398
19447
19399
19448
19449
19401
19450
19402
19451
19403
19452
19404
19453
19405
19454
19406
19455
19407
19456
19408
19457
19409
19458
19410
19459
19411
19460
19412
19461
19413
19462
19414
19463
19415
19464
19416
19465
19417
19466
19418
19467
19419
19468
19420
19469
19421
19470
19422
19471
19423
19472
19424
19473
19425
19474
19426
19475
19427
19476
19428
19477
19429
19478
19430
19479
19431
19480
19432
19481
19433
19482
19434
19483
19435
19484
19436
19485
19437
19486
19438
19487
19439
19488
19440
19489
19441
19490
19442
19491
19443
19492
19444
19493
19445
19494
19446
19495
19447
19496
19448
19497
19449
19498
19499
19451
19500
19452
19501
19453
19502
19454
19503
19455
19504
19456
19505
19457
19506
19458
19507
19459
19508
19460
19509
19461
19510
19462
19511
19463
19512
19464
19513
19465
19514
19466
19515
19467
19516
19468
19517
19469
19518
19470
19519
19471
19520
19472
19521
19473
19522
19474
19523
19475
19524
19476
19525
19477
19526
19478
19527
19479
19528
19480
19529
19481
19530
19482
19531
19483
19532
19484
19533
19485
19534
19486
19535
19487
19536
19488
19537
19489
19538
19490
19539
19491
19540
19492
19541
19493
19542
19494
19543
19495
19544
19496
19545
19497
19546
19498
19547
19499
19548
19549
19501
19550
19502
19551
19503
19552
19504
19553
19505
19554
19506
19555
19507
19556
19508
19557
19509
19558
19510
19559
19511
19560
19512
19561
19513
19562
19514
19563
19515
19564
19516
19565
19517
19566
19518
19567
19519
19568
19520
19569
19521
19570
19522
19571
19523
19572
19524
19573
19525
19574
19526
19575
19527
19576
19528
19577
19529
19578
19530
19579
19531
19580
19532
19581
19533
19582
19534
19583
19535
19584
19536
19585
19537
19586
19538
19587
19539
19588
19540
19589
19541
19590
19542
19591
19543
19592
19544
19593
19545
19594
19546
19595
19547
19596
19548
19597
19549
19598
19599
19551
19600
19552
19601
19553
19602
19554
19603
19555
19604
19556
19605
19557
19606
19558
19607
19559
19608
19560
19609
19561
19610
19562
19611
19563
19612
19564
19613
19565
19614
19566
19615
19567
19616
19568
19617
19569
19618
19570
19619
19571
19620
19572
19621
19573
19622
19574
19623
19575
19624
19576
19625
19577
19626
19578
19627
19579
19628
19580
19629
19581
19630
19582
19631
19583
19632
19584
19633
19585
19634
19586
19635
19587
19636
19588
19637
19589
19638
19590
19639
19591
19640
19592
19641
19593
19642
19594
19643
19595
19644
19596
19645
19597
19646
19598
19647
19599
19648
19649
19601
19650
19602
19651
19603
19652
19604
19653
19605
19654
19606
19655
19607
19656
19608
19657
19609
19658
19610
19659
19611
19660
19612
19661
19613
19662
19614
19663
19615
19664
19616
19665
19617
19666
19618
19667
19619
19668
19620
19669
19621
19670
19622
19671
19623
19672
19624
19673
19625
19674
19626
19675
19627
19676
19628
19677
19629
19678
19630
19679
19631
19680
19632
19681
19633
19682
19634
19683
19635
19684
19636
19685
19637
19686
19638
19687
19639
19688
19640
19689
19641
19690
19642
19691
19643
19692
19644
19693
19645
19694
19646
19695
19647
19696
19648
19697
19649
19698
19699
19651
19700
19652
19701
19653
19702
19654
19703
19655
19704
19656
19705
19657
19706
19658
19707
19659
19708
19660
19709
19661
19710
19662
19711
19663
19712
19664
19713
19665
19714
19666
19715
19667
19716
19668
19717
19669
19718
19670
19719
19671
19720
19672
19721
19673
19722
19674
19723
19675
19724
19676
19725
19677
19726
19678
19727
19679
19728
19680
19729
19681
19730
19682
19731
19683
19732
19684
19733
19685
19734
19686
19735
19687
19736
19688
19737
19689
19738
19690
19739
19691
19740
19692
19741
19693
19742
19694
19743
19695
19744
19696
19745
19697
19746
19698
19747
19699
19748
19749
19701
19750
19702
19751
19703
19752
19704
19753
19705
19754
19706
19755
19707
19756
19708
19757
19709
19758
19710
19759
19711
19760
19712
19761
19713
19762
19714
19763
19715
19764
19716
19765
19717
19766
19718
19767
19719
19768
19720
19769
19721
19770
19722
19771
19723
19772
19724
19773
19725
19774
19726
19775
19727
19776
19728
19777
19729
19778
19730
19779
19731
19780
19732
19781
19733
19782
19734
19783
19735
19784
19736
19785
19737
19786
19738
19787
19739
19788
19740
19789
19741
19790
19742
19791
19743
19792
19744
19793
19745
19794
19746
19795
19747
19796
19748
19797
19749
19798
19799
19751
19800
19752
19801
19753
19802
19754
19803
19755
19804
19756
19805
19757
19806
19758
19807
19759
19808
19760
19809
19761
19810
19762
19811
19763
19812
19764
19813
19765
19814
19766
19815
19767
19816
19768
19817
19769
19818
19770
19819
19771
19820
19772
19821
19773
19822
19774
19823
19775
19824
19776
19825
19777
19826
19778
19827
19779
19828
19780
19829
19781
19830
19782
19831
19783
19832
19784
19833
19785
19834
19786
19835
19787
19836
19788
19837
19789
19838
19790
19839
19791
19840
19792
19841
19793
19842
19794
19843
19795
19844
19796
19845
19797
19846
19798
19847
19799
19848
19849
19801
19850
19802
19851
19803
19852
19804
19853
19805
19854
19806
19855
19807
19856
19808
19857
19809
19858
19810
19859
19811
19860
19812
19861
19813
19862
19814
19863
19815
19864
19816
19865
19817
19866
19818
19867
19819
19868
19820
19869
19821
19870
19822
19871
19823
19872
19824
19873
19825
19874
19826
19875
19827
19876
19828
19877
19829
19878
19830
19879
19831
19880
19832
19881
19833
19882
19834
19883
19835
19884
19836
19885
19837
19886
19838
19887
19839
19888
19840
19889
19841
19890
19842
19891
19843
19892
19844
19893
19845
19894
19846
19895
19847
19896
19848
19897
19849
19898
19899
19851
19900
19852
19901
19853
19902
19854
19903
19855
19904
19856
19905
19857
19906
19858
19907
19859
19908
19860
19909
19861
19910
19862
19911
19863
19912
19864
19913
19865
19914
19866
19915
19867
19916
19868
19917
19869
19918
19870
19919
19871
19920
19872
19921
19873
19922
19874
19923
19875
19924
19876
19925
19877
19926
19878
19927
19879
19928
19880
19929
19881
19930
19882
19931
19883
19932
19884
19933
19885
19934
19886
19935
19887
19936
19888
19937
19889
19938
19890
19939
19891
19940
19892
19941
19893
19942
19894
19943
19895
19944
19896
19945
19897
19946
19898
19947
19899
19948
19949
19901
19950
19902
19951
19903
19952
19904
19953
19905
19954
19906
19955
19907
19956
19908
19957
19909
19958
19910
19959
19911
19960
19912
19961
19913
19962
19914
19963
19915
19964
19916
19965
19917
19966
19918
19967
19919
19968
19920
19969
19921
19970
19922
19971
19923
19972
19924
19973
19925
19974
19926
19975
19927
19976
19928
19977
19929
19978
19930
19979
19931
19980
19932
19981
19933
19982
19934
19983
19935
19984
19936
19985
19937
19986
19938
19987
19939
19988
19940
19989
19941
19990
19942
19991
19943
19992
19944
19993
19945
19994
19946
19995
19947
19996
19948
19997
19949
19998
19999
19951
19952
19953
19954
19955
19956
19957
19958
19959
19960
19961
19962
19963
19964
19965
19966
19967
19968
19969
19970
19971
19972
19973
19974
19975
19976
19977
19978
19979
19980
19981
19982
19983
19984
19985
19986
19987
19988
19989
19990
19991
19992
19993
19994
19995
19996
19997
19998
19999
)


// ************************************************************************* //
